LetterID,Collection,Period,SenderID,SenderFirstName,SenderLastName,SenderGender,SenderCurrentRank,SenderHighestRank,SenderStatus,SenderAge,SenderYearOfBirth,SenderAgeGroup,SenderRegion,SenderSocialMobility,SenderEducation,SenderDNB,RecipientID,RecipientFirstName,RecipientLastName,RecipientGender,RecipientCurrentRank,RecipientHighestRank,RecipientStatus,RecipientDNB,RelationshipCode,Relationship,LetterAuthenticity,Year,YearUncertain,MultipleSenders,MultipleRecipients,LetterNotes,CorrespondentNotes,WordCount,Source,PageNumber,ActiveMin,ActiveMax,author_id,doc_id,date
BOWREY_001,Bowrey,1680-1699,TBOWREY,Thomas,Bowrey,M,Merchant,M,merchant,37.0,1650.0,30-39,Home Counties,,Unknown,http://www.oxforddnb.com/view/article/57447,JDAVIS,John,Davis,M,M,M,merchant,,Other,India merchants known to each other,A,1687,N,N,Y,,Other recipients: the EIC council in Cuddalore.,696,"A Geographical Account of Countries Round the Bay of Bengal, 1669 to 1679, by Thomas Bowrey. Ed. by Sir Richard Carnac Temple. Cambridge: Hakluyt Society, 1905. Hakluyt Society Second Series No. XII.",xxxi-xxxiii,1680,1699,TBOWREY,BOWREY_001,1687
BOWREY_002,Bowrey,1680-1699,TBOWREY,Thomas,Bowrey,M,Merchant,M,merchant,37.0,1650.0,30-39,Home Counties,,Unknown,http://www.oxforddnb.com/view/article/57447,JDAVIS,John,Davis,M,M,M,merchant,,Other,India merchants known to each other,A,1687,N,N,N,,,186,"A Geographical Account of Countries Round the Bay of Bengal, 1669 to 1679, by Thomas Bowrey. Ed. by Sir Richard Carnac Temple. Cambridge: Hakluyt Society, 1905. Hakluyt Society Second Series No. XII.",xxxiii,1680,1699,TBOWREY,BOWREY_002,1687
BOWREY_009,Bowrey,1700-1719,TBOWREY,Thomas,Bowrey,M,Merchant,M,merchant,54.0,1650.0,50-59,Home Counties,,Unknown,http://www.oxforddnb.com/view/article/57447,JDUPUY,Joseph,Dupuy,M,M,M,merchant,,Other,employer - employee,A,1704,N,N,Y,,Other recipients: Captain Tolson and Mr. Griffin.,560,"The Papers of Thomas Bowrey 1669-1713. Ed. by Sir Richard Carnac Temple. London: Hakluyt Society, 1925. Hakluyt Society Second Series No. LVIII.",204-6,1700,1719,TBOWREY,BOWREY_009,1704
BOWREY_010,Bowrey,1700-1719,TBOWREY,Thomas,Bowrey,M,Merchant,M,merchant,54.0,1650.0,50-59,Home Counties,,Unknown,http://www.oxforddnb.com/view/article/57447,JTOLSON,Joseph,Tolson,M,P,P,mariner & merchant,,Other,ship's owner - captain,A,1704,N,N,Y,,Other recipients: Mr. Dupuy and Mr. Griffin.,154,"The Papers of Thomas Bowrey 1669-1713. Ed. by Sir Richard Carnac Temple. London: Hakluyt Society, 1925. Hakluyt Society Second Series No. LVIII.",206,1700,1719,TBOWREY,BOWREY_010,1704
BOWREY_013,Bowrey,1700-1719,TBOWREY,Thomas,Bowrey,M,Merchant,M,merchant,54.0,1650.0,50-59,Home Counties,,Unknown,http://www.oxforddnb.com/view/article/57447,JTOLSON,Joseph,Tolson,M,P,P,mariner & merchant,,Other,ship's owner - captain,A,1704,N,N,Y,,Other recipients: Mr. Dupuy and Mr. Griffin.,293,"The Papers of Thomas Bowrey 1669-1713. Ed. by Sir Richard Carnac Temple. London: Hakluyt Society, 1925. Hakluyt Society Second Series No. LVIII.",212-213,1700,1719,TBOWREY,BOWREY_013,1704
BOWREY_014,Bowrey,1700-1719,TBOWREY,Thomas,Bowrey,M,Merchant,M,merchant,54.0,1650.0,50-59,Home Counties,,Unknown,http://www.oxforddnb.com/view/article/57447,JTOLSON,Joseph,Tolson,M,P,P,mariner & merchant,,Other,ship's owner - captain,A,1704,N,N,Y,,Other recipients: Mr. Dupuy and Mr. Griffin.,275,"The Papers of Thomas Bowrey 1669-1713. Ed. by Sir Richard Carnac Temple. London: Hakluyt Society, 1925. Hakluyt Society Second Series No. LVIII.",214-215,1700,1719,TBOWREY,BOWREY_014,1704
BOWREY_015,Bowrey,1700-1719,TBOWREY,Thomas,Bowrey,M,Merchant,M,merchant,54.0,1650.0,50-59,Home Counties,,Unknown,http://www.oxforddnb.com/view/article/57447,JTOLSON,Joseph,Tolson,M,P,P,mariner & merchant,,Other,ship's owner - captain,A,1704,N,N,Y,,Other recipients: Mr. Dupuy and Mr. Griffin.,383,"The Papers of Thomas Bowrey 1669-1713. Ed. by Sir Richard Carnac Temple. London: Hakluyt Society, 1925. Hakluyt Society Second Series No. LVIII.",215-216,1700,1719,TBOWREY,BOWREY_015,1704
BOWREY_016,Bowrey,1700-1719,TBOWREY,Thomas,Bowrey,M,Merchant,M,merchant,54.0,1650.0,50-59,Home Counties,,Unknown,http://www.oxforddnb.com/view/article/57447,CSHERER,Charles,Sherer,M,M,M,merchant and free mariner,,Other,husband of Bowrey's friend,A,1704,N,N,N,au. copy (draft?),,305,"The Papers of Thomas Bowrey 1669-1713. Ed. by Sir Richard Carnac Temple. London: Hakluyt Society, 1925. Hakluyt Society Second Series No. LVIII.",226-227,1700,1719,TBOWREY,BOWREY_016,1704
BOWREY_017,Bowrey,1700-1719,TBOWREY,Thomas,Bowrey,M,Merchant,M,merchant,54.0,1650.0,50-59,Home Counties,,Unknown,http://www.oxforddnb.com/view/article/57447,RLESLY,Robert,Lesly,M,M,M,merchant,,Other,son of Bowrey's friend,A,1704,N,N,N,au. copy (draft?),,306,"The Papers of Thomas Bowrey 1669-1713. Ed. by Sir Richard Carnac Temple. London: Hakluyt Society, 1925. Hakluyt Society Second Series No. LVIII.",227-228,1700,1719,TBOWREY,BOWREY_017,1704
BOWREY_018,Bowrey,1700-1719,TBOWREY,Thomas,Bowrey,M,Merchant,M,merchant,54.0,1650.0,50-59,Home Counties,,Unknown,http://www.oxforddnb.com/view/article/57447,JBEARD,John,Beard,M,M,M,merchant,,Other,India merchants known to each other,A,1704,N,N,N,au. copy (draft?),,151,"The Papers of Thomas Bowrey 1669-1713. Ed. by Sir Richard Carnac Temple. London: Hakluyt Society, 1925. Hakluyt Society Second Series No. LVIII.",229,1700,1719,TBOWREY,BOWREY_018,1704
BOWREY_019,Bowrey,1700-1719,TBOWREY,Thomas,Bowrey,M,Merchant,M,merchant,54.0,1650.0,50-59,Home Counties,,Unknown,http://www.oxforddnb.com/view/article/57447,TPITT,Thomas,Pitt,M,GL,GL,merchant and politician (gentry),http://www.oxforddnb.com/view/article/22333,Other,India merchants known to each other,A,1704,N,N,N,au. copy (draft?),,204,"The Papers of Thomas Bowrey 1669-1713. Ed. by Sir Richard Carnac Temple. London: Hakluyt Society, 1925. Hakluyt Society Second Series No. LVIII.",230,1700,1719,TBOWREY,BOWREY_019,1704
FLEMIN2_002,Fleming 2,1680-1699,HFLEMING,Henry,Fleming,M,Clergy Lower,CL,"rector of Grasmere 1685, rector of Asby 1694-1728",22.0,1659.0,20-29,Northern England,D,Higher: Oxbridge,,DFLEMING,Daniel,Fleming,M,GU,GU,gentry upper: knight,http://www.oxforddnb.com/view/article/9697,Family: Nuclear,son - father,A,1681,N,N,N,,,241,"The Flemings in Oxford Being Documents Selected from the Rydal Papers in Illustration of the Lives and Ways of Oxford Men 1650-1700. Vol. II 1680-1690. Ed. by Magrath, John Richard. Oxford Historical Society 62. 1913.",5,1680,1699,HFLEMING,FLEMIN2_002,1681
FLEMIN2_004,Fleming 2,1680-1699,HFLEMING,Henry,Fleming,M,Clergy Lower,CL,"rector of Grasmere 1685, rector of Asby 1694-1728",22.0,1659.0,20-29,Northern England,D,Higher: Oxbridge,,DFLEMING,Daniel,Fleming,M,GU,GU,gentry upper: knight,http://www.oxforddnb.com/view/article/9697,Family: Nuclear,son - father,A,1681,N,N,N,,,179,"The Flemings in Oxford Being Documents Selected from the Rydal Papers in Illustration of the Lives and Ways of Oxford Men 1650-1700. Vol. II 1680-1690. Ed. by Magrath, John Richard. Oxford Historical Society 62. 1913.",8,1680,1699,HFLEMING,FLEMIN2_004,1681
FLEMIN2_006,Fleming 2,1680-1699,HFLEMING,Henry,Fleming,M,Clergy Lower,CL,"rector of Grasmere 1685, rector of Asby 1694-1728",22.0,1659.0,20-29,Northern England,D,Higher: Oxbridge,,DFLEMING,Daniel,Fleming,M,GU,GU,gentry upper: knight,http://www.oxforddnb.com/view/article/9697,Family: Nuclear,son - father,A,1681,N,N,N,,,261,"The Flemings in Oxford Being Documents Selected from the Rydal Papers in Illustration of the Lives and Ways of Oxford Men 1650-1700. Vol. II 1680-1690. Ed. by Magrath, John Richard. Oxford Historical Society 62. 1913.",13,1680,1699,HFLEMING,FLEMIN2_006,1681
FLEMIN2_007,Fleming 2,1680-1699,H2BROUGHAM,Henry Jr.,Brougham,M,Clergy Lower,CL,"clergy lower: prebendary of Asgarby; professional: fellow of Queen's College, Oxford",16.0,1665.0,10-19,Other,N,Higher: Oxbridge,http://www.oxforddnb.com/view/article/3580,DFLEMING,Daniel,Fleming,M,GU,GU,gentry upper: knight,http://www.oxforddnb.com/view/article/9697,Family: Other,godson - godfather,A,1681,N,N,N,,,188,"The Flemings in Oxford Being Documents Selected from the Rydal Papers in Illustration of the Lives and Ways of Oxford Men 1650-1700. Vol. II 1680-1690. Ed. by Magrath, John Richard. Oxford Historical Society 62. 1913.",20,1680,1699,H2BROUGHAM,FLEMIN2_007,1681
FLEMIN2_008,Fleming 2,1680-1699,HFLEMING,Henry,Fleming,M,Clergy Lower,CL,"rector of Grasmere 1685, rector of Asby 1694-1728",22.0,1659.0,20-29,Northern England,D,Higher: Oxbridge,,DFLEMING,Daniel,Fleming,M,GU,GU,gentry upper: knight,http://www.oxforddnb.com/view/article/9697,Family: Nuclear,son - father,A,1681,N,N,N,,,169,"The Flemings in Oxford Being Documents Selected from the Rydal Papers in Illustration of the Lives and Ways of Oxford Men 1650-1700. Vol. II 1680-1690. Ed. by Magrath, John Richard. Oxford Historical Society 62. 1913.",20,1680,1699,HFLEMING,FLEMIN2_008,1681
FLEMIN2_013,Fleming 2,1680-1699,H2BROUGHAM,Henry Jr.,Brougham,M,Clergy Lower,CL,"clergy lower: prebendary of Asgarby; professional: fellow of Queen's College, Oxford",16.0,1665.0,10-19,Other,N,Higher: Oxbridge,http://www.oxforddnb.com/view/article/3580,DFLEMING,Daniel,Fleming,M,GU,GU,gentry upper: knight,http://www.oxforddnb.com/view/article/9697,Family: Other,godson - godfather,A,1681,N,N,N,,,176,"The Flemings in Oxford Being Documents Selected from the Rydal Papers in Illustration of the Lives and Ways of Oxford Men 1650-1700. Vol. II 1680-1690. Ed. by Magrath, John Richard. Oxford Historical Society 62. 1913.",35,1680,1699,H2BROUGHAM,FLEMIN2_013,1681
FLEMIN2_014,Fleming 2,1680-1699,HFLEMING,Henry,Fleming,M,Clergy Lower,CL,"rector of Grasmere 1685, rector of Asby 1694-1728",22.0,1659.0,20-29,Northern England,D,Higher: Oxbridge,,DFLEMING,Daniel,Fleming,M,GU,GU,gentry upper: knight,http://www.oxforddnb.com/view/article/9697,Family: Nuclear,son - father,A,1681,N,N,N,,,164,"The Flemings in Oxford Being Documents Selected from the Rydal Papers in Illustration of the Lives and Ways of Oxford Men 1650-1700. Vol. II 1680-1690. Ed. by Magrath, John Richard. Oxford Historical Society 62. 1913.",36,1680,1699,HFLEMING,FLEMIN2_014,1681
FLEMIN2_017,Fleming 2,1680-1699,HFLEMING,Henry,Fleming,M,Clergy Lower,CL,"rector of Grasmere 1685, rector of Asby 1694-1728",23.0,1659.0,20-29,Northern England,D,Higher: Oxbridge,,DFLEMING,Daniel,Fleming,M,GU,GU,gentry upper: knight,http://www.oxforddnb.com/view/article/9697,Family: Nuclear,son - father,A,1682,N,N,N,,,163,"The Flemings in Oxford Being Documents Selected from the Rydal Papers in Illustration of the Lives and Ways of Oxford Men 1650-1700. Vol. II 1680-1690. Ed. by Magrath, John Richard. Oxford Historical Society 62. 1913.",42,1680,1699,HFLEMING,FLEMIN2_017,1682
FLEMIN2_020,Fleming 2,1680-1699,HFLEMING,Henry,Fleming,M,Clergy Lower,CL,"rector of Grasmere 1685, rector of Asby 1694-1728",23.0,1659.0,20-29,Northern England,D,Higher: Oxbridge,,DFLEMING,Daniel,Fleming,M,GU,GU,gentry upper: knight,http://www.oxforddnb.com/view/article/9697,Family: Nuclear,son - father,A,1682,N,N,N,,,161,"The Flemings in Oxford Being Documents Selected from the Rydal Papers in Illustration of the Lives and Ways of Oxford Men 1650-1700. Vol. II 1680-1690. Ed. by Magrath, John Richard. Oxford Historical Society 62. 1913.",51,1680,1699,HFLEMING,FLEMIN2_020,1682
FLEMIN2_024,Fleming 2,1680-1699,H2BROUGHAM,Henry Jr.,Brougham,M,Clergy Lower,CL,"clergy lower: prebendary of Asgarby; professional: fellow of Queen's College, Oxford",17.0,1665.0,10-19,Other,N,Higher: Oxbridge,http://www.oxforddnb.com/view/article/3580,DFLEMING,Daniel,Fleming,M,GU,GU,gentry upper: knight,http://www.oxforddnb.com/view/article/9697,Family: Other,godson - godfather,A,1682,N,N,N,,,206,"The Flemings in Oxford Being Documents Selected from the Rydal Papers in Illustration of the Lives and Ways of Oxford Men 1650-1700. Vol. II 1680-1690. Ed. by Magrath, John Richard. Oxford Historical Society 62. 1913.",64,1680,1699,H2BROUGHAM,FLEMIN2_024,1682
FLEMIN2_026,Fleming 2,1680-1699,HFLEMING,Henry,Fleming,M,Clergy Lower,CL,"rector of Grasmere 1685, rector of Asby 1694-1728",23.0,1659.0,20-29,Northern England,D,Higher: Oxbridge,,DFLEMING,Daniel,Fleming,M,GU,GU,gentry upper: knight,http://www.oxforddnb.com/view/article/9697,Family: Nuclear,son - father,A,1682,N,N,N,,,159,"The Flemings in Oxford Being Documents Selected from the Rydal Papers in Illustration of the Lives and Ways of Oxford Men 1650-1700. Vol. II 1680-1690. Ed. by Magrath, John Richard. Oxford Historical Society 62. 1913.",66,1680,1699,HFLEMING,FLEMIN2_026,1682
FLEMIN2_027,Fleming 2,1680-1699,HFLEMING,Henry,Fleming,M,Clergy Lower,CL,"rector of Grasmere 1685, rector of Asby 1694-1728",23.0,1659.0,20-29,Northern England,D,Higher: Oxbridge,,DFLEMING,Daniel,Fleming,M,GU,GU,gentry upper: knight,http://www.oxforddnb.com/view/article/9697,Family: Nuclear,son - father,A,1682,N,N,N,,,159,"The Flemings in Oxford Being Documents Selected from the Rydal Papers in Illustration of the Lives and Ways of Oxford Men 1650-1700. Vol. II 1680-1690. Ed. by Magrath, John Richard. Oxford Historical Society 62. 1913.",69,1680,1699,HFLEMING,FLEMIN2_027,1682
FLEMIN2_030,Fleming 2,1680-1699,HFLEMING,Henry,Fleming,M,Clergy Lower,CL,"rector of Grasmere 1685, rector of Asby 1694-1728",23.0,1659.0,20-29,Northern England,D,Higher: Oxbridge,,DFLEMING,Daniel,Fleming,M,GU,GU,gentry upper: knight,http://www.oxforddnb.com/view/article/9697,Family: Nuclear,son - father,A,1682,N,N,N,,,163,"The Flemings in Oxford Being Documents Selected from the Rydal Papers in Illustration of the Lives and Ways of Oxford Men 1650-1700. Vol. II 1680-1690. Ed. by Magrath, John Richard. Oxford Historical Society 62. 1913.",74,1680,1699,HFLEMING,FLEMIN2_030,1682
FLEMIN2_034,Fleming 2,1680-1699,HFLEMING,Henry,Fleming,M,Clergy Lower,CL,"rector of Grasmere 1685, rector of Asby 1694-1728",24.0,1659.0,20-29,Northern England,D,Higher: Oxbridge,,DFLEMING,Daniel,Fleming,M,GU,GU,gentry upper: knight,http://www.oxforddnb.com/view/article/9697,Family: Nuclear,son - father,A,1683,N,N,N,,,227,"The Flemings in Oxford Being Documents Selected from the Rydal Papers in Illustration of the Lives and Ways of Oxford Men 1650-1700. Vol. II 1680-1690. Ed. by Magrath, John Richard. Oxford Historical Society 62. 1913.",82,1680,1699,HFLEMING,FLEMIN2_034,1683
FLEMIN2_036,Fleming 2,1680-1699,HFLEMING,Henry,Fleming,M,Clergy Lower,CL,"rector of Grasmere 1685, rector of Asby 1694-1728",24.0,1659.0,20-29,Northern England,D,Higher: Oxbridge,,DFLEMING,Daniel,Fleming,M,GU,GU,gentry upper: knight,http://www.oxforddnb.com/view/article/9697,Family: Nuclear,son - father,A,1683,N,N,N,,,258,"The Flemings in Oxford Being Documents Selected from the Rydal Papers in Illustration of the Lives and Ways of Oxford Men 1650-1700. Vol. II 1680-1690. Ed. by Magrath, John Richard. Oxford Historical Society 62. 1913.",87,1680,1699,HFLEMING,FLEMIN2_036,1683
FLEMIN2_038,Fleming 2,1680-1699,H2BROUGHAM,Henry Jr.,Brougham,M,Clergy Lower,CL,"clergy lower: prebendary of Asgarby; professional: fellow of Queen's College, Oxford",18.0,1665.0,10-19,Other,N,Higher: Oxbridge,http://www.oxforddnb.com/view/article/3580,DFLEMING,Daniel,Fleming,M,GU,GU,gentry upper: knight,http://www.oxforddnb.com/view/article/9697,Family: Other,godson - godfather,A,1683,N,N,N,,,183,"The Flemings in Oxford Being Documents Selected from the Rydal Papers in Illustration of the Lives and Ways of Oxford Men 1650-1700. Vol. II 1680-1690. Ed. by Magrath, John Richard. Oxford Historical Society 62. 1913.",90,1680,1699,H2BROUGHAM,FLEMIN2_038,1683
FLEMIN2_040,Fleming 2,1680-1699,H2BROUGHAM,Henry Jr.,Brougham,M,Clergy Lower,CL,"clergy lower: prebendary of Asgarby; professional: fellow of Queen's College, Oxford",18.0,1665.0,10-19,Other,N,Higher: Oxbridge,http://www.oxforddnb.com/view/article/3580,DFLEMING,Daniel,Fleming,M,GU,GU,gentry upper: knight,http://www.oxforddnb.com/view/article/9697,Family: Other,godson - godfather,A,1683,N,N,N,,,192,"The Flemings in Oxford Being Documents Selected from the Rydal Papers in Illustration of the Lives and Ways of Oxford Men 1650-1700. Vol. II 1680-1690. Ed. by Magrath, John Richard. Oxford Historical Society 62. 1913.",96,1680,1699,H2BROUGHAM,FLEMIN2_040,1683
FLEMIN2_041,Fleming 2,1680-1699,HFLEMING,Henry,Fleming,M,Clergy Lower,CL,"rector of Grasmere 1685, rector of Asby 1694-1728",24.0,1659.0,20-29,Northern England,D,Higher: Oxbridge,,DFLEMING,Daniel,Fleming,M,GU,GU,gentry upper: knight,http://www.oxforddnb.com/view/article/9697,Family: Nuclear,son - father,A,1683,N,N,N,,,121,"The Flemings in Oxford Being Documents Selected from the Rydal Papers in Illustration of the Lives and Ways of Oxford Men 1650-1700. Vol. II 1680-1690. Ed. by Magrath, John Richard. Oxford Historical Society 62. 1913.",96,1680,1699,HFLEMING,FLEMIN2_041,1683
FLEMIN2_042,Fleming 2,1680-1699,HFLEMING,Henry,Fleming,M,Clergy Lower,CL,"rector of Grasmere 1685, rector of Asby 1694-1728",24.0,1659.0,20-29,Northern England,D,Higher: Oxbridge,,DFLEMING,Daniel,Fleming,M,GU,GU,gentry upper: knight,http://www.oxforddnb.com/view/article/9697,Family: Nuclear,son - father,A,1683,N,N,N,,,172,"The Flemings in Oxford Being Documents Selected from the Rydal Papers in Illustration of the Lives and Ways of Oxford Men 1650-1700. Vol. II 1680-1690. Ed. by Magrath, John Richard. Oxford Historical Society 62. 1913.",97,1680,1699,HFLEMING,FLEMIN2_042,1683
FLEMIN2_043,Fleming 2,1680-1699,HFLEMING,Henry,Fleming,M,Clergy Lower,CL,"rector of Grasmere 1685, rector of Asby 1694-1728",24.0,1659.0,20-29,Northern England,D,Higher: Oxbridge,,DFLEMING,Daniel,Fleming,M,GU,GU,gentry upper: knight,http://www.oxforddnb.com/view/article/9697,Family: Nuclear,son - father,A,1683,N,N,N,,,169,"The Flemings in Oxford Being Documents Selected from the Rydal Papers in Illustration of the Lives and Ways of Oxford Men 1650-1700. Vol. II 1680-1690. Ed. by Magrath, John Richard. Oxford Historical Society 62. 1913.",98,1680,1699,HFLEMING,FLEMIN2_043,1683
FLEMIN2_045,Fleming 2,1680-1699,H2BROUGHAM,Henry Jr.,Brougham,M,Clergy Lower,CL,"clergy lower: prebendary of Asgarby; professional: fellow of Queen's College, Oxford",18.0,1665.0,10-19,Other,N,Higher: Oxbridge,http://www.oxforddnb.com/view/article/3580,DFLEMING,Daniel,Fleming,M,GU,GU,gentry upper: knight,http://www.oxforddnb.com/view/article/9697,Family: Other,godson - godfather,A,1683,N,N,N,,,167,"The Flemings in Oxford Being Documents Selected from the Rydal Papers in Illustration of the Lives and Ways of Oxford Men 1650-1700. Vol. II 1680-1690. Ed. by Magrath, John Richard. Oxford Historical Society 62. 1913.",102,1680,1699,H2BROUGHAM,FLEMIN2_045,1683
FLEMIN2_048,Fleming 2,1680-1699,HFLEMING,Henry,Fleming,M,Clergy Lower,CL,"rector of Grasmere 1685, rector of Asby 1694-1728",25.0,1659.0,20-29,Northern England,D,Higher: Oxbridge,,DFLEMING,Daniel,Fleming,M,GU,GU,gentry upper: knight,http://www.oxforddnb.com/view/article/9697,Family: Nuclear,son - father,A,1684,N,N,N,,,303,"The Flemings in Oxford Being Documents Selected from the Rydal Papers in Illustration of the Lives and Ways of Oxford Men 1650-1700. Vol. II 1680-1690. Ed. by Magrath, John Richard. Oxford Historical Society 62. 1913.",115,1680,1699,HFLEMING,FLEMIN2_048,1684
FLEMIN2_049,Fleming 2,1680-1699,HFLEMING,Henry,Fleming,M,Clergy Lower,CL,"rector of Grasmere 1685, rector of Asby 1694-1728",25.0,1659.0,20-29,Northern England,D,Higher: Oxbridge,,DFLEMING,Daniel,Fleming,M,GU,GU,gentry upper: knight,http://www.oxforddnb.com/view/article/9697,Family: Nuclear,son - father,A,1684,N,N,N,,,173,"The Flemings in Oxford Being Documents Selected from the Rydal Papers in Illustration of the Lives and Ways of Oxford Men 1650-1700. Vol. II 1680-1690. Ed. by Magrath, John Richard. Oxford Historical Society 62. 1913.",120,1680,1699,HFLEMING,FLEMIN2_049,1684
FLEMIN2_051,Fleming 2,1680-1699,H2BROUGHAM,Henry Jr.,Brougham,M,Clergy Lower,CL,"clergy lower: prebendary of Asgarby; professional: fellow of Queen's College, Oxford",19.0,1665.0,10-19,Other,N,Higher: Oxbridge,http://www.oxforddnb.com/view/article/3580,DFLEMING,Daniel,Fleming,M,GU,GU,gentry upper: knight,http://www.oxforddnb.com/view/article/9697,Family: Other,godson - godfather,A,1684,N,N,N,,,235,"The Flemings in Oxford Being Documents Selected from the Rydal Papers in Illustration of the Lives and Ways of Oxford Men 1650-1700. Vol. II 1680-1690. Ed. by Magrath, John Richard. Oxford Historical Society 62. 1913.",129,1680,1699,H2BROUGHAM,FLEMIN2_051,1684
FLEMIN2_053,Fleming 2,1680-1699,HFLEMING,Henry,Fleming,M,Clergy Lower,CL,"rector of Grasmere 1685, rector of Asby 1694-1728",26.0,1659.0,20-29,Northern England,D,Higher: Oxbridge,,DFLEMING,Daniel,Fleming,M,GU,GU,gentry upper: knight,http://www.oxforddnb.com/view/article/9697,Family: Nuclear,son - father,A,1685,N,N,N,,,142,"The Flemings in Oxford Being Documents Selected from the Rydal Papers in Illustration of the Lives and Ways of Oxford Men 1650-1700. Vol. II 1680-1690. Ed. by Magrath, John Richard. Oxford Historical Society 62. 1913.",133,1680,1699,HFLEMING,FLEMIN2_053,1685
FLEMIN2_055,Fleming 2,1680-1699,HFLEMING,Henry,Fleming,M,Clergy Lower,CL,"rector of Grasmere 1685, rector of Asby 1694-1728",26.0,1659.0,20-29,Northern England,D,Higher: Oxbridge,,DFLEMING,Daniel,Fleming,M,GU,GU,gentry upper: knight,http://www.oxforddnb.com/view/article/9697,Family: Nuclear,son - father,A,1685,N,N,N,,,299,"The Flemings in Oxford Being Documents Selected from the Rydal Papers in Illustration of the Lives and Ways of Oxford Men 1650-1700. Vol. II 1680-1690. Ed. by Magrath, John Richard. Oxford Historical Society 62. 1913.",140,1680,1699,HFLEMING,FLEMIN2_055,1685
FLEMIN2_056,Fleming 2,1680-1699,HFLEMING,Henry,Fleming,M,Clergy Lower,CL,"rector of Grasmere 1685, rector of Asby 1694-1728",26.0,1659.0,20-29,Northern England,D,Higher: Oxbridge,,DFLEMING,Daniel,Fleming,M,GU,GU,gentry upper: knight,http://www.oxforddnb.com/view/article/9697,Family: Nuclear,son - father,A,1685,N,N,N,,,228,"The Flemings in Oxford Being Documents Selected from the Rydal Papers in Illustration of the Lives and Ways of Oxford Men 1650-1700. Vol. II 1680-1690. Ed. by Magrath, John Richard. Oxford Historical Society 62. 1913.",142,1680,1699,HFLEMING,FLEMIN2_056,1685
FLEMIN2_057,Fleming 2,1680-1699,TSMITH,THOMAS,SMITH,M,Clergy Upper,CU,clergy upper; bishop of Carlisle,71.0,1614.0,70-79,Northern England,U,Higher: Oxbridge,http://www.oxforddnb.com/view/article/25910,DFLEMING,Daniel,Fleming,M,GU,GU,gentry upper: knight,http://www.oxforddnb.com/view/article/9697,Other,?,A,1685,N,N,N,,,285,"The Flemings in Oxford Being Documents Selected from the Rydal Papers in Illustration of the Lives and Ways of Oxford Men 1650-1700. Vol. II 1680-1690. Ed. by Magrath, John Richard. Oxford Historical Society 62. 1913.",144,1680,1699,TSMITH,FLEMIN2_057,1685
FLEMIN2_058,Fleming 2,1680-1699,TSMITH,THOMAS,SMITH,M,Clergy Upper,CU,clergy upper; bishop of Carlisle,72.0,1614.0,70-79,Northern England,U,Higher: Oxbridge,http://www.oxforddnb.com/view/article/25910,DFLEMING,Daniel,Fleming,M,GU,GU,gentry upper: knight,http://www.oxforddnb.com/view/article/9697,Other,?,A,1686,N,N,N,,,264,"The Flemings in Oxford Being Documents Selected from the Rydal Papers in Illustration of the Lives and Ways of Oxford Men 1650-1700. Vol. II 1680-1690. Ed. by Magrath, John Richard. Oxford Historical Society 62. 1913.",147,1680,1699,TSMITH,FLEMIN2_058,1686
FLEMIN2_060,Fleming 2,1680-1699,HFLEMING,Henry,Fleming,M,Clergy Lower,CL,"rector of Grasmere 1685, rector of Asby 1694-1728",27.0,1659.0,20-29,Northern England,D,Higher: Oxbridge,,DFLEMING,Daniel,Fleming,M,GU,GU,gentry upper: knight,http://www.oxforddnb.com/view/article/9697,Family: Nuclear,son - father,A,1686,N,N,N,,,232,"The Flemings in Oxford Being Documents Selected from the Rydal Papers in Illustration of the Lives and Ways of Oxford Men 1650-1700. Vol. II 1680-1690. Ed. by Magrath, John Richard. Oxford Historical Society 62. 1913.",152,1680,1699,HFLEMING,FLEMIN2_060,1686
FLEMIN2_061,Fleming 2,1680-1699,TSMITH,THOMAS,SMITH,M,Clergy Upper,CU,clergy upper; bishop of Carlisle,72.0,1614.0,70-79,Northern England,U,Higher: Oxbridge,http://www.oxforddnb.com/view/article/25910,DFLEMING,Daniel,Fleming,M,GU,GU,gentry upper: knight,http://www.oxforddnb.com/view/article/9697,Other,?,A,1686,N,N,N,,,633,"The Flemings in Oxford Being Documents Selected from the Rydal Papers in Illustration of the Lives and Ways of Oxford Men 1650-1700. Vol. II 1680-1690. Ed. by Magrath, John Richard. Oxford Historical Society 62. 1913.",156,1680,1699,TSMITH,FLEMIN2_061,1686
FLEMIN2_063,Fleming 2,1680-1699,HFLEMING,Henry,Fleming,M,Clergy Lower,CL,"rector of Grasmere 1685, rector of Asby 1694-1728",27.0,1659.0,20-29,Northern England,D,Higher: Oxbridge,,DFLEMING,Daniel,Fleming,M,GU,GU,gentry upper: knight,http://www.oxforddnb.com/view/article/9697,Family: Nuclear,son - father,A,1686,N,N,N,,,177,"The Flemings in Oxford Being Documents Selected from the Rydal Papers in Illustration of the Lives and Ways of Oxford Men 1650-1700. Vol. II 1680-1690. Ed. by Magrath, John Richard. Oxford Historical Society 62. 1913.",162,1680,1699,HFLEMING,FLEMIN2_063,1686
FLEMIN2_066,Fleming 2,1680-1699,DFLEMING,Daniel,Fleming,M,Gentry Upper,GU,gentry upper: knight,53.0,1633.0,50-59,Northern England,U,,http://www.oxforddnb.com/view/article/9697,JLOWTHER,John,Lowther,M,GU,GU,gentry upper: 2nd baronet; commissioner of the admiralty 1689-96,http://www.oxforddnb.com/view/article/37694,Other,?,A,1686,N,N,N,,,521,"The Flemings in Oxford Being Documents Selected from the Rydal Papers in Illustration of the Lives and Ways of Oxford Men 1650-1700. Vol. II 1680-1690. Ed. by Magrath, John Richard. Oxford Historical Society 62. 1913.",166,1680,1699,DFLEMING,FLEMIN2_066,1686
FLEMIN2_069,Fleming 2,1680-1699,HFLEMING,Henry,Fleming,M,Clergy Lower,CL,"rector of Grasmere 1685, rector of Asby 1694-1728",27.0,1659.0,20-29,Northern England,D,Higher: Oxbridge,,DFLEMING,Daniel,Fleming,M,GU,GU,gentry upper: knight,http://www.oxforddnb.com/view/article/9697,Family: Nuclear,son - father,A,1686,N,N,N,,,206,"The Flemings in Oxford Being Documents Selected from the Rydal Papers in Illustration of the Lives and Ways of Oxford Men 1650-1700. Vol. II 1680-1690. Ed. by Magrath, John Richard. Oxford Historical Society 62. 1913.",176,1680,1699,HFLEMING,FLEMIN2_069,1686
FLEMIN2_070,Fleming 2,1680-1699,HFLEMING,Henry,Fleming,M,Clergy Lower,CL,"rector of Grasmere 1685, rector of Asby 1694-1728",27.0,1659.0,20-29,Northern England,D,Higher: Oxbridge,,DFLEMING,Daniel,Fleming,M,GU,GU,gentry upper: knight,http://www.oxforddnb.com/view/article/9697,Family: Nuclear,son - father,A,1686,N,N,N,,,204,"The Flemings in Oxford Being Documents Selected from the Rydal Papers in Illustration of the Lives and Ways of Oxford Men 1650-1700. Vol. II 1680-1690. Ed. by Magrath, John Richard. Oxford Historical Society 62. 1913.",179,1680,1699,HFLEMING,FLEMIN2_070,1686
FLEMIN2_071,Fleming 2,1680-1699,DFLEMING,Daniel,Fleming,M,Gentry Upper,GU,gentry upper: knight,53.0,1633.0,50-59,Northern England,U,,http://www.oxforddnb.com/view/article/9697,HFLEMING,Henry,Fleming,M,CL,CL,"rector of Grasmere 1685, rector of Asby 1694-1728",,Family: Nuclear,father - son,A,1686,N,N,N,,,300,"The Flemings in Oxford Being Documents Selected from the Rydal Papers in Illustration of the Lives and Ways of Oxford Men 1650-1690. Vol. II 1680-1690. Ed. by Magrath, John Richard. Oxford Historical Society 62. 1913.",182,1680,1699,DFLEMING,FLEMIN2_071,1686
FLEMIN2_072,Fleming 2,1680-1699,DFLEMING,Daniel,Fleming,M,Gentry Upper,GU,gentry upper: knight,53.0,1633.0,50-59,Northern England,U,,http://www.oxforddnb.com/view/article/9697,GJEFFREYS,George,Jeffreys,M,N,N,nobility; lord chancellor of England; lord chief justice,http://www.oxforddnb.com/view/article/14702,Other,?,A,1686,N,N,N,,,162,"The Flemings in Oxford Being Documents Selected from the Rydal Papers in Illustration of the Lives and Ways of Oxford Men 1650-1700. Vol. II 1680-1690. Ed. by Magrath, John Richard. Oxford Historical Society 62. 1913.",184,1680,1699,DFLEMING,FLEMIN2_072,1686
FLEMIN2_073,Fleming 2,1680-1699,GFLEMING,George,Fleming,M,Gentry Lower,CU,gentry lower: son of Sir Daniel Fleming,19.0,1667.0,10-19,Northern England,U,Higher: Oxbridge,http://www.oxforddnb.com/view/article/9698,DFLEMING,Daniel,Fleming,M,GU,GU,gentry upper: knight,http://www.oxforddnb.com/view/article/9697,Family: Nuclear,son - father,A,1686,N,N,N,,,78,"The Flemings in Oxford Being Documents Selected from the Rydal Papers in Illustration of the Lives and Ways of Oxford Men 1650-1700. Vol. II 1680-1690. Ed. by Magrath, John Richard. Oxford Historical Society 62. 1913.",185,1680,1699,GFLEMING,FLEMIN2_073,1686
FLEMIN2_074,Fleming 2,1680-1699,HFLEMING,Henry,Fleming,M,Clergy Lower,CL,"rector of Grasmere 1685, rector of Asby 1694-1728",27.0,1659.0,20-29,Northern England,D,Higher: Oxbridge,,DFLEMING,Daniel,Fleming,M,GU,GU,gentry upper: knight,http://www.oxforddnb.com/view/article/9697,Family: Nuclear,son - father,A,1686,N,N,N,,,257,"The Flemings in Oxford Being Documents Selected from the Rydal Papers in Illustration of the Lives and Ways of Oxford Men 1650-1700. Vol. II 1680-1690. Ed. by Magrath, John Richard. Oxford Historical Society 62. 1913.",186,1680,1699,HFLEMING,FLEMIN2_074,1686
FLEMIN2_075,Fleming 2,1680-1699,TSMITH,THOMAS,SMITH,M,Clergy Upper,CU,clergy upper; bishop of Carlisle,72.0,1614.0,70-79,Northern England,U,Higher: Oxbridge,http://www.oxforddnb.com/view/article/25910,DFLEMING,Daniel,Fleming,M,GU,GU,gentry upper: knight,http://www.oxforddnb.com/view/article/9697,Other,?,A,1686,N,N,N,,,594,"The Flemings in Oxford Being Documents Selected from the Rydal Papers in Illustration of the Lives and Ways of Oxford Men 1650-1700. Vol. II 1680-1690. Ed. by Magrath, John Richard. Oxford Historical Society 62. 1913.",188,1680,1699,TSMITH,FLEMIN2_075,1686
FLEMIN2_076,Fleming 2,1680-1699,HFLEMING,Henry,Fleming,M,Clergy Lower,CL,"rector of Grasmere 1685, rector of Asby 1694-1728",28.0,1659.0,20-29,Northern England,D,Higher: Oxbridge,,DFLEMING,Daniel,Fleming,M,GU,GU,gentry upper: knight,http://www.oxforddnb.com/view/article/9697,Family: Nuclear,son - father,A,1687,N,N,N,,,207,"The Flemings in Oxford Being Documents Selected from the Rydal Papers in Illustration of the Lives and Ways of Oxford Men 1650-1700. Vol. II 1680-1690. Ed. by Magrath, John Richard. Oxford Historical Society 62. 1913.",190,1680,1699,HFLEMING,FLEMIN2_076,1687
FLEMIN2_077,Fleming 2,1680-1699,HFLEMING,Henry,Fleming,M,Clergy Lower,CL,"rector of Grasmere 1685, rector of Asby 1694-1728",28.0,1659.0,20-29,Northern England,D,Higher: Oxbridge,,DFLEMING,Daniel,Fleming,M,GU,GU,gentry upper: knight,http://www.oxforddnb.com/view/article/9697,Family: Nuclear,son - father,A,1687,N,N,N,,,181,"The Flemings in Oxford Being Documents Selected from the Rydal Papers in Illustration of the Lives and Ways of Oxford Men 1650-1700. Vol. II 1680-1690. Ed. by Magrath, John Richard. Oxford Historical Society 62. 1913.",192,1680,1699,HFLEMING,FLEMIN2_077,1687
FLEMIN2_079,Fleming 2,1680-1699,GFLEMING,George,Fleming,M,Gentry Lower,CU,gentry lower: son of Sir Daniel Fleming,19.0,1667.0,10-19,Northern England,U,Higher: Oxbridge,http://www.oxforddnb.com/view/article/9698,DFLEMING,Daniel,Fleming,M,GU,GU,gentry upper: knight,http://www.oxforddnb.com/view/article/9697,Family: Nuclear,son - father,A,1686,N,N,N,,,210,"The Flemings in Oxford Being Documents Selected from the Rydal Papers in Illustration of the Lives and Ways of Oxford Men 1650-1700. Vol. II 1680-1690. Ed. by Magrath, John Richard. Oxford Historical Society 62. 1913.",196,1680,1699,GFLEMING,FLEMIN2_079,1686
FLEMIN2_082,Fleming 2,1680-1699,HFLEMING,Henry,Fleming,M,Clergy Lower,CL,"rector of Grasmere 1685, rector of Asby 1694-1728",28.0,1659.0,20-29,Northern England,D,Higher: Oxbridge,,DFLEMING,Daniel,Fleming,M,GU,GU,gentry upper: knight,http://www.oxforddnb.com/view/article/9697,Family: Nuclear,son - father,A,1687,N,N,N,,,361,"The Flemings in Oxford Being Documents Selected from the Rydal Papers in Illustration of the Lives and Ways of Oxford Men 1650-1700. Vol. II 1680-1690. Ed. by Magrath, John Richard. Oxford Historical Society 62. 1913.",199,1680,1699,HFLEMING,FLEMIN2_082,1687
FLEMIN2_085,Fleming 2,1680-1699,HFLEMING,Henry,Fleming,M,Clergy Lower,CL,"rector of Grasmere 1685, rector of Asby 1694-1728",28.0,1659.0,20-29,Northern England,D,Higher: Oxbridge,,DFLEMING,Daniel,Fleming,M,GU,GU,gentry upper: knight,http://www.oxforddnb.com/view/article/9697,Family: Nuclear,son - father,A,1687,N,N,N,,,476,"The Flemings in Oxford Being Documents Selected from the Rydal Papers in Illustration of the Lives and Ways of Oxford Men 1650-1700. Vol. II 1680-1690. Ed. by Magrath, John Richard. Oxford Historical Society 62. 1913.",204,1680,1699,HFLEMING,FLEMIN2_085,1687
FLEMIN2_086,Fleming 2,1680-1699,GFLEMING,George,Fleming,M,Gentry Lower,CU,gentry lower: son of Sir Daniel Fleming,20.0,1667.0,20-29,Northern England,U,Higher: Oxbridge,http://www.oxforddnb.com/view/article/9698,DFLEMING,Daniel,Fleming,M,GU,GU,gentry upper: knight,http://www.oxforddnb.com/view/article/9697,Family: Nuclear,son - father,A,1687,N,N,N,,,174,"The Flemings in Oxford Being Documents Selected from the Rydal Papers in Illustration of the Lives and Ways of Oxford Men 1650-1700. Vol. II 1680-1690. Ed. by Magrath, John Richard. Oxford Historical Society 62. 1913.",206,1680,1699,GFLEMING,FLEMIN2_086,1687
FLEMIN2_088,Fleming 2,1680-1699,TSMITH,THOMAS,SMITH,M,Clergy Upper,CU,clergy upper; bishop of Carlisle,74.0,1614.0,70-79,Northern England,U,Higher: Oxbridge,http://www.oxforddnb.com/view/article/25910,DFLEMING,Daniel,Fleming,M,GU,GU,gentry upper: knight,http://www.oxforddnb.com/view/article/9697,Other,?,A,1688,N,N,N,,,337,"The Flemings in Oxford Being Documents Selected from the Rydal Papers in Illustration of the Lives and Ways of Oxford Men 1650-1700. Vol. II 1680-1690. Ed. by Magrath, John Richard. Oxford Historical Society 62. 1913.",209,1680,1699,TSMITH,FLEMIN2_088,1688
FLEMIN2_092,Fleming 2,1680-1699,GFLEMING,George,Fleming,M,Gentry Lower,CU,gentry lower: son of Sir Daniel Fleming,21.0,1667.0,20-29,Northern England,U,Higher: Oxbridge,http://www.oxforddnb.com/view/article/9698,DFLEMING,Daniel,Fleming,M,GU,GU,gentry upper: knight,http://www.oxforddnb.com/view/article/9697,Family: Nuclear,son - father,A,1688,N,N,N,,,242,"The Flemings in Oxford Being Documents Selected from the Rydal Papers in Illustration of the Lives and Ways of Oxford Men 1650-1700. Vol. II 1680-1690. Ed. by Magrath, John Richard. Oxford Historical Society 62. 1913.",217,1680,1699,GFLEMING,FLEMIN2_092,1688
FLEMIN2_093,Fleming 2,1680-1699,HFLEMING,Henry,Fleming,M,Clergy Lower,CL,"rector of Grasmere 1685, rector of Asby 1694-1728",29.0,1659.0,20-29,Northern England,D,Higher: Oxbridge,,DFLEMING,Daniel,Fleming,M,GU,GU,gentry upper: knight,http://www.oxforddnb.com/view/article/9697,Family: Nuclear,son - father,A,1688,N,N,N,,,463,"The Flemings in Oxford Being Documents Selected from the Rydal Papers in Illustration of the Lives and Ways of Oxford Men 1650-1700. Vol. II 1680-1690. Ed. by Magrath, John Richard. Oxford Historical Society 62. 1913.",219,1680,1699,HFLEMING,FLEMIN2_093,1688
FLEMIN2_095,Fleming 2,1680-1699,HFLEMING,Henry,Fleming,M,Clergy Lower,CL,"rector of Grasmere 1685, rector of Asby 1694-1728",29.0,1659.0,20-29,Northern England,D,Higher: Oxbridge,,DFLEMING,Daniel,Fleming,M,GU,GU,gentry upper: knight,http://www.oxforddnb.com/view/article/9697,Family: Nuclear,son - father,A,1688,N,N,N,,,352,"The Flemings in Oxford Being Documents Selected from the Rydal Papers in Illustration of the Lives and Ways of Oxford Men 1650-1700. Vol. II 1680-1690. Ed. by Magrath, John Richard. Oxford Historical Society 62. 1913.",224,1680,1699,HFLEMING,FLEMIN2_095,1688
FLEMIN2_096,Fleming 2,1680-1699,HFLEMING,Henry,Fleming,M,Clergy Lower,CL,"rector of Grasmere 1685, rector of Asby 1694-1728",29.0,1659.0,20-29,Northern England,D,Higher: Oxbridge,,DFLEMING,Daniel,Fleming,M,GU,GU,gentry upper: knight,http://www.oxforddnb.com/view/article/9697,Family: Nuclear,son - father,A,1688,N,N,N,,,580,"The Flemings in Oxford Being Documents Selected from the Rydal Papers in Illustration of the Lives and Ways of Oxford Men 1650-1700. Vol. II 1680-1690. Ed. by Magrath, John Richard. Oxford Historical Society 62. 1913.",230,1680,1699,HFLEMING,FLEMIN2_096,1688
FLEMIN2_097,Fleming 2,1680-1699,GFLEMING,George,Fleming,M,Gentry Lower,CU,gentry lower: son of Sir Daniel Fleming,21.0,1667.0,20-29,Northern England,U,Higher: Oxbridge,http://www.oxforddnb.com/view/article/9698,DFLEMING,Daniel,Fleming,M,GU,GU,gentry upper: knight,http://www.oxforddnb.com/view/article/9697,Family: Nuclear,son - father,A,1688,N,N,N,,,249,"The Flemings in Oxford Being Documents Selected from the Rydal Papers in Illustration of the Lives and Ways of Oxford Men 1650-1700. Vol. II 1680-1690. Ed. by Magrath, John Richard. Oxford Historical Society 62. 1913.",232,1680,1699,GFLEMING,FLEMIN2_097,1688
FLEMIN2_098,Fleming 2,1680-1699,HFLEMING,Henry,Fleming,M,Clergy Lower,CL,"rector of Grasmere 1685, rector of Asby 1694-1728",29.0,1659.0,20-29,Northern England,D,Higher: Oxbridge,,DFLEMING,Daniel,Fleming,M,GU,GU,gentry upper: knight,http://www.oxforddnb.com/view/article/9697,Family: Nuclear,son - father,A,1688,N,N,N,,,385,"The Flemings in Oxford Being Documents Selected from the Rydal Papers in Illustration of the Lives and Ways of Oxford Men 1650-1700. Vol. II 1680-1690. Ed. by Magrath, John Richard. Oxford Historical Society 62. 1913.",233,1680,1699,HFLEMING,FLEMIN2_098,1688
FLEMIN2_099,Fleming 2,1680-1699,DFLEMING,Daniel,Fleming,M,Gentry Upper,GU,gentry upper: knight,55.0,1633.0,50-59,Northern England,U,,http://www.oxforddnb.com/view/article/9697,HFLEMING,Henry,Fleming,M,CL,CL,"rector of Grasmere 1685, rector of Asby 1694-1728",,Family: Nuclear,father - son,A,1688,N,N,N,,,445,"The Flemings in Oxford Being Documents Selected from the Rydal Papers in Illustration of the Lives and Ways of Oxford Men 1650-1700. Vol. II 1680-1690. Ed. by Magrath, John Richard. Oxford Historical Society 62. 1913.",235,1680,1699,DFLEMING,FLEMIN2_099,1688
FLEMIN2_100,Fleming 2,1680-1699,HFLEMING,Henry,Fleming,M,Clergy Lower,CL,"rector of Grasmere 1685, rector of Asby 1694-1728",29.0,1659.0,20-29,Northern England,D,Higher: Oxbridge,,DFLEMING,Daniel,Fleming,M,GU,GU,gentry upper: knight,http://www.oxforddnb.com/view/article/9697,Family: Nuclear,son - father,A,1688,N,N,N,,,300,"The Flemings in Oxford Being Documents Selected from the Rydal Papers in Illustration of the Lives and Ways of Oxford Men 1650-1700. Vol. II 1680-1690. Ed. by Magrath, John Richard. Oxford Historical Society 62. 1913.",239,1680,1699,HFLEMING,FLEMIN2_100,1688
FLEMIN2_101,Fleming 2,1680-1699,DFLEMING,Daniel,Fleming,M,Gentry Upper,GU,gentry upper: knight,55.0,1633.0,50-59,Northern England,U,,http://www.oxforddnb.com/view/article/9697,HFLEMING,Henry,Fleming,M,CL,CL,"rector of Grasmere 1685, rector of Asby 1694-1728",,Family: Nuclear,father - son,A,1688,N,N,N,,,380,"The Flemings in Oxford Being Documents Selected from the Rydal Papers in Illustration of the Lives and Ways of Oxford Men 1650-1700. Vol. II 1680-1690. Ed. by Magrath, John Richard. Oxford Historical Society 62. 1913.",240,1680,1699,DFLEMING,FLEMIN2_101,1688
FLEMIN2_102,Fleming 2,1680-1699,HFLEMING,Henry,Fleming,M,Clergy Lower,CL,"rector of Grasmere 1685, rector of Asby 1694-1728",30.0,1659.0,30-39,Northern England,D,Higher: Oxbridge,,DFLEMING,Daniel,Fleming,M,GU,GU,gentry upper: knight,http://www.oxforddnb.com/view/article/9697,Family: Nuclear,son - father,A,1689,N,N,N,,,448,"The Flemings in Oxford Being Documents Selected from the Rydal Papers in Illustration of the Lives and Ways of Oxford Men 1650-1700. Vol. II 1680-1690. Ed. by Magrath, John Richard. Oxford Historical Society 62. 1913.",241,1680,1699,HFLEMING,FLEMIN2_102,1689
FLEMIN2_103,Fleming 2,1680-1699,DFLEMING,Daniel,Fleming,M,Gentry Upper,GU,gentry upper: knight,55.0,1633.0,50-59,Northern England,U,,http://www.oxforddnb.com/view/article/9697,HFLEMING,Henry,Fleming,M,CL,CL,"rector of Grasmere 1685, rector of Asby 1694-1728",,Family: Nuclear,father - son,A,1688,N,N,N,,,167,"The Flemings in Oxford Being Documents Selected from the Rydal Papers in Illustration of the Lives and Ways of Oxford Men 1650-1700. Vol. II 1680-1690. Ed. by Magrath, John Richard. Oxford Historical Society 62. 1913.",246,1680,1699,DFLEMING,FLEMIN2_103,1688
FLEMIN2_104,Fleming 2,1680-1699,DFLEMING,Daniel,Fleming,M,Gentry Upper,GU,gentry upper: knight,55.0,1633.0,50-59,Northern England,U,,http://www.oxforddnb.com/view/article/9697,HFLEMING,Henry,Fleming,M,CL,CL,"rector of Grasmere 1685, rector of Asby 1694-1728",,Family: Nuclear,father - son,A,1688,N,N,N,,,183,"The Flemings in Oxford Being Documents Selected from the Rydal Papers in Illustration of the Lives and Ways of Oxford Men 1650-1700. Vol. II 1680-1690. Ed. by Magrath, John Richard. Oxford Historical Society 62. 1913.",247,1680,1699,DFLEMING,FLEMIN2_104,1688
FLEMIN2_105,Fleming 2,1680-1699,GFLEMING,George,Fleming,M,Gentry Lower,CU,gentry lower: son of Sir Daniel Fleming,22.0,1667.0,20-29,Northern England,U,Higher: Oxbridge,http://www.oxforddnb.com/view/article/9698,DFLEMING,Daniel,Fleming,M,GU,GU,gentry upper: knight,http://www.oxforddnb.com/view/article/9697,Family: Nuclear,son - father,A,1689,N,N,N,,,184,"The Flemings in Oxford Being Documents Selected from the Rydal Papers in Illustration of the Lives and Ways of Oxford Men 1650-1700. Vol. II 1680-1690. Ed. by Magrath, John Richard. Oxford Historical Society 62. 1913.",248,1680,1699,GFLEMING,FLEMIN2_105,1689
FLEMIN2_106,Fleming 2,1680-1699,GFLEMING,George,Fleming,M,Gentry Lower,CU,gentry lower: son of Sir Daniel Fleming,22.0,1667.0,20-29,Northern England,U,Higher: Oxbridge,http://www.oxforddnb.com/view/article/9698,DFLEMING,Daniel,Fleming,M,GU,GU,gentry upper: knight,http://www.oxforddnb.com/view/article/9697,Family: Nuclear,son - father,A,1689,N,N,N,,,166,"The Flemings in Oxford Being Documents Selected from the Rydal Papers in Illustration of the Lives and Ways of Oxford Men 1650-1700. Vol. II 1680-1690. Ed. by Magrath, John Richard. Oxford Historical Society 62. 1913.",249,1680,1699,GFLEMING,FLEMIN2_106,1689
FLEMIN2_107,Fleming 2,1680-1699,GFLEMING,George,Fleming,M,Gentry Lower,CU,gentry lower: son of Sir Daniel Fleming,22.0,1667.0,20-29,Northern England,U,Higher: Oxbridge,http://www.oxforddnb.com/view/article/9698,DFLEMING,Daniel,Fleming,M,GU,GU,gentry upper: knight,http://www.oxforddnb.com/view/article/9697,Family: Nuclear,son - father,A,1689,N,N,N,,,238,"The Flemings in Oxford Being Documents Selected from the Rydal Papers in Illustration of the Lives and Ways of Oxford Men 1650-1700. Vol. II 1680-1690. Ed. by Magrath, John Richard. Oxford Historical Society 62. 1913.",251,1680,1699,GFLEMING,FLEMIN2_107,1689
FLEMIN2_108,Fleming 2,1680-1699,HFLEMING,Henry,Fleming,M,Clergy Lower,CL,"rector of Grasmere 1685, rector of Asby 1694-1728",30.0,1659.0,30-39,Northern England,D,Higher: Oxbridge,,DFLEMING,Daniel,Fleming,M,GU,GU,gentry upper: knight,http://www.oxforddnb.com/view/article/9697,Family: Nuclear,son - father,A,1689,N,N,N,,,347,"The Flemings in Oxford Being Documents Selected from the Rydal Papers in Illustration of the Lives and Ways of Oxford Men 1650-1700. Vol. II 1680-1690. Ed. by Magrath, John Richard. Oxford Historical Society 62. 1913.",253,1680,1699,HFLEMING,FLEMIN2_108,1689
FLEMIN2_110,Fleming 2,1680-1699,GFLEMING,George,Fleming,M,Gentry Lower,CU,gentry lower: son of Sir Daniel Fleming,22.0,1667.0,20-29,Northern England,U,Higher: Oxbridge,http://www.oxforddnb.com/view/article/9698,DFLEMING,Daniel,Fleming,M,GU,GU,gentry upper: knight,http://www.oxforddnb.com/view/article/9697,Family: Nuclear,son - father,A,1689,N,N,N,,,307,"The Flemings in Oxford Being Documents Selected from the Rydal Papers in Illustration of the Lives and Ways of Oxford Men 1650-1700. Vol. II 1680-1690. Ed. by Magrath, John Richard. Oxford Historical Society 62. 1913.",257,1680,1699,GFLEMING,FLEMIN2_110,1689
FLEMIN2_111,Fleming 2,1680-1699,HFLEMING,Henry,Fleming,M,Clergy Lower,CL,"rector of Grasmere 1685, rector of Asby 1694-1728",30.0,1659.0,30-39,Northern England,D,Higher: Oxbridge,,DFLEMING,Daniel,Fleming,M,GU,GU,gentry upper: knight,http://www.oxforddnb.com/view/article/9697,Family: Nuclear,son - father,A,1689,N,N,N,,,457,"The Flemings in Oxford Being Documents Selected from the Rydal Papers in Illustration of the Lives and Ways of Oxford Men 1650-1700. Vol. II 1680-1690. Ed. by Magrath, John Richard. Oxford Historical Society 62. 1913.",258,1680,1699,HFLEMING,FLEMIN2_111,1689
FLEMIN2_112,Fleming 2,1680-1699,GFLEMING,George,Fleming,M,Gentry Lower,CU,gentry lower: son of Sir Daniel Fleming,22.0,1667.0,20-29,Northern England,U,Higher: Oxbridge,http://www.oxforddnb.com/view/article/9698,DFLEMING,Daniel,Fleming,M,GU,GU,gentry upper: knight,http://www.oxforddnb.com/view/article/9697,Family: Nuclear,son - father,A,1689,N,N,N,,,190,"The Flemings in Oxford Being Documents Selected from the Rydal Papers in Illustration of the Lives and Ways of Oxford Men 1650-1700. Vol. II 1680-1690. Ed. by Magrath, John Richard. Oxford Historical Society 62. 1913.",261,1680,1699,GFLEMING,FLEMIN2_112,1689
FLEMIN2_113,Fleming 2,1680-1699,DFLEMING,Daniel,Fleming,M,Gentry Upper,GU,gentry upper: knight,56.0,1633.0,50-59,Northern England,U,,http://www.oxforddnb.com/view/article/9697,GFLEMING,George,Fleming,M,GL,CU,gentry lower: son of Sir Daniel Fleming,http://www.oxforddnb.com/view/article/9698,Family: Nuclear,father - son,A,1689,N,N,N,,,354,"The Flemings in Oxford Being Documents Selected from the Rydal Papers in Illustration of the Lives and Ways of Oxford Men 1650-1700. Vol. II 1680-1690. Ed. by Magrath, John Richard. Oxford Historical Society 62. 1913.",262,1680,1699,DFLEMING,FLEMIN2_113,1689
FLEMIN2_114,Fleming 2,1680-1699,HFLEMING,Henry,Fleming,M,Clergy Lower,CL,"rector of Grasmere 1685, rector of Asby 1694-1728",30.0,1659.0,30-39,Northern England,D,Higher: Oxbridge,,DFLEMING,Daniel,Fleming,M,GU,GU,gentry upper: knight,http://www.oxforddnb.com/view/article/9697,Family: Nuclear,son - father,A,1689,N,N,N,,,315,"The Flemings in Oxford Being Documents Selected from the Rydal Papers in Illustration of the Lives and Ways of Oxford Men 1650-1700. Vol. II 1680-1690. Ed. by Magrath, John Richard. Oxford Historical Society 62. 1913.",263,1680,1699,HFLEMING,FLEMIN2_114,1689
FLEMIN2_115,Fleming 2,1680-1699,DFLEMING,Daniel,Fleming,M,Gentry Upper,GU,gentry upper: knight,56.0,1633.0,50-59,Northern England,U,,http://www.oxforddnb.com/view/article/9697,HFLEMING,Henry,Fleming,M,CL,CL,"rector of Grasmere 1685, rector of Asby 1694-1728",,Family: Nuclear,father - son,A,1689,N,N,N,,,314,"The Flemings in Oxford Being Documents Selected from the Rydal Papers in Illustration of the Lives and Ways of Oxford Men 1650-1700. Vol. II 1680-1690. Ed. by Magrath, John Richard. Oxford Historical Society 62. 1913.",266,1680,1699,DFLEMING,FLEMIN2_115,1689
FLEMIN2_116,Fleming 2,1680-1699,HFLEMING,Henry,Fleming,M,Clergy Lower,CL,"rector of Grasmere 1685, rector of Asby 1694-1728",30.0,1659.0,30-39,Northern England,D,Higher: Oxbridge,,DFLEMING,Daniel,Fleming,M,GU,GU,gentry upper: knight,http://www.oxforddnb.com/view/article/9697,Family: Nuclear,son - father,A,1689,N,N,N,,,725,"The Flemings in Oxford Being Documents Selected from the Rydal Papers in Illustration of the Lives and Ways of Oxford Men 1650-1700. Vol. II 1680-1690. Ed. by Magrath, John Richard. Oxford Historical Society 62. 1913.",267,1680,1699,HFLEMING,FLEMIN2_116,1689
FLEMIN2_117,Fleming 2,1680-1699,HFLEMING,Henry,Fleming,M,Clergy Lower,CL,"rector of Grasmere 1685, rector of Asby 1694-1728",30.0,1659.0,30-39,Northern England,D,Higher: Oxbridge,,DFLEMING,Daniel,Fleming,M,GU,GU,gentry upper: knight,http://www.oxforddnb.com/view/article/9697,Family: Nuclear,son - father,A,1689,N,N,N,,,299,"The Flemings in Oxford Being Documents Selected from the Rydal Papers in Illustration of the Lives and Ways of Oxford Men 1650-1700. Vol. II 1680-1690. Ed. by Magrath, John Richard. Oxford Historical Society 62. 1913.",269,1680,1699,HFLEMING,FLEMIN2_117,1689
FLEMIN2_118,Fleming 2,1680-1699,GFLEMING,George,Fleming,M,Gentry Lower,CU,gentry lower: son of Sir Daniel Fleming,22.0,1667.0,20-29,Northern England,U,Higher: Oxbridge,http://www.oxforddnb.com/view/article/9698,DFLEMING,Daniel,Fleming,M,GU,GU,gentry upper: knight,http://www.oxforddnb.com/view/article/9697,Family: Nuclear,son - father,A,1689,N,N,N,,,222,"The Flemings in Oxford Being Documents Selected from the Rydal Papers in Illustration of the Lives and Ways of Oxford Men 1650-1700. Vol. II 1680-1690. Ed. by Magrath, John Richard. Oxford Historical Society 62. 1913.",270,1680,1699,GFLEMING,FLEMIN2_118,1689
FLEMIN2_119,Fleming 2,1680-1699,GFLEMING,George,Fleming,M,Gentry Lower,CU,gentry lower: son of Sir Daniel Fleming,22.0,1667.0,20-29,Northern England,U,Higher: Oxbridge,http://www.oxforddnb.com/view/article/9698,DFLEMING,Daniel,Fleming,M,GU,GU,gentry upper: knight,http://www.oxforddnb.com/view/article/9697,Family: Nuclear,son - father,A,1689,N,N,N,,,323,"The Flemings in Oxford Being Documents Selected from the Rydal Papers in Illustration of the Lives and Ways of Oxford Men 1650-1700. Vol. II 1680-1690. Ed. by Magrath, John Richard. Oxford Historical Society 62. 1913.",272,1680,1699,GFLEMING,FLEMIN2_119,1689
FLEMIN2_120,Fleming 2,1680-1699,GFLEMING,George,Fleming,M,Gentry Lower,CU,gentry lower: son of Sir Daniel Fleming,23.0,1667.0,20-29,Northern England,U,Higher: Oxbridge,http://www.oxforddnb.com/view/article/9698,DFLEMING,Daniel,Fleming,M,GU,GU,gentry upper: knight,http://www.oxforddnb.com/view/article/9697,Family: Nuclear,son - father,A,1690,N,N,N,,,281,"The Flemings in Oxford Being Documents Selected from the Rydal Papers in Illustration of the Lives and Ways of Oxford Men 1650-1700. Vol. II 1680-1690. Ed. by Magrath, John Richard. Oxford Historical Society 62. 1913.",280,1680,1699,GFLEMING,FLEMIN2_120,1690
FLEMIN2_121,Fleming 2,1680-1699,GFLEMING,George,Fleming,M,Gentry Lower,CU,gentry lower: son of Sir Daniel Fleming,23.0,1667.0,20-29,Northern England,U,Higher: Oxbridge,http://www.oxforddnb.com/view/article/9698,DFLEMING,Daniel,Fleming,M,GU,GU,gentry upper: knight,http://www.oxforddnb.com/view/article/9697,Family: Nuclear,son - father,A,1690,N,N,N,,,222,"The Flemings in Oxford Being Documents Selected from the Rydal Papers in Illustration of the Lives and Ways of Oxford Men 1650-1700. Vol. II 1680-1690. Ed. by Magrath, John Richard. Oxford Historical Society 62. 1913.",285,1680,1699,GFLEMING,FLEMIN2_121,1690
FLEMIN2_122,Fleming 2,1680-1699,GFLEMING,George,Fleming,M,Gentry Lower,CU,gentry lower: son of Sir Daniel Fleming,23.0,1667.0,20-29,Northern England,U,Higher: Oxbridge,http://www.oxforddnb.com/view/article/9698,DFLEMING,Daniel,Fleming,M,GU,GU,gentry upper: knight,http://www.oxforddnb.com/view/article/9697,Family: Nuclear,son - father,A,1690,N,N,N,,,197,"The Flemings in Oxford Being Documents Selected from the Rydal Papers in Illustration of the Lives and Ways of Oxford Men 1650-1700. Vol. II 1680-1690. Ed. by Magrath, John Richard. Oxford Historical Society 62. 1913.",286,1680,1699,GFLEMING,FLEMIN2_122,1690
FLEMIN2_123,Fleming 2,1680-1699,GFLEMING,George,Fleming,M,Gentry Lower,CU,gentry lower: son of Sir Daniel Fleming,23.0,1667.0,20-29,Northern England,U,Higher: Oxbridge,http://www.oxforddnb.com/view/article/9698,DFLEMING,Daniel,Fleming,M,GU,GU,gentry upper: knight,http://www.oxforddnb.com/view/article/9697,Family: Nuclear,son - father,A,1690,N,N,N,,,415,"The Flemings in Oxford Being Documents Selected from the Rydal Papers in Illustration of the Lives and Ways of Oxford Men 1650-1700. Vol. II 1680-1690. Ed. by Magrath, John Richard. Oxford Historical Society 62. 1913.",288,1680,1699,GFLEMING,FLEMIN2_123,1690
FLEMIN2_125,Fleming 2,1680-1699,GFLEMING,George,Fleming,M,Gentry Lower,CU,gentry lower: son of Sir Daniel Fleming,23.0,1667.0,20-29,Northern England,U,Higher: Oxbridge,http://www.oxforddnb.com/view/article/9698,DFLEMING,Daniel,Fleming,M,GU,GU,gentry upper: knight,http://www.oxforddnb.com/view/article/9697,Family: Nuclear,son - father,A,1690,N,N,N,,,272,"The Flemings in Oxford Being Documents Selected from the Rydal Papers in Illustration of the Lives and Ways of Oxford Men 1650-1700. Vol. II 1680-1690. Ed. by Magrath, John Richard. Oxford Historical Society 62. 1913.",296,1680,1699,GFLEMING,FLEMIN2_125,1690
FLEMIN2_126,Fleming 2,1680-1699,TSMITH,THOMAS,SMITH,M,Clergy Upper,CU,clergy upper; bishop of Carlisle,76.0,1614.0,70-79,Northern England,U,Higher: Oxbridge,http://www.oxforddnb.com/view/article/25910,DFLEMING,Daniel,Fleming,M,GU,GU,gentry upper: knight,http://www.oxforddnb.com/view/article/9697,Other,?,A,1690,N,N,N,,,272,"The Flemings in Oxford Being Documents Selected from the Rydal Papers in Illustration of the Lives and Ways of Oxford Men 1650-1700. Vol. II 1680-1690. Ed. by Magrath, John Richard. Oxford Historical Society 62. 1913.",301,1680,1699,TSMITH,FLEMIN2_126,1690
FLEMIN2_130,Fleming 2,1680-1699,GFLEMING,George,Fleming,M,Gentry Lower,CU,gentry lower: son of Sir Daniel Fleming,23.0,1667.0,20-29,Northern England,U,Higher: Oxbridge,http://www.oxforddnb.com/view/article/9698,DFLEMING,Daniel,Fleming,M,GU,GU,gentry upper: knight,http://www.oxforddnb.com/view/article/9697,Family: Nuclear,son - father,A,1690,N,N,N,,,316,"The Flemings in Oxford Being Documents Selected from the Rydal Papers in Illustration of the Lives and Ways of Oxford Men 1650-1700. Vol. III 1691-1700. Ed. by Magrath, John Richard. Oxford Historical Society 79. 1924.",15,1680,1699,GFLEMING,FLEMIN2_130,1690
FLEMIN2_131,Fleming 2,1680-1699,GFLEMING,George,Fleming,M,Gentry Lower,CU,gentry lower: son of Sir Daniel Fleming,24.0,1667.0,20-29,Northern England,U,Higher: Oxbridge,http://www.oxforddnb.com/view/article/9698,DFLEMING,Daniel,Fleming,M,GU,GU,gentry upper: knight,http://www.oxforddnb.com/view/article/9697,Family: Nuclear,son - father,A,1691,N,N,N,,,203,"The Flemings in Oxford Being Documents Selected from the Rydal Papers in Illustration of the Lives and Ways of Oxford Men 1650-1700. Vol. III 1691-1700. Ed. by Magrath, John Richard. Oxford Historical Society 79. 1924.",21,1680,1699,GFLEMING,FLEMIN2_131,1691
FLEMIN2_133,Fleming 2,1680-1699,GFLEMING,George,Fleming,M,Gentry Lower,CU,gentry lower: son of Sir Daniel Fleming,24.0,1667.0,20-29,Northern England,U,Higher: Oxbridge,http://www.oxforddnb.com/view/article/9698,DFLEMING,Daniel,Fleming,M,GU,GU,gentry upper: knight,http://www.oxforddnb.com/view/article/9697,Family: Nuclear,son - father,A,1691,N,N,N,,,341,"The Flemings in Oxford Being Documents Selected from the Rydal Papers in Illustration of the Lives and Ways of Oxford Men 1650-1700. Vol. III 1691-1700. Ed. by Magrath, John Richard. Oxford Historical Society 79. 1924.",23,1680,1699,GFLEMING,FLEMIN2_133,1691
FLEMIN2_134,Fleming 2,1680-1699,DFLEMING,Daniel,Fleming,M,Gentry Upper,GU,gentry upper: knight,58.0,1633.0,50-59,Northern England,U,,http://www.oxforddnb.com/view/article/9697,GFLEMING,George,Fleming,M,GL,CU,gentry lower: son of Sir Daniel Fleming,http://www.oxforddnb.com/view/article/9698,Family: Nuclear,father - son,A,1691,N,N,N,,,291,"The Flemings in Oxford Being Documents Selected from the Rydal Papers in Illustration of the Lives and Ways of Oxford Men 1650-1700. Vol. III 1691-1700. Ed. by Magrath, John Richard. Oxford Historical Society 79. 1924.",27,1680,1699,DFLEMING,FLEMIN2_134,1691
FLEMIN2_135,Fleming 2,1680-1699,GFLEMING,George,Fleming,M,Gentry Lower,CU,gentry lower: son of Sir Daniel Fleming,24.0,1667.0,20-29,Northern England,U,Higher: Oxbridge,http://www.oxforddnb.com/view/article/9698,DFLEMING,Daniel,Fleming,M,GU,GU,gentry upper: knight,http://www.oxforddnb.com/view/article/9697,Family: Nuclear,son - father,A,1691,N,N,N,,,697,"The Flemings in Oxford Being Documents Selected from the Rydal Papers in Illustration of the Lives and Ways of Oxford Men 1650-1700. Vol. III 1691-1700. Ed. by Magrath, John Richard. Oxford Historical Society 79. 1924.",28,1680,1699,GFLEMING,FLEMIN2_135,1691
FLEMIN2_136,Fleming 2,1680-1699,DFLEMING,Daniel,Fleming,M,Gentry Upper,GU,gentry upper: knight,58.0,1633.0,50-59,Northern England,U,,http://www.oxforddnb.com/view/article/9697,GFLEMING,George,Fleming,M,GL,CU,gentry lower: son of Sir Daniel Fleming,http://www.oxforddnb.com/view/article/9698,Family: Nuclear,father - son,A,1691,N,N,N,,,371,"The Flemings in Oxford Being Documents Selected from the Rydal Papers in Illustration of the Lives and Ways of Oxford Men 1650-1700. Vol. III 1691-1700. Ed. by Magrath, John Richard. Oxford Historical Society 79. 1924.",36,1680,1699,DFLEMING,FLEMIN2_136,1691
FLEMIN2_140,Fleming 2,1680-1699,GFLEMING,George,Fleming,M,Gentry Lower,CU,gentry lower: son of Sir Daniel Fleming,24.0,1667.0,20-29,Northern England,U,Higher: Oxbridge,http://www.oxforddnb.com/view/article/9698,DFLEMING,Daniel,Fleming,M,GU,GU,gentry upper: knight,http://www.oxforddnb.com/view/article/9697,Family: Nuclear,son - father,A,1691,N,N,N,,,345,"The Flemings in Oxford Being Documents Selected from the Rydal Papers in Illustration of the Lives and Ways of Oxford Men 1650-1700. Vol. III 1691-1700. Ed. by Magrath, John Richard. Oxford Historical Society 79. 1924.",51,1680,1699,GFLEMING,FLEMIN2_140,1691
FLEMIN2_142,Fleming 2,1680-1699,GFLEMING,George,Fleming,M,Gentry Lower,CU,gentry lower: son of Sir Daniel Fleming,25.0,1667.0,20-29,Northern England,U,Higher: Oxbridge,http://www.oxforddnb.com/view/article/9698,DFLEMING,Daniel,Fleming,M,GU,GU,gentry upper: knight,http://www.oxforddnb.com/view/article/9697,Family: Nuclear,son - father,A,1692,N,N,N,,,451,"The Flemings in Oxford Being Documents Selected from the Rydal Papers in Illustration of the Lives and Ways of Oxford Men 1650-1700. Vol. III 1691-1700. Ed. by Magrath, John Richard. Oxford Historical Society 79. 1924.",61,1680,1699,GFLEMING,FLEMIN2_142,1692
FLEMIN2_143,Fleming 2,1680-1699,DFLEMING,Daniel,Fleming,M,Gentry Upper,GU,gentry upper: knight,59.0,1633.0,50-59,Northern England,U,,http://www.oxforddnb.com/view/article/9697,GFLEMING,George,Fleming,M,GL,CU,gentry lower: son of Sir Daniel Fleming,http://www.oxforddnb.com/view/article/9698,Family: Nuclear,father - son,A,1692,N,N,N,,,948,"The Flemings in Oxford Being Documents Selected from the Rydal Papers in Illustration of the Lives and Ways of Oxford Men 1650-1700. Vol. III 1691-1700. Ed. by Magrath, John Richard. Oxford Historical Society 79. 1924.",67,1680,1699,DFLEMING,FLEMIN2_143,1692
FLEMIN2_146,Fleming 2,1680-1699,GFLEMING,George,Fleming,M,Gentry Lower,CU,gentry lower: son of Sir Daniel Fleming,25.0,1667.0,20-29,Northern England,U,Higher: Oxbridge,http://www.oxforddnb.com/view/article/9698,DFLEMING,Daniel,Fleming,M,GU,GU,gentry upper: knight,http://www.oxforddnb.com/view/article/9697,Family: Nuclear,son - father,A,1692,N,N,N,,,399,"The Flemings in Oxford Being Documents Selected from the Rydal Papers in Illustration of the Lives and Ways of Oxford Men 1650-1700. Vol. III 1691-1700. Ed. by Magrath, John Richard. Oxford Historical Society 79. 1924.",81,1680,1699,GFLEMING,FLEMIN2_146,1692
FLEMIN2_148,Fleming 2,1680-1699,GFLEMING,George,Fleming,M,Gentry Lower,CU,gentry lower: son of Sir Daniel Fleming,25.0,1667.0,20-29,Northern England,U,Higher: Oxbridge,http://www.oxforddnb.com/view/article/9698,DFLEMING,Daniel,Fleming,M,GU,GU,gentry upper: knight,http://www.oxforddnb.com/view/article/9697,Family: Nuclear,son - father,A,1692,N,N,N,,,327,"The Flemings in Oxford Being Documents Selected from the Rydal Papers in Illustration of the Lives and Ways of Oxford Men 1650-1700. Vol. III 1691-1700. Ed. by Magrath, John Richard. Oxford Historical Society 79. 1924.",85,1680,1699,GFLEMING,FLEMIN2_148,1692
FLEMIN2_149,Fleming 2,1680-1699,DFLEMING,Daniel,Fleming,M,Gentry Upper,GU,gentry upper: knight,59.0,1633.0,50-59,Northern England,U,,http://www.oxforddnb.com/view/article/9697,GFLEMING,George,Fleming,M,GL,CU,gentry lower: son of Sir Daniel Fleming,http://www.oxforddnb.com/view/article/9698,Family: Nuclear,father - son,A,1692,N,N,N,,,609,"The Flemings in Oxford Being Documents Selected from the Rydal Papers in Illustration of the Lives and Ways of Oxford Men 1650-1700. Vol. III 1691-1700. Ed. by Magrath, John Richard. Oxford Historical Society 79. 1924.",92,1680,1699,DFLEMING,FLEMIN2_149,1692
FLEMIN2_152,Fleming 2,1680-1699,GFLEMING,George,Fleming,M,Gentry Lower,CU,gentry lower: son of Sir Daniel Fleming,25.0,1667.0,20-29,Northern England,U,Higher: Oxbridge,http://www.oxforddnb.com/view/article/9698,DFLEMING,Daniel,Fleming,M,GU,GU,gentry upper: knight,http://www.oxforddnb.com/view/article/9697,Family: Nuclear,son - father,A,1692,N,N,N,,,553,"The Flemings in Oxford Being Documents Selected from the Rydal Papers in Illustration of the Lives and Ways of Oxford Men 1650-1700. Vol. III 1691-1700. Ed. by Magrath, John Richard. Oxford Historical Society 79. 1924.",103,1680,1699,GFLEMING,FLEMIN2_152,1692
FLEMIN2_153,Fleming 2,1680-1699,H2BROUGHAM,Henry Jr.,Brougham,M,Clergy Lower,CL,"clergy lower: prebendary of Asgarby; professional: fellow of Queen's College, Oxford",28.0,1665.0,20-29,Other,N,Higher: Oxbridge,http://www.oxforddnb.com/view/article/3580,DFLEMING,Daniel,Fleming,M,GU,GU,gentry upper: knight,http://www.oxforddnb.com/view/article/9697,Family: Other,godson - godfather,A,1693,N,N,N,,,312,"The Flemings in Oxford Being Documents Selected from the Rydal Papers in Illustration of the Lives and Ways of Oxford Men 1650-1700. Vol. III 1691-1700. Ed. by Magrath, John Richard. Oxford Historical Society 79. 1924.",105,1680,1699,H2BROUGHAM,FLEMIN2_153,1693
FLEMIN2_154,Fleming 2,1680-1699,DFLEMING,Daniel,Fleming,M,Gentry Upper,GU,gentry upper: knight,60.0,1633.0,60-69,Northern England,U,,http://www.oxforddnb.com/view/article/9697,H2BROUGHAM,Henry Jr.,Brougham,M,CL,CL,"clergy lower: prebendary of Asgarby; professional: fellow of Queen's College, Oxford",http://www.oxforddnb.com/view/article/3580,Family: Other,godfather - godson,A,1693,N,N,N,,,213,"The Flemings in Oxford Being Documents Selected from the Rydal Papers in Illustration of the Lives and Ways of Oxford Men 1650-1700. Vol. III 1691-1700. Ed. by Magrath, John Richard. Oxford Historical Society 79. 1924.",109,1680,1699,DFLEMING,FLEMIN2_154,1693
FLEMIN2_156,Fleming 2,1680-1699,DFLEMING,Daniel,Fleming,M,Gentry Upper,GU,gentry upper: knight,60.0,1633.0,60-69,Northern England,U,,http://www.oxforddnb.com/view/article/9697,H2BROUGHAM,Henry Jr.,Brougham,M,CL,CL,"clergy lower: prebendary of Asgarby; professional: fellow of Queen's College, Oxford",http://www.oxforddnb.com/view/article/3580,Family: Other,godfather - godson,A,1693,N,N,N,,,252,"The Flemings in Oxford Being Documents Selected from the Rydal Papers in Illustration of the Lives and Ways of Oxford Men 1650-1700. Vol. III 1691-1700. Ed. by Magrath, John Richard. Oxford Historical Society 79. 1924.",118,1680,1699,DFLEMING,FLEMIN2_156,1693
FLEMIN2_157,Fleming 2,1680-1699,DFLEMING,Daniel,Fleming,M,Gentry Upper,GU,gentry upper: knight,60.0,1633.0,60-69,Northern England,U,,http://www.oxforddnb.com/view/article/9697,R2FLEMING,Fleming,Roger,M,GL,GL,"gentleman, vicar of Brigham 1705",,Family: Nuclear,father - son,A,1693,N,N,N,,,341,"The Flemings in Oxford Being Documents Selected from the Rydal Papers in Illustration of the Lives and Ways of Oxford Men 1650-1700. Vol. III 1691-1700. Ed. by Magrath, John Richard. Oxford Historical Society 79. 1924.",119,1680,1699,DFLEMING,FLEMIN2_157,1693
FLEMIN2_159,Fleming 2,1680-1699,DFLEMING,Daniel,Fleming,M,Gentry Upper,GU,gentry upper: knight,60.0,1633.0,60-69,Northern England,U,,http://www.oxforddnb.com/view/article/9697,R2FLEMING,Fleming,Roger,M,GL,GL,"gentleman, vicar of Brigham 1705",,Family: Nuclear,father - son,A,1693,N,N,N,,,150,"The Flemings in Oxford Being Documents Selected from the Rydal Papers in Illustration of the Lives and Ways of Oxford Men 1650-1700. Vol. III 1691-1700. Ed. by Magrath, John Richard. Oxford Historical Society 79. 1924.",120,1680,1699,DFLEMING,FLEMIN2_159,1693
FLEMIN2_161,Fleming 2,1680-1699,DFLEMING,Daniel,Fleming,M,Gentry Upper,GU,gentry upper: knight,60.0,1633.0,60-69,Northern England,U,,http://www.oxforddnb.com/view/article/9697,R2FLEMING,Fleming,Roger,M,GL,GL,"gentleman, vicar of Brigham 1705",,Family: Nuclear,father - son,A,1693,N,N,N,,,360,"The Flemings in Oxford Being Documents Selected from the Rydal Papers in Illustration of the Lives and Ways of Oxford Men 1650-1700. Vol. III 1691-1700. Ed. by Magrath, John Richard. Oxford Historical Society 79. 1924.",124,1680,1699,DFLEMING,FLEMIN2_161,1693
FLEMIN2_164,Fleming 2,1680-1699,DFLEMING,Daniel,Fleming,M,Gentry Upper,GU,gentry upper: knight,60.0,1633.0,60-69,Northern England,U,,http://www.oxforddnb.com/view/article/9697,JLOWTHER,John,Lowther,M,GU,GU,gentry upper: 2nd baronet; commissioner of the admiralty 1689-96,http://www.oxforddnb.com/view/article/37694,Other,?,A,1693,N,N,N,,,218,"The Flemings in Oxford Being Documents Selected from the Rydal Papers in Illustration of the Lives and Ways of Oxford Men 1650-1700. Vol. III 1691-1700. Ed. by Magrath, John Richard. Oxford Historical Society 79. 1924.",130,1680,1699,DFLEMING,FLEMIN2_164,1693
FLEMIN2_165,Fleming 2,1680-1699,DFLEMING,Daniel,Fleming,M,Gentry Upper,GU,gentry upper: knight,60.0,1633.0,60-69,Northern England,U,,http://www.oxforddnb.com/view/article/9697,JLOWTHER,John,Lowther,M,GU,GU,gentry upper: 2nd baronet; commissioner of the admiralty 1689-96,http://www.oxforddnb.com/view/article/37694,Other,?,A,1693,N,N,N,,,182,"The Flemings in Oxford Being Documents Selected from the Rydal Papers in Illustration of the Lives and Ways of Oxford Men 1650-1700. Vol. III 1691-1700. Ed. by Magrath, John Richard. Oxford Historical Society 79. 1924.",132,1680,1699,DFLEMING,FLEMIN2_165,1693
FLEMIN2_167,Fleming 2,1680-1699,DFLEMING,Daniel,Fleming,M,Gentry Upper,GU,gentry upper: knight,60.0,1633.0,60-69,Northern England,U,,http://www.oxforddnb.com/view/article/9697,JLOWTHER,John,Lowther,M,GU,GU,gentry upper: 2nd baronet; commissioner of the admiralty 1689-96,http://www.oxforddnb.com/view/article/37694,Other,?,A,1693,N,N,N,,,136,"The Flemings in Oxford Being Documents Selected from the Rydal Papers in Illustration of the Lives and Ways of Oxford Men 1650-1700. Vol. III 1691-1700. Ed. by Magrath, John Richard. Oxford Historical Society 79. 1924.",138,1680,1699,DFLEMING,FLEMIN2_167,1693
FLEMIN2_170,Fleming 2,1680-1699,DFLEMING,Daniel,Fleming,M,Gentry Upper,GU,gentry upper: knight,60.0,1633.0,60-69,Northern England,U,,http://www.oxforddnb.com/view/article/9697,R2FLEMING,Fleming,Roger,M,GL,GL,"gentleman, vicar of Brigham 1705",,Family: Nuclear,father - son,A,1693,N,N,N,,,257,"The Flemings in Oxford Being Documents Selected from the Rydal Papers in Illustration of the Lives and Ways of Oxford Men 1650-1700. Vol. III 1691-1700. Ed. by Magrath, John Richard. Oxford Historical Society 79. 1924.",141,1680,1699,DFLEMING,FLEMIN2_170,1693
FLEMIN2_172,Fleming 2,1680-1699,H2BROUGHAM,Henry Jr.,Brougham,M,Clergy Lower,CL,"clergy lower: prebendary of Asgarby; professional: fellow of Queen's College, Oxford",28.0,1665.0,20-29,Other,N,Higher: Oxbridge,http://www.oxforddnb.com/view/article/3580,DFLEMING,Daniel,Fleming,M,GU,GU,gentry upper: knight,http://www.oxforddnb.com/view/article/9697,Family: Other,godson - godfather,A,1693,N,N,N,,,194,"The Flemings in Oxford Being Documents Selected from the Rydal Papers in Illustration of the Lives and Ways of Oxford Men 1650-1700. Vol. III 1691-1700. Ed. by Magrath, John Richard. Oxford Historical Society 79. 1924.",145,1680,1699,H2BROUGHAM,FLEMIN2_172,1693
FLEMIN2_174,Fleming 2,1680-1699,DFLEMING,Daniel,Fleming,M,Gentry Upper,GU,gentry upper: knight,61.0,1633.0,60-69,Northern England,U,,http://www.oxforddnb.com/view/article/9697,JLOWTHER,John,Lowther,M,GU,GU,gentry upper: 2nd baronet; commissioner of the admiralty 1689-96,http://www.oxforddnb.com/view/article/37694,Other,?,A,1694,N,N,N,,,256,"The Flemings in Oxford Being Documents Selected from the Rydal Papers in Illustration of the Lives and Ways of Oxford Men 1650-1700. Vol. III 1691-1700. Ed. by Magrath, John Richard. Oxford Historical Society 79. 1924.",146,1680,1699,DFLEMING,FLEMIN2_174,1694
FLEMIN2_175,Fleming 2,1680-1699,DFLEMING,Daniel,Fleming,M,Gentry Upper,GU,gentry upper: knight,60.0,1633.0,60-69,Northern England,U,,http://www.oxforddnb.com/view/article/9697,R2FLEMING,Fleming,Roger,M,GL,GL,"gentleman, vicar of Brigham 1705",,Family: Nuclear,father - son,A,1693,N,N,N,,,146,"The Flemings in Oxford Being Documents Selected from the Rydal Papers in Illustration of the Lives and Ways of Oxford Men 1650-1700. Vol. III 1691-1700. Ed. by Magrath, John Richard. Oxford Historical Society 79. 1924.",150,1680,1699,DFLEMING,FLEMIN2_175,1693
FLEMIN2_176,Fleming 2,1680-1699,DFLEMING,Daniel,Fleming,M,Gentry Upper,GU,gentry upper: knight,60.0,1633.0,60-69,Northern England,U,,http://www.oxforddnb.com/view/article/9697,R2FLEMING,Fleming,Roger,M,GL,GL,"gentleman, vicar of Brigham 1705",,Family: Nuclear,father - son,A,1693,N,N,N,,,371,"The Flemings in Oxford Being Documents Selected from the Rydal Papers in Illustration of the Lives and Ways of Oxford Men 1650-1700. Vol. III 1691-1700. Ed. by Magrath, John Richard. Oxford Historical Society 79. 1924.",153,1680,1699,DFLEMING,FLEMIN2_176,1693
FLEMIN2_178,Fleming 2,1680-1699,H2BROUGHAM,Henry Jr.,Brougham,M,Clergy Lower,CL,"clergy lower: prebendary of Asgarby; professional: fellow of Queen's College, Oxford",29.0,1665.0,20-29,Other,N,Higher: Oxbridge,http://www.oxforddnb.com/view/article/3580,DFLEMING,Daniel,Fleming,M,GU,GU,gentry upper: knight,http://www.oxforddnb.com/view/article/9697,Family: Other,godson - godfather,A,1694,N,N,N,,,914,"The Flemings in Oxford Being Documents Selected from the Rydal Papers in Illustration of the Lives and Ways of Oxford Men 1650-1700. Vol. III 1691-1700. Ed. by Magrath, John Richard. Oxford Historical Society 79. 1924.",162,1680,1699,H2BROUGHAM,FLEMIN2_178,1694
FLEMIN2_180,Fleming 2,1680-1699,DFLEMING,Daniel,Fleming,M,Gentry Upper,GU,gentry upper: knight,61.0,1633.0,60-69,Northern England,U,,http://www.oxforddnb.com/view/article/9697,JFLEMING,James,Fleming,M,P,P,?,,Family: Nuclear,father - son,A,1694,N,N,N,,,166,"The Flemings in Oxford Being Documents Selected from the Rydal Papers in Illustration of the Lives and Ways of Oxford Men 1650-1700. Vol. III 1691-1700. Ed. by Magrath, John Richard. Oxford Historical Society 79. 1924.",168,1680,1699,DFLEMING,FLEMIN2_180,1694
FLEMIN2_181,Fleming 2,1680-1699,DFLEMING,Daniel,Fleming,M,Gentry Upper,GU,gentry upper: knight,61.0,1633.0,60-69,Northern England,U,,http://www.oxforddnb.com/view/article/9697,H2BROUGHAM,Henry Jr.,Brougham,M,CL,CL,"clergy lower: prebendary of Asgarby; professional: fellow of Queen's College, Oxford",http://www.oxforddnb.com/view/article/3580,Family: Other,godfather - godson,A,1694,N,N,N,,,184,"The Flemings in Oxford Being Documents Selected from the Rydal Papers in Illustration of the Lives and Ways of Oxford Men 1650-1700. Vol. III 1691-1700. Ed. by Magrath, John Richard. Oxford Historical Society 79. 1924.",168,1680,1699,DFLEMING,FLEMIN2_181,1694
FLEMIN2_182,Fleming 2,1680-1699,DFLEMING,Daniel,Fleming,M,Gentry Upper,GU,gentry upper: knight,61.0,1633.0,60-69,Northern England,U,,http://www.oxforddnb.com/view/article/9697,R2FLEMING,Fleming,Roger,M,GL,GL,"gentleman, vicar of Brigham 1705",,Family: Nuclear,father - son,A,1694,N,N,N,,,273,"The Flemings in Oxford Being Documents Selected from the Rydal Papers in Illustration of the Lives and Ways of Oxford Men 1650-1700. Vol. III 1691-1700. Ed. by Magrath, John Richard. Oxford Historical Society 79. 1924.",170,1680,1699,DFLEMING,FLEMIN2_182,1694
FLEMIN2_183,Fleming 2,1680-1699,DFLEMING,Daniel,Fleming,M,Gentry Upper,GU,gentry upper: knight,61.0,1633.0,60-69,Northern England,U,,http://www.oxforddnb.com/view/article/9697,JFLEMING,James,Fleming,M,P,P,?,,Family: Nuclear,father - son,A,1694,N,N,N,,,157,"The Flemings in Oxford Being Documents Selected from the Rydal Papers in Illustration of the Lives and Ways of Oxford Men 1650-1700. Vol. III 1691-1700. Ed. by Magrath, John Richard. Oxford Historical Society 79. 1924.",171,1680,1699,DFLEMING,FLEMIN2_183,1694
FLEMIN2_184,Fleming 2,1680-1699,H2BROUGHAM,Henry Jr.,Brougham,M,Clergy Lower,CL,"clergy lower: prebendary of Asgarby; professional: fellow of Queen's College, Oxford",29.0,1665.0,20-29,Other,N,Higher: Oxbridge,http://www.oxforddnb.com/view/article/3580,DFLEMING,Daniel,Fleming,M,GU,GU,gentry upper: knight,http://www.oxforddnb.com/view/article/9697,Family: Other,godson - godfather,A,1694,N,N,N,,,175,"The Flemings in Oxford Being Documents Selected from the Rydal Papers in Illustration of the Lives and Ways of Oxford Men 1650-1700. Vol. III 1691-1700. Ed. by Magrath, John Richard. Oxford Historical Society 79. 1924.",174,1680,1699,H2BROUGHAM,FLEMIN2_184,1694
FLEMIN2_185,Fleming 2,1680-1699,GFLEMING,George,Fleming,M,Clergy Lower,CU,clergy lower (had the living of Aspatria); graduate student at Oxford,27.0,1667.0,20-29,Northern England,U,Higher: Oxbridge,http://www.oxforddnb.com/view/article/9698,DFLEMING,Daniel,Fleming,M,GU,GU,gentry upper: knight,http://www.oxforddnb.com/view/article/9697,Family: Nuclear,son - father,A,1694,N,N,N,,,328,"The Flemings in Oxford Being Documents Selected from the Rydal Papers in Illustration of the Lives and Ways of Oxford Men 1650-1700. Vol. III 1691-1700. Ed. by Magrath, John Richard. Oxford Historical Society 79. 1924.",175,1680,1699,GFLEMING,FLEMIN2_185,1694
FLEMIN2_188,Fleming 2,1680-1699,DFLEMING,Daniel,Fleming,M,Gentry Upper,GU,gentry upper: knight,61.0,1633.0,60-69,Northern England,U,,http://www.oxforddnb.com/view/article/9697,GFLEMING,George,Fleming,M,CL,CU,clergy lower (had the living of Aspatria); graduate student at Oxford,http://www.oxforddnb.com/view/article/9698,Family: Nuclear,father - son,A,1694,N,N,N,,,315,"The Flemings in Oxford Being Documents Selected from the Rydal Papers in Illustration of the Lives and Ways of Oxford Men 1650-1700. Vol. III 1691-1700. Ed. by Magrath, John Richard. Oxford Historical Society 79. 1924.",183,1680,1699,DFLEMING,FLEMIN2_188,1694
FLEMIN2_189,Fleming 2,1680-1699,H2BROUGHAM,Henry Jr.,Brougham,M,Clergy Lower,CL,"clergy lower: prebendary of Asgarby; professional: fellow of Queen's College, Oxford",29.0,1665.0,20-29,Other,N,Higher: Oxbridge,http://www.oxforddnb.com/view/article/3580,DFLEMING,Daniel,Fleming,M,GU,GU,gentry upper: knight,http://www.oxforddnb.com/view/article/9697,Family: Other,godson - godfather,A,1694,N,N,N,,,338,"The Flemings in Oxford Being Documents Selected from the Rydal Papers in Illustration of the Lives and Ways of Oxford Men 1650-1700. Vol. III 1691-1700. Ed. by Magrath, John Richard. Oxford Historical Society 79. 1924.",184,1680,1699,H2BROUGHAM,FLEMIN2_189,1694
FLEMIN2_192,Fleming 2,1680-1699,GFLEMING,George,Fleming,M,Clergy Lower,CU,clergy lower (had the living of Aspatria); graduate student at Oxford,27.0,1667.0,20-29,Northern England,U,Higher: Oxbridge,http://www.oxforddnb.com/view/article/9698,DFLEMING,Daniel,Fleming,M,GU,GU,gentry upper: knight,http://www.oxforddnb.com/view/article/9697,Family: Nuclear,son - father,A,1694,N,N,N,,,447,"The Flemings in Oxford Being Documents Selected from the Rydal Papers in Illustration of the Lives and Ways of Oxford Men 1650-1700. Vol. III 1691-1700. Ed. by Magrath, John Richard. Oxford Historical Society 79. 1924.",190,1680,1699,GFLEMING,FLEMIN2_192,1694
FLEMIN2_193,Fleming 2,1680-1699,DFLEMING,Daniel,Fleming,M,Gentry Upper,GU,gentry upper: knight,61.0,1633.0,60-69,Northern England,U,,http://www.oxforddnb.com/view/article/9697,R2FLEMING,Fleming,Roger,M,GL,GL,"gentleman, vicar of Brigham 1705",,Family: Nuclear,father - son,A,1694,N,N,N,,,130,"The Flemings in Oxford Being Documents Selected from the Rydal Papers in Illustration of the Lives and Ways of Oxford Men 1650-1700. Vol. III 1691-1700. Ed. by Magrath, John Richard. Oxford Historical Society 79. 1924.",202,1680,1699,DFLEMING,FLEMIN2_193,1694
FLEMIN2_196,Fleming 2,1680-1699,DFLEMING,Daniel,Fleming,M,Gentry Upper,GU,gentry upper: knight,62.0,1633.0,60-69,Northern England,U,,http://www.oxforddnb.com/view/article/9697,H2BROUGHAM,Henry Jr.,Brougham,M,CL,CL,"clergy lower: prebendary of Asgarby; professional: fellow of Queen's College, Oxford",http://www.oxforddnb.com/view/article/3580,Family: Other,godfather - godson,A,1695,N,N,N,,,197,"The Flemings in Oxford Being Documents Selected from the Rydal Papers in Illustration of the Lives and Ways of Oxford Men 1650-1700. Vol. III 1691-1700. Ed. by Magrath, John Richard. Oxford Historical Society 79. 1924.",206,1680,1699,DFLEMING,FLEMIN2_196,1695
FLEMIN2_198,Fleming 2,1680-1699,H2BROUGHAM,Henry Jr.,Brougham,M,Clergy Lower,CL,"clergy lower: prebendary of Asgarby; professional: fellow of Queen's College, Oxford",30.0,1665.0,30-39,Other,N,Higher: Oxbridge,http://www.oxforddnb.com/view/article/3580,DFLEMING,Daniel,Fleming,M,GU,GU,gentry upper: knight,http://www.oxforddnb.com/view/article/9697,Family: Other,godson - godfather,A,1695,N,N,N,,,300,"The Flemings in Oxford Being Documents Selected from the Rydal Papers in Illustration of the Lives and Ways of Oxford Men 1650-1700. Vol. III 1691-1700. Ed. by Magrath, John Richard. Oxford Historical Society 79. 1924.",208,1680,1699,H2BROUGHAM,FLEMIN2_198,1695
FLEMIN2_200,Fleming 2,1680-1699,DFLEMING,Daniel,Fleming,M,Gentry Upper,GU,gentry upper: knight,62.0,1633.0,60-69,Northern England,U,,http://www.oxforddnb.com/view/article/9697,R2FLEMING,Fleming,Roger,M,GL,GL,"gentleman, vicar of Brigham 1705",,Family: Nuclear,father - son,A,1695,N,N,N,,,176,"The Flemings in Oxford Being Documents Selected from the Rydal Papers in Illustration of the Lives and Ways of Oxford Men 1650-1700. Vol. III 1691-1700. Ed. by Magrath, John Richard. Oxford Historical Society 79. 1924.",211,1680,1699,DFLEMING,FLEMIN2_200,1695
FLEMIN2_203,Fleming 2,1680-1699,H2BROUGHAM,Henry Jr.,Brougham,M,Clergy Lower,CL,"clergy lower: prebendary of Asgarby; professional: fellow of Queen's College, Oxford",30.0,1665.0,30-39,Other,N,Higher: Oxbridge,http://www.oxforddnb.com/view/article/3580,DFLEMING,Daniel,Fleming,M,GU,GU,gentry upper: knight,http://www.oxforddnb.com/view/article/9697,Family: Other,godson - godfather,A,1695,N,N,N,,,209,"The Flemings in Oxford Being Documents Selected from the Rydal Papers in Illustration of the Lives and Ways of Oxford Men 1650-1700. Vol. III 1691-1700. Ed. by Magrath, John Richard. Oxford Historical Society 79. 1924.",224,1680,1699,H2BROUGHAM,FLEMIN2_203,1695
FLEMIN2_207,Fleming 2,1680-1699,GFLEMING,George,Fleming,M,Clergy Lower,CU,clergy lower (had the living of Aspatria); graduate student at Oxford,28.0,1667.0,20-29,Northern England,U,Higher: Oxbridge,http://www.oxforddnb.com/view/article/9698,DFLEMING,Daniel,Fleming,M,GU,GU,gentry upper: knight,http://www.oxforddnb.com/view/article/9697,Family: Nuclear,son - father,A,1695,N,N,N,,,321,"The Flemings in Oxford Being Documents Selected from the Rydal Papers in Illustration of the Lives and Ways of Oxford Men 1650-1700. Vol. III 1691-1700. Ed. by Magrath, John Richard. Oxford Historical Society 79. 1924.",236,1680,1699,GFLEMING,FLEMIN2_207,1695
FLEMIN2_208,Fleming 2,1680-1699,DFLEMING,Daniel,Fleming,M,Gentry Upper,GU,gentry upper: knight,62.0,1633.0,60-69,Northern England,U,,http://www.oxforddnb.com/view/article/9697,JFLEMING,James,Fleming,M,P,P,?,,Family: Nuclear,father - son,A,1695,N,N,N,,,394,"The Flemings in Oxford Being Documents Selected from the Rydal Papers in Illustration of the Lives and Ways of Oxford Men 1650-1700. Vol. III 1691-1700. Ed. by Magrath, John Richard. Oxford Historical Society 79. 1924.",241,1680,1699,DFLEMING,FLEMIN2_208,1695
FLEMIN2_209,Fleming 2,1680-1699,H2BROUGHAM,Henry Jr.,Brougham,M,Clergy Lower,CL,"clergy lower: prebendary of Asgarby; professional: fellow of Queen's College, Oxford",30.0,1665.0,30-39,Other,N,Higher: Oxbridge,http://www.oxforddnb.com/view/article/3580,DFLEMING,Daniel,Fleming,M,GU,GU,gentry upper: knight,http://www.oxforddnb.com/view/article/9697,Family: Other,godson - godfather,A,1695,N,N,N,,,287,"The Flemings in Oxford Being Documents Selected from the Rydal Papers in Illustration of the Lives and Ways of Oxford Men 1650-1700. Vol. III 1691-1700. Ed. by Magrath, John Richard. Oxford Historical Society 79. 1924.",245,1680,1699,H2BROUGHAM,FLEMIN2_209,1695
FLEMIN2_210,Fleming 2,1680-1699,DFLEMING,Daniel,Fleming,M,Gentry Upper,GU,gentry upper: knight,62.0,1633.0,60-69,Northern England,U,,http://www.oxforddnb.com/view/article/9697,GFLEMING,George,Fleming,M,CL,CU,clergy lower (had the living of Aspatria); graduate student at Oxford,http://www.oxforddnb.com/view/article/9698,Family: Nuclear,father - son,A,1695,N,N,N,,,237,"The Flemings in Oxford Being Documents Selected from the Rydal Papers in Illustration of the Lives and Ways of Oxford Men 1650-1700. Vol. III 1691-1700. Ed. by Magrath, John Richard. Oxford Historical Society 79. 1924.",247,1680,1699,DFLEMING,FLEMIN2_210,1695
FLEMIN2_211,Fleming 2,1680-1699,DFLEMING,Daniel,Fleming,M,Gentry Upper,GU,gentry upper: knight,62.0,1633.0,60-69,Northern England,U,,http://www.oxforddnb.com/view/article/9697,H2BROUGHAM,Henry Jr.,Brougham,M,CL,CL,"clergy lower: prebendary of Asgarby; professional: fellow of Queen's College, Oxford",http://www.oxforddnb.com/view/article/3580,Family: Other,godfather - godson,A,1695,N,N,N,,,267,"The Flemings in Oxford Being Documents Selected from the Rydal Papers in Illustration of the Lives and Ways of Oxford Men 1650-1700. Vol. III 1691-1700. Ed. by Magrath, John Richard. Oxford Historical Society 79. 1924.",247,1680,1699,DFLEMING,FLEMIN2_211,1695
FLEMIN2_213,Fleming 2,1680-1699,GFLEMING,George,Fleming,M,Clergy Lower,CU,clergy lower (had the living of Aspatria); graduate student at Oxford,28.0,1667.0,20-29,Northern England,U,Higher: Oxbridge,http://www.oxforddnb.com/view/article/9698,DFLEMING,Daniel,Fleming,M,GU,GU,gentry upper: knight,http://www.oxforddnb.com/view/article/9697,Family: Nuclear,son - father,A,1695,N,N,N,,,255,"The Flemings in Oxford Being Documents Selected from the Rydal Papers in Illustration of the Lives and Ways of Oxford Men 1650-1700. Vol. III 1691-1700. Ed. by Magrath, John Richard. Oxford Historical Society 79. 1924.",250,1680,1699,GFLEMING,FLEMIN2_213,1695
FLEMIN2_215,Fleming 2,1680-1699,DFLEMING,Daniel,Fleming,M,Gentry Upper,GU,gentry upper: knight,62.0,1633.0,60-69,Northern England,U,,http://www.oxforddnb.com/view/article/9697,GFLEMING,George,Fleming,M,CL,CU,clergy lower (had the living of Aspatria); graduate student at Oxford,http://www.oxforddnb.com/view/article/9698,Family: Nuclear,father - son,A,1695,N,N,N,,,523,"The Flemings in Oxford Being Documents Selected from the Rydal Papers in Illustration of the Lives and Ways of Oxford Men 1650-1700. Vol. III 1691-1700. Ed. by Magrath, John Richard. Oxford Historical Society 79. 1924.",260,1680,1699,DFLEMING,FLEMIN2_215,1695
FLEMIN2_216,Fleming 2,1680-1699,DFLEMING,Daniel,Fleming,M,Gentry Upper,GU,gentry upper: knight,62.0,1633.0,60-69,Northern England,U,,http://www.oxforddnb.com/view/article/9697,JFLEMING,James,Fleming,M,P,P,?,,Family: Nuclear,father - son,A,1695,N,N,N,,,125,"The Flemings in Oxford Being Documents Selected from the Rydal Papers in Illustration of the Lives and Ways of Oxford Men 1650-1700. Vol. III 1691-1700. Ed. by Magrath, John Richard. Oxford Historical Society 79. 1924.",263,1680,1699,DFLEMING,FLEMIN2_216,1695
FLEMIN2_217,Fleming 2,1680-1699,DFLEMING,Daniel,Fleming,M,Gentry Upper,GU,gentry upper: knight,62.0,1633.0,60-69,Northern England,U,,http://www.oxforddnb.com/view/article/9697,H2BROUGHAM,Henry Jr.,Brougham,M,CL,CL,"clergy lower: prebendary of Asgarby; professional: fellow of Queen's College, Oxford",http://www.oxforddnb.com/view/article/3580,Family: Other,godfather - godson,A,1695,N,N,N,,,182,"The Flemings in Oxford Being Documents Selected from the Rydal Papers in Illustration of the Lives and Ways of Oxford Men 1650-1700. Vol. III 1691-1700. Ed. by Magrath, John Richard. Oxford Historical Society 79. 1924.",264,1680,1699,DFLEMING,FLEMIN2_217,1695
FLEMIN2_218,Fleming 2,1680-1699,DFLEMING,Daniel,Fleming,M,Gentry Upper,GU,gentry upper: knight,62.0,1633.0,60-69,Northern England,U,,http://www.oxforddnb.com/view/article/9697,JFLEMING,James,Fleming,M,P,P,?,,Family: Nuclear,father - son,A,1695,N,N,N,,,259,"The Flemings in Oxford Being Documents Selected from the Rydal Papers in Illustration of the Lives and Ways of Oxford Men 1650-1700. Vol. III 1691-1700. Ed. by Magrath, John Richard. Oxford Historical Society 79. 1924.",264,1680,1699,DFLEMING,FLEMIN2_218,1695
FLEMIN2_219,Fleming 2,1680-1699,H2BROUGHAM,Henry Jr.,Brougham,M,Clergy Lower,CL,"clergy lower: prebendary of Asgarby; professional: fellow of Queen's College, Oxford",31.0,1665.0,30-39,Other,N,Higher: Oxbridge,http://www.oxforddnb.com/view/article/3580,DFLEMING,Daniel,Fleming,M,GU,GU,gentry upper: knight,http://www.oxforddnb.com/view/article/9697,Family: Other,godson - godfather,A,1696,N,N,N,,,324,"The Flemings in Oxford Being Documents Selected from the Rydal Papers in Illustration of the Lives and Ways of Oxford Men 1650-1700. Vol. III 1691-1700. Ed. by Magrath, John Richard. Oxford Historical Society 79. 1924.",266,1680,1699,H2BROUGHAM,FLEMIN2_219,1696
FLEMIN2_220,Fleming 2,1680-1699,GFLEMING,George,Fleming,M,Clergy Lower,CU,clergy lower (had the living of Aspatria); graduate student at Oxford,28.0,1667.0,20-29,Northern England,U,Higher: Oxbridge,http://www.oxforddnb.com/view/article/9698,DFLEMING,Daniel,Fleming,M,GU,GU,gentry upper: knight,http://www.oxforddnb.com/view/article/9697,Family: Nuclear,son - father,A,1695,N,N,N,,,531,"The Flemings in Oxford Being Documents Selected from the Rydal Papers in Illustration of the Lives and Ways of Oxford Men 1650-1700. Vol. III 1691-1700. Ed. by Magrath, John Richard. Oxford Historical Society 79. 1924.",269,1680,1699,GFLEMING,FLEMIN2_220,1695
FLEMIN2_221,Fleming 2,1680-1699,HFLEMING,Henry,Fleming,M,Clergy Lower,CL,"rector of Grasmere 1685, rector of Asby 1694-1728",37.0,1659.0,30-39,Northern England,D,Higher: Oxbridge,,DFLEMING,Daniel,Fleming,M,GU,GU,gentry upper: knight,http://www.oxforddnb.com/view/article/9697,Family: Nuclear,son - father,A,1696,N,N,N,,,245,"The Flemings in Oxford Being Documents Selected from the Rydal Papers in Illustration of the Lives and Ways of Oxford Men 1650-1700. Vol. III 1691-1700. Ed. by Magrath, John Richard. Oxford Historical Society 79. 1924.",275,1680,1699,HFLEMING,FLEMIN2_221,1696
FLEMIN2_222,Fleming 2,1680-1699,DFLEMING,Daniel,Fleming,M,Gentry Upper,GU,gentry upper: knight,63.0,1633.0,60-69,Northern England,U,,http://www.oxforddnb.com/view/article/9697,GFLEMING,George,Fleming,M,CL,CU,clergy lower (had the living of Aspatria); graduate student at Oxford,http://www.oxforddnb.com/view/article/9698,Family: Nuclear,father - son,A,1696,N,N,N,,,417,"The Flemings in Oxford Being Documents Selected from the Rydal Papers in Illustration of the Lives and Ways of Oxford Men 1650-1700. Vol. III 1691-1700. Ed. by Magrath, John Richard. Oxford Historical Society 79. 1924.",283,1680,1699,DFLEMING,FLEMIN2_222,1696
FLEMIN2_223,Fleming 2,1680-1699,GFLEMING,George,Fleming,M,Clergy Lower,CU,clergy lower (had the living of Aspatria); graduate student at Oxford,29.0,1667.0,20-29,Northern England,U,Higher: Oxbridge,http://www.oxforddnb.com/view/article/9698,DFLEMING,Daniel,Fleming,M,GU,GU,gentry upper: knight,http://www.oxforddnb.com/view/article/9697,Family: Nuclear,son - father,A,1696,N,N,N,,,534,"The Flemings in Oxford Being Documents Selected from the Rydal Papers in Illustration of the Lives and Ways of Oxford Men 1650-1700. Vol. III 1691-1700. Ed. by Magrath, John Richard. Oxford Historical Society 79. 1924.",286,1680,1699,GFLEMING,FLEMIN2_223,1696
FLEMIN2_224,Fleming 2,1680-1699,HFLEMING,Henry,Fleming,M,Clergy Lower,CL,"rector of Grasmere 1685, rector of Asby 1694-1728",37.0,1659.0,30-39,Northern England,D,Higher: Oxbridge,,DFLEMING,Daniel,Fleming,M,GU,GU,gentry upper: knight,http://www.oxforddnb.com/view/article/9697,Family: Nuclear,son - father,A,1696,N,N,N,,,283,"The Flemings in Oxford Being Documents Selected from the Rydal Papers in Illustration of the Lives and Ways of Oxford Men 1650-1700. Vol. III 1691-1700. Ed. by Magrath, John Richard. Oxford Historical Society 79. 1924.",294,1680,1699,HFLEMING,FLEMIN2_224,1696
FLEMIN2_225,Fleming 2,1680-1699,DFLEMING,Daniel,Fleming,M,Gentry Upper,GU,gentry upper: knight,63.0,1633.0,60-69,Northern England,U,,http://www.oxforddnb.com/view/article/9697,JWAUGH,John,Waugh,M,P,CU,"professional: fellow of Queen's College, Oxford; clergy lower",http://www.oxforddnb.com/view/article/64095,Other,father of student - tutor,A,1696,N,N,N,,,175,"The Flemings in Oxford Being Documents Selected from the Rydal Papers in Illustration of the Lives and Ways of Oxford Men 1650-1700. Vol. III 1691-1700. Ed. by Magrath, John Richard. Oxford Historical Society 79. 1924.",296,1680,1699,DFLEMING,FLEMIN2_225,1696
FLEMIN2_226,Fleming 2,1680-1699,DFLEMING,Daniel,Fleming,M,Gentry Upper,GU,gentry upper: knight,63.0,1633.0,60-69,Northern England,U,,http://www.oxforddnb.com/view/article/9697,GFLEMING,George,Fleming,M,CL,CU,clergy lower (had the living of Aspatria); graduate student at Oxford,http://www.oxforddnb.com/view/article/9698,Family: Nuclear,father - son,A,1696,N,N,N,,,287,"The Flemings in Oxford Being Documents Selected from the Rydal Papers in Illustration of the Lives and Ways of Oxford Men 1650-1700. Vol. III 1691-1700. Ed. by Magrath, John Richard. Oxford Historical Society 79. 1924.",297,1680,1699,DFLEMING,FLEMIN2_226,1696
FLEMIN2_227,Fleming 2,1680-1699,DFLEMING,Daniel,Fleming,M,Gentry Upper,GU,gentry upper: knight,63.0,1633.0,60-69,Northern England,U,,http://www.oxforddnb.com/view/article/9697,JFLEMING,James,Fleming,M,P,P,?,,Family: Nuclear,father - son,A,1696,N,N,N,,,128,"The Flemings in Oxford Being Documents Selected from the Rydal Papers in Illustration of the Lives and Ways of Oxford Men 1650-1700. Vol. III 1691-1700. Ed. by Magrath, John Richard. Oxford Historical Society 79. 1924.",298,1680,1699,DFLEMING,FLEMIN2_227,1696
FLEMIN2_229,Fleming 2,1680-1699,GFLEMING,George,Fleming,M,Clergy Lower,CU,clergy lower (had the living of Aspatria); graduate student at Oxford,29.0,1667.0,20-29,Northern England,U,Higher: Oxbridge,http://www.oxforddnb.com/view/article/9698,DFLEMING,Daniel,Fleming,M,GU,GU,gentry upper: knight,http://www.oxforddnb.com/view/article/9697,Family: Nuclear,son - father,A,1696,N,N,N,,,289,"The Flemings in Oxford Being Documents Selected from the Rydal Papers in Illustration of the Lives and Ways of Oxford Men 1650-1700. Vol. III 1691-1700. Ed. by Magrath, John Richard. Oxford Historical Society 79. 1924.",302,1680,1699,GFLEMING,FLEMIN2_229,1696
FLEMIN2_230,Fleming 2,1680-1699,DFLEMING,Daniel,Fleming,M,Gentry Upper,GU,gentry upper: knight,63.0,1633.0,60-69,Northern England,U,,http://www.oxforddnb.com/view/article/9697,JWAUGH,John,Waugh,M,P,CU,"professional: fellow of Queen's College, Oxford; clergy lower",http://www.oxforddnb.com/view/article/64095,Other,father of student - tutor,A,1696,N,N,N,,,247,"The Flemings in Oxford Being Documents Selected from the Rydal Papers in Illustration of the Lives and Ways of Oxford Men 1650-1700. Vol. III 1691-1700. Ed. by Magrath, John Richard. Oxford Historical Society 79. 1924.",305,1680,1699,DFLEMING,FLEMIN2_230,1696
FLEMIN2_231,Fleming 2,1680-1699,GFLEMING,George,Fleming,M,Clergy Lower,CU,clergy lower (had the living of Aspatria); graduate student at Oxford,29.0,1667.0,20-29,Northern England,U,Higher: Oxbridge,http://www.oxforddnb.com/view/article/9698,DFLEMING,Daniel,Fleming,M,GU,GU,gentry upper: knight,http://www.oxforddnb.com/view/article/9697,Family: Nuclear,son - father,A,1696,N,N,N,,,649,"The Flemings in Oxford Being Documents Selected from the Rydal Papers in Illustration of the Lives and Ways of Oxford Men 1650-1700. Vol. III 1691-1700. Ed. by Magrath, John Richard. Oxford Historical Society 79. 1924.",309,1680,1699,GFLEMING,FLEMIN2_231,1696
FLEMIN2_233,Fleming 2,1680-1699,DFLEMING,Daniel,Fleming,M,Gentry Upper,GU,gentry upper: knight,63.0,1633.0,60-69,Northern England,U,,http://www.oxforddnb.com/view/article/9697,JWAUGH,John,Waugh,M,P,CU,"professional: fellow of Queen's College, Oxford; clergy lower",http://www.oxforddnb.com/view/article/64095,Other,father of student - tutor,A,1696,N,N,N,,,306,"The Flemings in Oxford Being Documents Selected from the Rydal Papers in Illustration of the Lives and Ways of Oxford Men 1650-1700. Vol. III 1691-1700. Ed. by Magrath, John Richard. Oxford Historical Society 79. 1924.",315,1680,1699,DFLEMING,FLEMIN2_233,1696
FLEMIN2_234,Fleming 2,1680-1699,GFLEMING,George,Fleming,M,Clergy Lower,CU,clergy lower (had the living of Aspatria); graduate student at Oxford,29.0,1667.0,20-29,Northern England,U,Higher: Oxbridge,http://www.oxforddnb.com/view/article/9698,DFLEMING,Daniel,Fleming,M,GU,GU,gentry upper: knight,http://www.oxforddnb.com/view/article/9697,Family: Nuclear,son - father,A,1696,N,N,N,,,527,"The Flemings in Oxford Being Documents Selected from the Rydal Papers in Illustration of the Lives and Ways of Oxford Men 1650-1700. Vol. III 1691-1700. Ed. by Magrath, John Richard. Oxford Historical Society 79. 1924.",316,1680,1699,GFLEMING,FLEMIN2_234,1696
FLEMIN2_235,Fleming 2,1680-1699,DFLEMING,Daniel,Fleming,M,Gentry Upper,GU,gentry upper: knight,63.0,1633.0,60-69,Northern England,U,,http://www.oxforddnb.com/view/article/9697,GFLEMING,George,Fleming,M,CL,CU,clergy lower (had the living of Aspatria); graduate student at Oxford,http://www.oxforddnb.com/view/article/9698,Family: Nuclear,father - son,A,1696,N,N,N,,,365,"The Flemings in Oxford Being Documents Selected from the Rydal Papers in Illustration of the Lives and Ways of Oxford Men 1650-1700. Vol. III 1691-1700. Ed. by Magrath, John Richard. Oxford Historical Society 79. 1924.",318,1680,1699,DFLEMING,FLEMIN2_235,1696
FLEMIN2_236,Fleming 2,1680-1699,GFLEMING,George,Fleming,M,Clergy Lower,CU,clergy lower (had the living of Aspatria); graduate student at Oxford,30.0,1667.0,30-39,Northern England,U,Higher: Oxbridge,http://www.oxforddnb.com/view/article/9698,DFLEMING,Daniel,Fleming,M,GU,GU,gentry upper: knight,http://www.oxforddnb.com/view/article/9697,Family: Nuclear,son - father,A,1697,N,N,N,,,755,"The Flemings in Oxford Being Documents Selected from the Rydal Papers in Illustration of the Lives and Ways of Oxford Men 1650-1700. Vol. III 1691-1700. Ed. by Magrath, John Richard. Oxford Historical Society 79. 1924.",330,1680,1699,GFLEMING,FLEMIN2_236,1697
FLEMIN2_237,Fleming 2,1680-1699,DFLEMING,Daniel,Fleming,M,Gentry Upper,GU,gentry upper: knight,64.0,1633.0,60-69,Northern England,U,,http://www.oxforddnb.com/view/article/9697,JWAUGH,John,Waugh,M,P,CU,"professional: fellow of Queen's College, Oxford; clergy lower",http://www.oxforddnb.com/view/article/64095,Other,father of student - tutor,A,1697,N,N,N,,,217,"The Flemings in Oxford Being Documents Selected from the Rydal Papers in Illustration of the Lives and Ways of Oxford Men 1650-1700. Vol. III 1691-1700. Ed. by Magrath, John Richard. Oxford Historical Society 79. 1924.",333,1680,1699,DFLEMING,FLEMIN2_237,1697
FLEMIN2_238,Fleming 2,1680-1699,DFLEMING,Daniel,Fleming,M,Gentry Upper,GU,gentry upper: knight,63.0,1633.0,60-69,Northern England,U,,http://www.oxforddnb.com/view/article/9697,TSMITH,THOMAS,SMITH,M,CU,CU,clergy upper; bishop of Carlisle,http://www.oxforddnb.com/view/article/25910,Other,?,A,1696,N,N,N,,,223,"The Flemings in Oxford Being Documents Selected from the Rydal Papers in Illustration of the Lives and Ways of Oxford Men 1650-1700. Vol. III 1691-1700. Ed. by Magrath, John Richard. Oxford Historical Society 79. 1924.",338,1680,1699,DFLEMING,FLEMIN2_238,1696
FLEMIN2_239,Fleming 2,1680-1699,TSMITH,THOMAS,SMITH,M,Clergy Upper,CU,clergy upper; bishop of Carlisle,83.0,1614.0,80-89,Northern England,U,Higher: Oxbridge,http://www.oxforddnb.com/view/article/25910,DFLEMING,Daniel,Fleming,M,GU,GU,gentry upper: knight,http://www.oxforddnb.com/view/article/9697,Other,?,A,1697,N,N,N,,,247,"The Flemings in Oxford Being Documents Selected from the Rydal Papers in Illustration of the Lives and Ways of Oxford Men 1650-1700. Vol. III 1691-1700. Ed. by Magrath, John Richard. Oxford Historical Society 79. 1924.",339,1680,1699,TSMITH,FLEMIN2_239,1697
FLEMIN2_240,Fleming 2,1680-1699,HFLEMING,Henry,Fleming,M,Clergy Lower,CL,"rector of Grasmere 1685, rector of Asby 1694-1728",38.0,1659.0,30-39,Northern England,D,Higher: Oxbridge,,DFLEMING,Daniel,Fleming,M,GU,GU,gentry upper: knight,http://www.oxforddnb.com/view/article/9697,Family: Nuclear,son - father,A,1697,N,N,N,,,157,"The Flemings in Oxford Being Documents Selected from the Rydal Papers in Illustration of the Lives and Ways of Oxford Men 1650-1700. Vol. III 1691-1700. Ed. by Magrath, John Richard. Oxford Historical Society 79. 1924.",339,1680,1699,HFLEMING,FLEMIN2_240,1697
FLEMIN2_241,Fleming 2,1680-1699,GFLEMING,George,Fleming,M,Clergy Lower,CU,clergy lower (had the living of Aspatria); graduate student at Oxford,30.0,1667.0,30-39,Northern England,U,Higher: Oxbridge,http://www.oxforddnb.com/view/article/9698,DFLEMING,Daniel,Fleming,M,GU,GU,gentry upper: knight,http://www.oxforddnb.com/view/article/9697,Family: Nuclear,son - father,A,1697,N,N,N,,,392,"The Flemings in Oxford Being Documents Selected from the Rydal Papers in Illustration of the Lives and Ways of Oxford Men 1650-1700. Vol. III 1691-1700. Ed. by Magrath, John Richard. Oxford Historical Society 79. 1924.",344,1680,1699,GFLEMING,FLEMIN2_241,1697
FLEMIN2_242,Fleming 2,1680-1699,GFLEMING,George,Fleming,M,Clergy Lower,CU,clergy lower (had the living of Aspatria); graduate student at Oxford,30.0,1667.0,30-39,Northern England,U,Higher: Oxbridge,http://www.oxforddnb.com/view/article/9698,DFLEMING,Daniel,Fleming,M,GU,GU,gentry upper: knight,http://www.oxforddnb.com/view/article/9697,Family: Nuclear,son - father,A,1697,N,N,N,,,736,"The Flemings in Oxford Being Documents Selected from the Rydal Papers in Illustration of the Lives and Ways of Oxford Men 1650-1700. Vol. III 1691-1700. Ed. by Magrath, John Richard. Oxford Historical Society 79. 1924.",349,1680,1699,GFLEMING,FLEMIN2_242,1697
FLEMIN2_243,Fleming 2,1680-1699,GFLEMING,George,Fleming,M,Clergy Lower,CU,clergy lower (had the living of Aspatria); graduate student at Oxford,30.0,1667.0,30-39,Northern England,U,Higher: Oxbridge,http://www.oxforddnb.com/view/article/9698,DFLEMING,Daniel,Fleming,M,GU,GU,gentry upper: knight,http://www.oxforddnb.com/view/article/9697,Family: Nuclear,son - father,A,1697,N,N,N,,,327,"The Flemings in Oxford Being Documents Selected from the Rydal Papers in Illustration of the Lives and Ways of Oxford Men 1650-1700. Vol. III 1691-1700. Ed. by Magrath, John Richard. Oxford Historical Society 79. 1924.",364,1680,1699,GFLEMING,FLEMIN2_243,1697
FLEMIN2_244,Fleming 2,1680-1699,DFLEMING,Daniel,Fleming,M,Gentry Upper,GU,gentry upper: knight,64.0,1633.0,60-69,Northern England,U,,http://www.oxforddnb.com/view/article/9697,GFLEMING,George,Fleming,M,CL,CU,clergy lower (had the living of Aspatria); graduate student at Oxford,http://www.oxforddnb.com/view/article/9698,Family: Nuclear,father - son,A,1697,N,N,N,,,349,"The Flemings in Oxford Being Documents Selected from the Rydal Papers in Illustration of the Lives and Ways of Oxford Men 1650-1700. Vol. III 1691-1700. Ed. by Magrath, John Richard. Oxford Historical Society 79. 1924.",371,1680,1699,DFLEMING,FLEMIN2_244,1697
FLEMIN2_245,Fleming 2,1680-1699,GFLEMING,George,Fleming,M,Clergy Lower,CU,clergy lower (had the living of Aspatria); graduate student at Oxford,30.0,1667.0,30-39,Northern England,U,Higher: Oxbridge,http://www.oxforddnb.com/view/article/9698,DFLEMING,Daniel,Fleming,M,GU,GU,gentry upper: knight,http://www.oxforddnb.com/view/article/9697,Family: Nuclear,son - father,A,1697,N,N,N,,,218,"The Flemings in Oxford Being Documents Selected from the Rydal Papers in Illustration of the Lives and Ways of Oxford Men 1650-1700. Vol. III 1691-1700. Ed. by Magrath, John Richard. Oxford Historical Society 79. 1924.",375,1680,1699,GFLEMING,FLEMIN2_245,1697
FLEMIN2_246,Fleming 2,1680-1699,TSMITH,THOMAS,SMITH,M,Clergy Upper,CU,clergy upper; bishop of Carlisle,84.0,1614.0,80-89,Northern England,U,Higher: Oxbridge,http://www.oxforddnb.com/view/article/25910,DFLEMING,Daniel,Fleming,M,GU,GU,gentry upper: knight,http://www.oxforddnb.com/view/article/9697,Other,?,A,1698,N,N,N,,,202,"The Flemings in Oxford Being Documents Selected from the Rydal Papers in Illustration of the Lives and Ways of Oxford Men 1650-1700. Vol. III 1691-1700. Ed. by Magrath, John Richard. Oxford Historical Society 79. 1924.",379,1680,1699,TSMITH,FLEMIN2_246,1698
FLEMIN2_247,Fleming 2,1700-1719,HFLEMING,Henry,Fleming,M,Clergy Lower,CL,"rector of Grasmere 1685, rector of Asby 1694-1728",42.0,1659.0,40-49,Northern England,D,Higher: Oxbridge,,DFLEMING,Daniel,Fleming,M,GU,GU,gentry upper: knight,http://www.oxforddnb.com/view/article/9697,Family: Nuclear,son - father,A,1701,N,N,N,,,165,"The Flemings in Oxford Being Documents Selected from the Rydal Papers in Illustration of the Lives and Ways of Oxford Men 1650-1700. Vol. III 1691-1700. Ed. by Magrath, John Richard. Oxford Historical Society 79. 1924.",395,1700,1719,HFLEMING,FLEMIN2_247,1701
FLEMINX_001,Fleming Extra,1680-1699,DFLEMING,Daniel,Fleming,M,Gentry Upper,GU,gentry upper: knight,51.0,1633.0,50-59,Northern England,U,,http://www.oxforddnb.com/view/article/9697,HFLEMING,Henry,Fleming,M,CL,CL,"scholar at Oxford, from a gentry family",,Family: Nuclear,father - son,A,1684,N,N,N,,,365,"The Flemings in Oxford, being Documents Selected from the Rydal Papers in Illustration of the Lives and Ways of Oxford Men 1650-1700. Edited by John Richard Magrath, D.D. Provost of Queen's College. Vol. II: 1680-1690. Oxford Historical Society 62. (1913)",119,1680,1699,DFLEMING,FLEMINX_001,1684
FLEMINX_002,Fleming Extra,1680-1699,DFLEMING,Daniel,Fleming,M,Gentry Upper,GU,gentry upper: knight,55.0,1633.0,50-59,Northern England,U,,http://www.oxforddnb.com/view/article/9697,THALTON,Timothy,Halton,M,CU,CU,"clergy upper: archdeacon; provost of Queen's College, Oxford",http://www.oxforddnb.com/view/article/12033,Other,father of student - university staff; former fellow students,A,1688,N,N,N,Halton was in Wales so the letter wasn't delivered.,,131,"The Flemings in Oxford, being Documents Selected from the Rydal Papers in Illustration of the Lives and Ways of Oxford Men 1650-1700. Edited by John Richard Magrath, D.D. Provost of Queen's College. Vol. II: 1680-1690. Oxford Historical Society 62. (1913)",211,1680,1699,DFLEMING,FLEMINX_002,1688
FLEMINX_003,Fleming Extra,1680-1699,DFLEMING,Daniel,Fleming,M,Gentry Upper,GU,gentry upper: knight,55.0,1633.0,50-59,Northern England,U,,http://www.oxforddnb.com/view/article/9697,JMILL,John,Mill,M,P,CL,"professional: principal of St. Edmund Hall, Oxford; clergy lower",http://www.oxforddnb.com/view/article/18710,Other,father of student - university staff,A,1688,N,N,N,,,124,"The Flemings in Oxford, being Documents Selected from the Rydal Papers in Illustration of the Lives and Ways of Oxford Men 1650-1700. Edited by John Richard Magrath, D.D. Provost of Queen's College. Vol. II: 1680-1690. Oxford Historical Society 62. (1913)",212,1680,1699,DFLEMING,FLEMINX_003,1688
FLEMINX_004,Fleming Extra,1680-1699,DFLEMING,Daniel,Fleming,M,Gentry Upper,GU,gentry upper: knight,55.0,1633.0,50-59,Northern England,U,,http://www.oxforddnb.com/view/article/9697,JMILL,John,Mill,M,P,CL,"professional: principal of St. Edmund Hall, Oxford; clergy lower",http://www.oxforddnb.com/view/article/18710,Other,father of student - university staff,A,1688,N,N,N,,,139,"The Flemings in Oxford, being Documents Selected from the Rydal Papers in Illustration of the Lives and Ways of Oxford Men 1650-1700. Edited by John Richard Magrath, D.D. Provost of Queen's College. Vol. II: 1680-1690. Oxford Historical Society 62. (1913)",228,1680,1699,DFLEMING,FLEMINX_004,1688
FLEMINX_006,Fleming Extra,1680-1699,DFLEMING,Daniel,Fleming,M,Gentry Upper,GU,gentry upper: knight,55.0,1633.0,50-59,Northern England,U,,http://www.oxforddnb.com/view/article/9697,RIFLEMING,Richard,Fleming,M,GL,GL,gentry lower: son of Sir Daniel Fleming,,Family: Nuclear,father - son,A,1688,N,N,N,,,118,"The Flemings in Oxford, being Documents Selected from the Rydal Papers in Illustration of the Lives and Ways of Oxford Men 1650-1700. Edited by John Richard Magrath, D.D. Provost of Queen's College. Vol. II: 1680-1690. Oxford Historical Society 62. (1913)",230,1680,1699,DFLEMING,FLEMINX_006,1688
FLEMINX_007,Fleming Extra,1680-1699,DFLEMING,Daniel,Fleming,M,Gentry Upper,GU,gentry upper: knight,58.0,1633.0,50-59,Northern England,U,,http://www.oxforddnb.com/view/article/9697,GFLEMING,George,Fleming,M,GL,CU,gentry lower: son of Sir Daniel Fleming,http://www.oxforddnb.com/view/article/9698,Family: Nuclear,father - son,A,1691,N,N,N,,,358,"The Flemings in Oxford, being Documents Selected from the Rydal Papers in Illustration of the Lives and Ways of Oxford Men 1650-1700. Edited by John Richard Magrath, D.D. Provost of Queen's College. Vol. III: 1691-1700. Oxford Historical Society 79. (1924)",30,1680,1699,DFLEMING,FLEMINX_007,1691
FLEMINX_008,Fleming Extra,1680-1699,DFLEMING,Daniel,Fleming,M,Gentry Upper,GU,gentry upper: knight,58.0,1633.0,50-59,Northern England,U,,http://www.oxforddnb.com/view/article/9697,GFLETCHER,George,Fletcher,M,GU,GU,gentry upper: 2nd baronet,,Family: Other,brothers-in-law,A,1691,N,N,N,,,169,"The Flemings in Oxford, being Documents Selected from the Rydal Papers in Illustration of the Lives and Ways of Oxford Men 1650-1700. Edited by John Richard Magrath, D.D. Provost of Queen's College. Vol. III: 1691-1700. Oxford Historical Society 79. (1924)",39,1680,1699,DFLEMING,FLEMINX_008,1691
FLEMINX_009,Fleming Extra,1680-1699,DFLEMING,Daniel,Fleming,M,Gentry Upper,GU,gentry upper: knight,59.0,1633.0,50-59,Northern England,U,,http://www.oxforddnb.com/view/article/9697,JLOWTHER,John,Lowther,M,GU,GU,gentry upper: 2nd baronet; commissioner of the admiralty 1689-96,http://www.oxforddnb.com/view/article/37694,Other,acquaintances through Sir George Fletcher,A,1692,N,N,N,,,310,"The Flemings in Oxford, being Documents Selected from the Rydal Papers in Illustration of the Lives and Ways of Oxford Men 1650-1700. Edited by John Richard Magrath, D.D. Provost of Queen's College. Vol. III: 1691-1700. Oxford Historical Society 79. (1924)",42,1680,1699,DFLEMING,FLEMINX_009,1692
FLEMINX_010,Fleming Extra,1680-1699,DFLEMING,Daniel,Fleming,M,Gentry Upper,GU,gentry upper: knight,59.0,1633.0,50-59,Northern England,U,,http://www.oxforddnb.com/view/article/9697,GFLETCHER,George,Fletcher,M,GU,GU,gentry upper: 2nd baronet,,Family: Other,brothers-in-law,A,1692,N,N,N,,,226,"The Flemings in Oxford, being Documents Selected from the Rydal Papers in Illustration of the Lives and Ways of Oxford Men 1650-1700. Edited by John Richard Magrath, D.D. Provost of Queen's College. Vol. III: 1691-1700. Oxford Historical Society 79. (1924)",43,1680,1699,DFLEMING,FLEMINX_010,1692
FLEMINX_011,Fleming Extra,1680-1699,DFLEMING,Daniel,Fleming,M,Gentry Upper,GU,gentry upper: knight,59.0,1633.0,50-59,Northern England,U,,http://www.oxforddnb.com/view/article/9697,GFLETCHER,George,Fletcher,M,GU,GU,gentry upper: 2nd baronet,,Family: Other,brothers-in-law,A,1692,N,N,N,"Earlier version of 467, which was sent instead of this one.",,340,"The Flemings in Oxford, being Documents Selected from the Rydal Papers in Illustration of the Lives and Ways of Oxford Men 1650-1700. Edited by John Richard Magrath, D.D. Provost of Queen's College. Vol. III: 1691-1700. Oxford Historical Society 79. (1924)",44,1680,1699,DFLEMING,FLEMINX_011,1692
FLEMINX_012,Fleming Extra,1680-1699,DFLEMING,Daniel,Fleming,M,Gentry Upper,GU,gentry upper: knight,59.0,1633.0,50-59,Northern England,U,,http://www.oxforddnb.com/view/article/9697,JLOWTHER,John,Lowther,M,GU,GU,gentry upper: 2nd baronet; commissioner of the admiralty 1689-96,http://www.oxforddnb.com/view/article/37694,Other,acquaintances through Sir George Fletcher,A,1692,N,N,N,,,275,"The Flemings in Oxford, being Documents Selected from the Rydal Papers in Illustration of the Lives and Ways of Oxford Men 1650-1700. Edited by John Richard Magrath, D.D. Provost of Queen's College. Vol. III: 1691-1700. Oxford Historical Society 79. (1924)",47,1680,1699,DFLEMING,FLEMINX_012,1692
FLEMINX_013,Fleming Extra,1680-1699,DFLEMING,Daniel,Fleming,M,Gentry Upper,GU,gentry upper: knight,59.0,1633.0,50-59,Northern England,U,,http://www.oxforddnb.com/view/article/9697,JMILL,John,Mill,M,P,CL,"professional: principal of St. Edmund Hall, Oxford; clergy lower",http://www.oxforddnb.com/view/article/18710,Other,father of student - university staff,A,1692,N,N,N,,,187,"The Flemings in Oxford, being Documents Selected from the Rydal Papers in Illustration of the Lives and Ways of Oxford Men 1650-1700. Edited by John Richard Magrath, D.D. Provost of Queen's College. Vol. III: 1691-1700. Oxford Historical Society 79. (1924)",50,1680,1699,DFLEMING,FLEMINX_013,1692
FLEMINX_014,Fleming Extra,1680-1699,DFLEMING,Daniel,Fleming,M,Gentry Upper,GU,gentry upper: knight,59.0,1633.0,50-59,Northern England,U,,http://www.oxforddnb.com/view/article/9697,GFLEMING,George,Fleming,M,GL,CU,gentry lower: son of Sir Daniel Fleming,http://www.oxforddnb.com/view/article/9698,Family: Nuclear,father - son,A,1692,N,N,N,,,249,"The Flemings in Oxford, being Documents Selected from the Rydal Papers in Illustration of the Lives and Ways of Oxford Men 1650-1700. Edited by John Richard Magrath, D.D. Provost of Queen's College. Vol. III: 1691-1700. Oxford Historical Society 79. (1924)",53,1680,1699,DFLEMING,FLEMINX_014,1692
FLEMINX_015,Fleming Extra,1680-1699,DFLEMING,Daniel,Fleming,M,Gentry Upper,GU,gentry upper: knight,59.0,1633.0,50-59,Northern England,U,,http://www.oxforddnb.com/view/article/9697,GFLEMING,George,Fleming,M,GL,CU,"BA, student at Oxford; gentry lower: son of Sir Daniel Fleming",http://www.oxforddnb.com/view/article/9698,Family: Nuclear,father - son,A,1692,N,N,N,,,170,"The Flemings in Oxford, being Documents Selected from the Rydal Papers in Illustration of the Lives and Ways of Oxford Men 1650-1700. Edited by John Richard Magrath, D.D. Provost of Queen's College. Vol. III: 1691-1700. Oxford Historical Society 79. (1924)",60,1680,1699,DFLEMING,FLEMINX_015,1692
FLEMINX_016,Fleming Extra,1680-1699,DFLEMING,Daniel,Fleming,M,Gentry Upper,GU,gentry upper: knight,59.0,1633.0,50-59,Northern England,U,,http://www.oxforddnb.com/view/article/9697,JLOWTHER,John,Lowther,M,GU,GU,gentry upper: 2nd baronet; commissioner of the admiralty 1689-96,http://www.oxforddnb.com/view/article/37694,Other,acquaintances through Sir George Fletcher,A,1692,N,N,N,,,373,"The Flemings in Oxford, being Documents Selected from the Rydal Papers in Illustration of the Lives and Ways of Oxford Men 1650-1700. Edited by John Richard Magrath, D.D. Provost of Queen's College. Vol. III: 1691-1700. Oxford Historical Society 79. (1924)",70,1680,1699,DFLEMING,FLEMINX_016,1692
FLEMINX_017,Fleming Extra,1680-1699,DFLEMING,Daniel,Fleming,M,Gentry Upper,GU,gentry upper: knight,59.0,1633.0,50-59,Northern England,U,,http://www.oxforddnb.com/view/article/9697,JLOWTHER,John,Lowther,M,GU,GU,gentry upper: 2nd baronet; commissioner of the admiralty 1689-96,http://www.oxforddnb.com/view/article/37694,Other,acquaintances through Sir George Fletcher,A,1692,N,N,N,,,193,"The Flemings in Oxford, being Documents Selected from the Rydal Papers in Illustration of the Lives and Ways of Oxford Men 1650-1700. Edited by John Richard Magrath, D.D. Provost of Queen's College. Vol. III: 1691-1700. Oxford Historical Society 79. (1924)",73,1680,1699,DFLEMING,FLEMINX_017,1692
FLEMINX_018,Fleming Extra,1680-1699,DFLEMING,Daniel,Fleming,M,Gentry Upper,GU,gentry upper: knight,59.0,1633.0,50-59,Northern England,U,,http://www.oxforddnb.com/view/article/9697,JLOWTHER,John,Lowther,M,GU,GU,gentry upper: 2nd baronet; commissioner of the admiralty 1689-96,http://www.oxforddnb.com/view/article/37694,Other,acquaintances through Sir George Fletcher,A,1692,N,N,N,,,482,"The Flemings in Oxford, being Documents Selected from the Rydal Papers in Illustration of the Lives and Ways of Oxford Men 1650-1700. Edited by John Richard Magrath, D.D. Provost of Queen's College. Vol. III: 1691-1700. Oxford Historical Society 79. (1924)",79,1680,1699,DFLEMING,FLEMINX_018,1692
FLEMINX_019,Fleming Extra,1680-1699,DFLEMING,Daniel,Fleming,M,Gentry Upper,GU,gentry upper: knight,59.0,1633.0,50-59,Northern England,U,,http://www.oxforddnb.com/view/article/9697,GFLEMING,George,Fleming,M,GL,CU,"BA, student at Oxford; gentry lower: son of Sir Daniel Fleming",http://www.oxforddnb.com/view/article/9698,Family: Nuclear,father - son,A,1692,N,N,N,,,395,"The Flemings in Oxford, being Documents Selected from the Rydal Papers in Illustration of the Lives and Ways of Oxford Men 1650-1700. Edited by John Richard Magrath, D.D. Provost of Queen's College. Vol. III: 1691-1700. Oxford Historical Society 79. (1924)",83,1680,1699,DFLEMING,FLEMINX_019,1692
FLEMINX_020,Fleming Extra,1680-1699,DFLEMING,Daniel,Fleming,M,Gentry Upper,GU,gentry upper: knight,59.0,1633.0,50-59,Northern England,U,,http://www.oxforddnb.com/view/article/9697,GFLEMING,George,Fleming,M,GL,CU,"BA, student at Oxford; gentry lower: son of Sir Daniel Fleming",http://www.oxforddnb.com/view/article/9698,Family: Nuclear,father - son,A,1692,N,N,N,,,427,"The Flemings in Oxford, being Documents Selected from the Rydal Papers in Illustration of the Lives and Ways of Oxford Men 1650-1700. Edited by John Richard Magrath, D.D. Provost of Queen's College. Vol. III: 1691-1700. Oxford Historical Society 79. (1924)",89,1680,1699,DFLEMING,FLEMINX_020,1692
FLEMINX_021,Fleming Extra,1680-1699,DFLEMING,Daniel,Fleming,M,Gentry Upper,GU,gentry upper: knight,59.0,1633.0,50-59,Northern England,U,,http://www.oxforddnb.com/view/article/9697,JMILL,John,Mill,M,P,CL,"professional: principal of St. Edmund Hall, Oxford; clergy lower",http://www.oxforddnb.com/view/article/18710,Other,father of student - university staff,A,1692,N,N,N,,,225,"The Flemings in Oxford, being Documents Selected from the Rydal Papers in Illustration of the Lives and Ways of Oxford Men 1650-1700. Edited by John Richard Magrath, D.D. Provost of Queen's College. Vol. III: 1691-1700. Oxford Historical Society 79. (1924)",94,1680,1699,DFLEMING,FLEMINX_021,1692
FLEMINX_022,Fleming Extra,1680-1699,DFLEMING,Daniel,Fleming,M,Gentry Upper,GU,gentry upper: knight,60.0,1633.0,60-69,Northern England,U,,http://www.oxforddnb.com/view/article/9697,GFLEMING,George,Fleming,M,GL,CU,"BA, student at Oxford; gentry lower: son of Sir Daniel Fleming",http://www.oxforddnb.com/view/article/9698,Family: Nuclear,father - son,A,1693,N,N,N,,,544,"The Flemings in Oxford, being Documents Selected from the Rydal Papers in Illustration of the Lives and Ways of Oxford Men 1650-1700. Edited by John Richard Magrath, D.D. Provost of Queen's College. Vol. III: 1691-1700. Oxford Historical Society 79. (1924)",100,1680,1699,DFLEMING,FLEMINX_022,1693
FLEMINX_023,Fleming Extra,1680-1699,DFLEMING,Daniel,Fleming,M,Gentry Upper,GU,gentry upper: knight,60.0,1633.0,60-69,Northern England,U,,http://www.oxforddnb.com/view/article/9697,JMILL,John,Mill,M,P,CL,"professional: principal of St. Edmund Hall, Oxford; clergy lower",http://www.oxforddnb.com/view/article/18710,Other,father of student - university staff,A,1693,N,N,N,,,323,"The Flemings in Oxford, being Documents Selected from the Rydal Papers in Illustration of the Lives and Ways of Oxford Men 1650-1700. Edited by John Richard Magrath, D.D. Provost of Queen's College. Vol. III: 1691-1700. Oxford Historical Society 79. (1924)",102,1680,1699,DFLEMING,FLEMINX_023,1693
FLEMINX_024,Fleming Extra,1680-1699,DFLEMING,Daniel,Fleming,M,Gentry Upper,GU,gentry upper: knight,60.0,1633.0,60-69,Northern England,U,,http://www.oxforddnb.com/view/article/9697,H2BROUGHAM,Henry Jr.,Brougham,M,CL,CL,"clergy lower: prebendary of Asgarby; professional: fellow of Queen's College, Oxford",http://www.oxforddnb.com/view/article/3580,Family: Other,godfather - godson; kin,A,1693,N,N,N,,,302,"The Flemings in Oxford, being Documents Selected from the Rydal Papers in Illustration of the Lives and Ways of Oxford Men 1650-1700. Edited by John Richard Magrath, D.D. Provost of Queen's College. Vol. III: 1691-1700. Oxford Historical Society 79. (1924)",111,1680,1699,DFLEMING,FLEMINX_024,1693
FLEMINX_025,Fleming Extra,1680-1699,DFLEMING,Daniel,Fleming,M,Gentry Upper,GU,gentry upper: knight,60.0,1633.0,60-69,Northern England,U,,http://www.oxforddnb.com/view/article/9697,HTODD,Hugh,Todd,M,CL,CL,"clergy lower: prebendary of Carlisle, rector of Arthuret",http://www.oxforddnb.com/view/article/27490,Other,"fellow antiquaries, northerners and Oxford alumni",A,1693,N,N,N,,,179,"The Flemings in Oxford, being Documents Selected from the Rydal Papers in Illustration of the Lives and Ways of Oxford Men 1650-1700. Edited by John Richard Magrath, D.D. Provost of Queen's College. Vol. III: 1691-1700. Oxford Historical Society 79. (1924)",137,1680,1699,DFLEMING,FLEMINX_025,1693
FLEMINX_026,Fleming Extra,1680-1699,DFLEMING,Daniel,Fleming,M,Gentry Upper,GU,gentry upper: knight,60.0,1633.0,60-69,Northern England,U,,http://www.oxforddnb.com/view/article/9697,H2BROUGHAM,Henry Jr.,Brougham,M,CL,CL,"clergy lower: prebendary of Asgarby; professional: fellow of Queen's College, Oxford",http://www.oxforddnb.com/view/article/3580,Family: Other,godfather - godson; kin,A,1693,N,N,N,,,182,"The Flemings in Oxford, being Documents Selected from the Rydal Papers in Illustration of the Lives and Ways of Oxford Men 1650-1700. Edited by John Richard Magrath, D.D. Provost of Queen's College. Vol. III: 1691-1700. Oxford Historical Society 79. (1924)",140,1680,1699,DFLEMING,FLEMINX_026,1693
FLEMINX_027,Fleming Extra,1680-1699,DFLEMING,Daniel,Fleming,M,Gentry Upper,GU,gentry upper: knight,61.0,1633.0,60-69,Northern England,U,,http://www.oxforddnb.com/view/article/9697,H2BROUGHAM,Henry Jr.,Brougham,M,CL,CL,"clergy lower: prebendary of Asgarby; professional: fellow of Queen's College, Oxford",http://www.oxforddnb.com/view/article/3580,Family: Other,godfather - godson; kin,A,1694,N,N,N,,,250,"The Flemings in Oxford, being Documents Selected from the Rydal Papers in Illustration of the Lives and Ways of Oxford Men 1650-1700. Edited by John Richard Magrath, D.D. Provost of Queen's College. Vol. III: 1691-1700. Oxford Historical Society 79. (1924)",151,1680,1699,DFLEMING,FLEMINX_027,1694
FLEMINX_028,Fleming Extra,1680-1699,DFLEMING,Daniel,Fleming,M,Gentry Upper,GU,gentry upper: knight,61.0,1633.0,60-69,Northern England,U,,http://www.oxforddnb.com/view/article/9697,JMILL,John,Mill,M,P,CL,"professional: principal of St. Edmund Hall, Oxford; clergy lower",http://www.oxforddnb.com/view/article/18710,Other,father of student - university staff,A,1694,N,N,N,,,232,"The Flemings in Oxford, being Documents Selected from the Rydal Papers in Illustration of the Lives and Ways of Oxford Men 1650-1700. Edited by John Richard Magrath, D.D. Provost of Queen's College. Vol. III: 1691-1700. Oxford Historical Society 79. (1924)",173,1680,1699,DFLEMING,FLEMINX_028,1694
FLEMINX_029,Fleming Extra,1680-1699,DFLEMING,Daniel,Fleming,M,Gentry Upper,GU,gentry upper: knight,61.0,1633.0,60-69,Northern England,U,,http://www.oxforddnb.com/view/article/9697,H2BROUGHAM,Henry Jr.,Brougham,M,CL,CL,"clergy lower: prebendary of Asgarby; professional: fellow of Queen's College, Oxford",http://www.oxforddnb.com/view/article/3580,Family: Other,godfather - godson; kin,A,1694,N,N,N,,,297,"The Flemings in Oxford, being Documents Selected from the Rydal Papers in Illustration of the Lives and Ways of Oxford Men 1650-1700. Edited by John Richard Magrath, D.D. Provost of Queen's College. Vol. III: 1691-1700. Oxford Historical Society 79. (1924)",181,1680,1699,DFLEMING,FLEMINX_029,1694
FLEMINX_030,Fleming Extra,1680-1699,DFLEMING,Daniel,Fleming,M,Gentry Upper,GU,gentry upper: knight,62.0,1633.0,60-69,Northern England,U,,http://www.oxforddnb.com/view/article/9697,TTUFTON,Thomas,Tufton,M,N,N,nobility: 6th earl of Thanet,,Other,member of Westmorland's gentry - magnate,A,1695,N,N,N,,,247,"The Flemings in Oxford, being Documents Selected from the Rydal Papers in Illustration of the Lives and Ways of Oxford Men 1650-1700. Edited by John Richard Magrath, D.D. Provost of Queen's College. Vol. III: 1691-1700. Oxford Historical Society 79. (1924)",198,1680,1699,DFLEMING,FLEMINX_030,1695
FLEMINX_031,Fleming Extra,1680-1699,DFLEMING,Daniel,Fleming,M,Gentry Upper,GU,gentry upper: knight,62.0,1633.0,60-69,Northern England,U,,http://www.oxforddnb.com/view/article/9697,JMILL,John,Mill,M,P,CL,"professional: principal of St. Edmund Hall, Oxford; clergy lower",http://www.oxforddnb.com/view/article/18710,Other,father of student - university staff,A,1695,N,N,N,,,169,"The Flemings in Oxford, being Documents Selected from the Rydal Papers in Illustration of the Lives and Ways of Oxford Men 1650-1700. Edited by John Richard Magrath, D.D. Provost of Queen's College. Vol. III: 1691-1700. Oxford Historical Society 79. (1924)",199,1680,1699,DFLEMING,FLEMINX_031,1695
FLEMINX_032,Fleming Extra,1680-1699,DFLEMING,Daniel,Fleming,M,Gentry Upper,GU,gentry upper: knight,62.0,1633.0,60-69,Northern England,U,,http://www.oxforddnb.com/view/article/9697,H2BROUGHAM,Henry Jr.,Brougham,M,CL,CL,"clergy lower: prebendary of Asgarby; professional: fellow of Queen's College, Oxford",http://www.oxforddnb.com/view/article/3580,Family: Other,godfather - godson; kin,A,1695,N,N,N,,,308,"The Flemings in Oxford, being Documents Selected from the Rydal Papers in Illustration of the Lives and Ways of Oxford Men 1650-1700. Edited by John Richard Magrath, D.D. Provost of Queen's College. Vol. III: 1691-1700. Oxford Historical Society 79. (1924)",200,1680,1699,DFLEMING,FLEMINX_032,1695
FLEMINX_033,Fleming Extra,1680-1699,DFLEMING,Daniel,Fleming,M,Gentry Upper,GU,gentry upper: knight,62.0,1633.0,60-69,Northern England,U,,http://www.oxforddnb.com/view/article/9697,GFLEMING,George,Fleming,M,CL,CU,clergy lower; graduate student at Oxford,http://www.oxforddnb.com/view/article/9698,Family: Nuclear,father - son,A,1695,N,N,N,,,416,"The Flemings in Oxford, being Documents Selected from the Rydal Papers in Illustration of the Lives and Ways of Oxford Men 1650-1700. Edited by John Richard Magrath, D.D. Provost of Queen's College. Vol. III: 1691-1700. Oxford Historical Society 79. (1924)",201,1680,1699,DFLEMING,FLEMINX_033,1695
FLEMINX_034,Fleming Extra,1680-1699,DFLEMING,Daniel,Fleming,M,Gentry Upper,GU,gentry upper: knight,62.0,1633.0,60-69,Northern England,U,,http://www.oxforddnb.com/view/article/9697,H2BROUGHAM,Henry Jr.,Brougham,M,CL,CL,"clergy lower: prebendary of Asgarby; professional: fellow of Queen's College, Oxford",http://www.oxforddnb.com/view/article/3580,Family: Other,godfather - godson; kin,A,1695,N,N,N,,,283,"The Flemings in Oxford, being Documents Selected from the Rydal Papers in Illustration of the Lives and Ways of Oxford Men 1650-1700. Edited by John Richard Magrath, D.D. Provost of Queen's College. Vol. III: 1691-1700. Oxford Historical Society 79. (1924)",213,1680,1699,DFLEMING,FLEMINX_034,1695
FLEMINX_035,Fleming Extra,1680-1699,DFLEMING,Daniel,Fleming,M,Gentry Upper,GU,gentry upper: knight,62.0,1633.0,60-69,Northern England,U,,http://www.oxforddnb.com/view/article/9697,H2BROUGHAM,Henry Jr.,Brougham,M,CL,CL,"clergy lower: prebendary of Asgarby; professional: fellow of Queen's College, Oxford",http://www.oxforddnb.com/view/article/3580,Family: Other,godfather - godson; kin,A,1695,N,N,N,,,196,"The Flemings in Oxford, being Documents Selected from the Rydal Papers in Illustration of the Lives and Ways of Oxford Men 1650-1700. Edited by John Richard Magrath, D.D. Provost of Queen's College. Vol. III: 1691-1700. Oxford Historical Society 79. (1924)",238,1680,1699,DFLEMING,FLEMINX_035,1695
FLEMINX_036,Fleming Extra,1680-1699,DFLEMING,Daniel,Fleming,M,Gentry Upper,GU,gentry upper: knight,62.0,1633.0,60-69,Northern England,U,,http://www.oxforddnb.com/view/article/9697,GFLEMING,George,Fleming,M,CL,CU,clergy lower (had the living of Aspatria); graduate student at Oxford,http://www.oxforddnb.com/view/article/9698,Family: Nuclear,father - son,A,1695,N,N,N,,,417,"The Flemings in Oxford, being Documents Selected from the Rydal Papers in Illustration of the Lives and Ways of Oxford Men 1650-1700. Edited by John Richard Magrath, D.D. Provost of Queen's College. Vol. III: 1691-1700. Oxford Historical Society 79. (1924)",239,1680,1699,DFLEMING,FLEMINX_036,1695
FLEMINX_037,Fleming Extra,1680-1699,DFLEMING,Daniel,Fleming,M,Gentry Upper,GU,gentry upper: knight,62.0,1633.0,60-69,Northern England,U,,http://www.oxforddnb.com/view/article/9697,GFLEMING,George,Fleming,M,CL,CU,clergy lower (had the living of Aspatria); graduate student at Oxford,http://www.oxforddnb.com/view/article/9698,Family: Nuclear,father - son,A,1695,N,N,N,,,215,"The Flemings in Oxford, being Documents Selected from the Rydal Papers in Illustration of the Lives and Ways of Oxford Men 1650-1700. Edited by John Richard Magrath, D.D. Provost of Queen's College. Vol. III: 1691-1700. Oxford Historical Society 79. (1924)",248,1680,1699,DFLEMING,FLEMINX_037,1695
FLEMINX_038,Fleming Extra,1680-1699,DFLEMING,Daniel,Fleming,M,Gentry Upper,GU,gentry upper: knight,62.0,1633.0,60-69,Northern England,U,,http://www.oxforddnb.com/view/article/9697,GFLEMING,George,Fleming,M,CL,CU,clergy lower (had the living of Aspatria); graduate student at Oxford,http://www.oxforddnb.com/view/article/9698,Family: Nuclear,father - son,A,1695,N,N,N,,,356,"The Flemings in Oxford, being Documents Selected from the Rydal Papers in Illustration of the Lives and Ways of Oxford Men 1650-1700. Edited by John Richard Magrath, D.D. Provost of Queen's College. Vol. III: 1691-1700. Oxford Historical Society 79. (1924)",252,1680,1699,DFLEMING,FLEMINX_038,1695
FLEMINX_039,Fleming Extra,1680-1699,DFLEMING,Daniel,Fleming,M,Gentry Upper,GU,gentry upper: knight,63.0,1633.0,60-69,Northern England,U,,http://www.oxforddnb.com/view/article/9697,H2BROUGHAM,Henry Jr.,Brougham,M,CL,CL,"clergy lower: prebendary of Asgarby; professional: fellow of Queen's College, Oxford",http://www.oxforddnb.com/view/article/3580,Family: Other,godfather - godson; kin,A,1696,N,N,N,,,173,"The Flemings in Oxford, being Documents Selected from the Rydal Papers in Illustration of the Lives and Ways of Oxford Men 1650-1700. Edited by John Richard Magrath, D.D. Provost of Queen's College. Vol. III: 1691-1700. Oxford Historical Society 79. (1924)",262,1680,1699,DFLEMING,FLEMINX_039,1696
FLEMINX_040,Fleming Extra,1680-1699,DFLEMING,Daniel,Fleming,M,Gentry Upper,GU,gentry upper: knight,63.0,1633.0,60-69,Northern England,U,,http://www.oxforddnb.com/view/article/9697,GFLEMING,George,Fleming,M,CL,CU,clergy lower (had the living of Aspatria); graduate student at Oxford,http://www.oxforddnb.com/view/article/9698,Family: Nuclear,father - son,A,1696,N,N,N,,,278,"The Flemings in Oxford, being Documents Selected from the Rydal Papers in Illustration of the Lives and Ways of Oxford Men 1650-1700. Edited by John Richard Magrath, D.D. Provost of Queen's College. Vol. III: 1691-1700. Oxford Historical Society 79. (1924)",274,1680,1699,DFLEMING,FLEMINX_040,1696
FLEMINX_041,Fleming Extra,1680-1699,DFLEMING,Daniel,Fleming,M,Gentry Upper,GU,gentry upper: knight,63.0,1633.0,60-69,Northern England,U,,http://www.oxforddnb.com/view/article/9697,GFLEMING,George,Fleming,M,CL,CU,clergy lower (had the living of Aspatria); graduate student at Oxford,http://www.oxforddnb.com/view/article/9698,Family: Nuclear,father - son,A,1696,N,N,N,,,323,"The Flemings in Oxford, being Documents Selected from the Rydal Papers in Illustration of the Lives and Ways of Oxford Men 1650-1700. Edited by John Richard Magrath, D.D. Provost of Queen's College. Vol. III: 1691-1700. Oxford Historical Society 79. (1924)",277,1680,1699,DFLEMING,FLEMINX_041,1696
FLEMINX_042,Fleming Extra,1680-1699,DFLEMING,Daniel,Fleming,M,Gentry Upper,GU,gentry upper: knight,63.0,1633.0,60-69,Northern England,U,,http://www.oxforddnb.com/view/article/9697,GFLEMING,George,Fleming,M,CL,CU,clergy lower (had the living of Aspatria); graduate student at Oxford,http://www.oxforddnb.com/view/article/9698,Family: Nuclear,father - son,A,1696,N,N,N,,,264,"The Flemings in Oxford, being Documents Selected from the Rydal Papers in Illustration of the Lives and Ways of Oxford Men 1650-1700. Edited by John Richard Magrath, D.D. Provost of Queen's College. Vol. III: 1691-1700. Oxford Historical Society 79. (1924)",285,1680,1699,DFLEMING,FLEMINX_042,1696
FLEMINX_043,Fleming Extra,1680-1699,DFLEMING,Daniel,Fleming,M,Gentry Upper,GU,gentry upper: knight,63.0,1633.0,60-69,Northern England,U,,http://www.oxforddnb.com/view/article/9697,JWAUGH,John,Waugh,M,P,CU,"professional: fellow of Queen's College, Oxford; clergy lower",http://www.oxforddnb.com/view/article/64095,Other,father of student - tutor,A,1696,N,N,N,,,131,"The Flemings in Oxford, being Documents Selected from the Rydal Papers in Illustration of the Lives and Ways of Oxford Men 1650-1700. Edited by John Richard Magrath, D.D. Provost of Queen's College. Vol. III: 1691-1700. Oxford Historical Society 79. (1924)",293,1680,1699,DFLEMING,FLEMINX_043,1696
FLEMINX_044,Fleming Extra,1680-1699,DFLEMING,Daniel,Fleming,M,Gentry Upper,GU,gentry upper: knight,63.0,1633.0,60-69,Northern England,U,,http://www.oxforddnb.com/view/article/9697,GFLEMING,George,Fleming,M,CL,CU,clergy lower (had the living of Aspatria); graduate student at Oxford,http://www.oxforddnb.com/view/article/9698,Family: Nuclear,father - son,A,1696,N,N,N,,,199,"The Flemings in Oxford, being Documents Selected from the Rydal Papers in Illustration of the Lives and Ways of Oxford Men 1650-1700. Edited by John Richard Magrath, D.D. Provost of Queen's College. Vol. III: 1691-1700. Oxford Historical Society 79. (1924)",306,1680,1699,DFLEMING,FLEMINX_044,1696
FLEMINX_045,Fleming Extra,1680-1699,DFLEMING,Daniel,Fleming,M,Gentry Upper,GU,gentry upper: knight,63.0,1633.0,60-69,Northern England,U,,http://www.oxforddnb.com/view/article/9697,GFLEMING,George,Fleming,M,CL,CU,clergy lower (had the living of Aspatria); graduate student at Oxford,http://www.oxforddnb.com/view/article/9698,Family: Nuclear,father - son,A,1696,N,N,N,,,301,"The Flemings in Oxford, being Documents Selected from the Rydal Papers in Illustration of the Lives and Ways of Oxford Men 1650-1700. Edited by John Richard Magrath, D.D. Provost of Queen's College. Vol. III: 1691-1700. Oxford Historical Society 79. (1924)",314,1680,1699,DFLEMING,FLEMINX_045,1696
FLEMINX_046,Fleming Extra,1680-1699,DFLEMING,Daniel,Fleming,M,Gentry Upper,GU,gentry upper: knight,64.0,1633.0,60-69,Northern England,U,,http://www.oxforddnb.com/view/article/9697,GFLEMING,George,Fleming,M,CL,CU,clergy lower (had the living of Aspatria); graduate student at Oxford,http://www.oxforddnb.com/view/article/9698,Family: Nuclear,father - son,A,1697,N,N,N,,,419,"The Flemings in Oxford, being Documents Selected from the Rydal Papers in Illustration of the Lives and Ways of Oxford Men 1650-1700. Edited by John Richard Magrath, D.D. Provost of Queen's College. Vol. III: 1691-1700. Oxford Historical Society 79. (1924)",334,1680,1699,DFLEMING,FLEMINX_046,1697
FLEMINX_047,Fleming Extra,1680-1699,DFLEMING,Daniel,Fleming,M,Gentry Upper,GU,gentry upper: knight,64.0,1633.0,60-69,Northern England,U,,http://www.oxforddnb.com/view/article/9697,JMILL,John,Mill,M,P,CL,"professional: principal of St. Edmund Hall, Oxford; clergy lower",http://www.oxforddnb.com/view/article/18710,Other,father of student - university staff,A,1697,N,N,N,,,151,"The Flemings in Oxford, being Documents Selected from the Rydal Papers in Illustration of the Lives and Ways of Oxford Men 1650-1700. Edited by John Richard Magrath, D.D. Provost of Queen's College. Vol. III: 1691-1700. Oxford Historical Society 79. (1924)",342,1680,1699,DFLEMING,FLEMINX_047,1697
FLEMINX_048,Fleming Extra,1680-1699,DFLEMING,Daniel,Fleming,M,Gentry Upper,GU,gentry upper: knight,64.0,1633.0,60-69,Northern England,U,,http://www.oxforddnb.com/view/article/9697,GFLEMING,George,Fleming,M,CL,CU,clergy lower (had the living of Aspatria); graduate student at Oxford,http://www.oxforddnb.com/view/article/9698,Family: Nuclear,father - son,A,1697,N,N,N,,,177,"The Flemings in Oxford, being Documents Selected from the Rydal Papers in Illustration of the Lives and Ways of Oxford Men 1650-1700. Edited by John Richard Magrath, D.D. Provost of Queen's College. Vol. III: 1691-1700. Oxford Historical Society 79. (1924)",343,1680,1699,DFLEMING,FLEMINX_048,1697
FLEMINX_049,Fleming Extra,1680-1699,DFLEMING,Daniel,Fleming,M,Gentry Upper,GU,gentry upper: knight,64.0,1633.0,60-69,Northern England,U,,http://www.oxforddnb.com/view/article/9697,GFLEMING,George,Fleming,M,CL,CU,clergy lower (had the living of Aspatria); graduate student at Oxford,http://www.oxforddnb.com/view/article/9698,Family: Nuclear,father - son,A,1697,N,N,N,,,276,"The Flemings in Oxford, being Documents Selected from the Rydal Papers in Illustration of the Lives and Ways of Oxford Men 1650-1700. Edited by John Richard Magrath, D.D. Provost of Queen's College. Vol. III: 1691-1700. Oxford Historical Society 79. (1924)",352,1680,1699,DFLEMING,FLEMINX_049,1697
FLEMINX_050,Fleming Extra,1680-1699,DFLEMING,Daniel,Fleming,M,Gentry Upper,GU,gentry upper: knight,64.0,1633.0,60-69,Northern England,U,,http://www.oxforddnb.com/view/article/9697,GFLEMING,George,Fleming,M,CL,CU,clergy lower (had the living of Aspatria); graduate student at Oxford,http://www.oxforddnb.com/view/article/9698,Family: Nuclear,father - son,A,1697,N,N,N,,,327,"The Flemings in Oxford, being Documents Selected from the Rydal Papers in Illustration of the Lives and Ways of Oxford Men 1650-1700. Edited by John Richard Magrath, D.D. Provost of Queen's College. Vol. III: 1691-1700. Oxford Historical Society 79. (1924)",358,1680,1699,DFLEMING,FLEMINX_050,1697
FLEMINX_051,Fleming Extra,1680-1699,DFLEMING,Daniel,Fleming,M,Gentry Upper,GU,gentry upper: knight,64.0,1633.0,60-69,Northern England,U,,http://www.oxforddnb.com/view/article/9697,GFLEMING,George,Fleming,M,CL,CU,clergy lower (had the living of Aspatria); graduate student at Oxford,http://www.oxforddnb.com/view/article/9698,Family: Nuclear,father - son,A,1697,N,N,N,,,193,"The Flemings in Oxford, being Documents Selected from the Rydal Papers in Illustration of the Lives and Ways of Oxford Men 1650-1700. Edited by John Richard Magrath, D.D. Provost of Queen's College. Vol. III: 1691-1700. Oxford Historical Society 79. (1924)",373,1680,1699,DFLEMING,FLEMINX_051,1697
FLEMINX_052,Fleming Extra,1680-1699,DFLEMING,Daniel,Fleming,M,Gentry Upper,GU,gentry upper: knight,65.0,1633.0,60-69,Northern England,U,,http://www.oxforddnb.com/view/article/9697,W2FLEMING,William Jr.,Fleming,M,GL,GU,gentry lower: esquire; MP for Westmorland,,Family: Nuclear,father - son,A,1698,N,N,N,,,531,"The Flemings in Oxford, being Documents Selected from the Rydal Papers in Illustration of the Lives and Ways of Oxford Men 1650-1700. Edited by John Richard Magrath, D.D. Provost of Queen's College. Vol. III: 1691-1700. Oxford Historical Society 79. (1924)",382,1680,1699,DFLEMING,FLEMINX_052,1698
GEORGE3_002,George 3,1760-1779,GEORGE3,George William Frederick,Hanover,M,Royalty,R,"royalty, King George III",27.0,1738.0,20-29,Court,N,Private: Classical,http://www.oxforddnb.com/view/article/10540,WAHANOVER,William Augustus,Hanover,M,R,R,"royalty; duke of Cumberland, prince, soldier/politician",http://www.oxforddnb.com/view/article/29455,Family: Other,William was George's uncle,A,1765,N,N,N,,,309,The Correspondence of King George the Third. Vols. I-VI. Ed. by John Fortescue. London: Macmillan. 1927-1928.,,1760,1779,GEORGE3,GEORGE3_002,1765
GEORGE3_003,George 3,1760-1779,GEORGE3,George William Frederick,Hanover,M,Royalty,R,"royalty, King George III",28.0,1738.0,20-29,Court,N,Private: Classical,http://www.oxforddnb.com/view/article/10540,CWWENTWORTH,Charles,Watson-Wentworth,M,N,N,nobility; marquess,http://www.oxforddnb.com/view/article/28878,Other,King - Prime Minister,A,1766,N,N,N,,,220,The Correspondence of King George the Third. Vols. I-VI. Ed. by John Fortescue. London: Macmillan. 1927-1928.,,1760,1779,GEORGE3,GEORGE3_003,1766
GEORGE3_005,George 3,1760-1779,GEORGE3,George William Frederick,Hanover,M,Royalty,R,"royalty, King George III",29.0,1738.0,20-29,Court,N,Private: Classical,http://www.oxforddnb.com/view/article/10540,AHFITZROY,Augustus Henry,Fitzroy,M,N,N,"nobility; duke, statesman",http://www.oxforddnb.com/view/article/9628,Other,?,A,1767,N,N,N,,,142,The Correspondence of King George the Third. Vols. I-VI. Ed. by John Fortescue. London: Macmillan. 1927-1928.,,1760,1779,GEORGE3,GEORGE3_005,1767
GEORGE3_006,George 3,1760-1779,GEORGE3,George William Frederick,Hanover,M,Royalty,R,"royalty, King George III",29.0,1738.0,20-29,Court,N,Private: Classical,http://www.oxforddnb.com/view/article/10540,FSCONWAY,Francis Seymour,Conway,M,N,N,"nobility; marquess (since 1793), earl",http://www.oxforddnb.com/view/article/6121,Other,?,A,1767,N,N,N,,,360,The Correspondence of King George the Third. Vols. I-VI. Ed. by John Fortescue. London: Macmillan. 1927-1928.,,1760,1779,GEORGE3,GEORGE3_006,1767
GEORGE3_007,George 3,1760-1779,GEORGE3,George William Frederick,Hanover,M,Royalty,R,"royalty, King George III",30.0,1738.0,30-39,Court,N,Private: Classical,http://www.oxforddnb.com/view/article/10540,AHFITZROY,Augustus Henry,Fitzroy,M,N,N,"nobility; duke, statesman",http://www.oxforddnb.com/view/article/9628,Other,?,A,1768,N,N,N,,,385,The Correspondence of King George the Third. Vols. I-VI. Ed. by John Fortescue. London: Macmillan. 1927-1928.,,1760,1779,GEORGE3,GEORGE3_007,1768
GEORGE3_008,George 3,1760-1779,GEORGE3,George William Frederick,Hanover,M,Royalty,R,"royalty, King George III",30.0,1738.0,30-39,Court,N,Private: Classical,http://www.oxforddnb.com/view/article/10540,WHILL,Wills,Hill,M,N,N,"nobility (Irish); viscount (later, 1789, 1st marquess of Downshire)",http://www.oxforddnb.com/view/article/13317,Other,?,A,1768,N,N,N,,,182,The Correspondence of King George the Third. Vols. I-VI. Ed. by John Fortescue. London: Macmillan. 1927-1928.,,1760,1779,GEORGE3,GEORGE3_008,1768
GEORGE3_009,George 3,1760-1779,GEORGE3,George William Frederick,Hanover,M,Royalty,R,"royalty, King George III",31.0,1738.0,30-39,Court,N,Private: Classical,http://www.oxforddnb.com/view/article/10540,WHNASSAU,William Henry,Nassau de Zuylestein,M,N,N,"nobility; earl, diplomatist, statesman",http://www.oxforddnb.com/view/article/30312,Other,?,A,1769,N,N,N,,,133,The Correspondence of King George the Third. Vols. I-VI. Ed. by John Fortescue. London: Macmillan. 1927-1928.,,1760,1779,GEORGE3,GEORGE3_009,1769
GEORGE3_010,George 3,1760-1779,GEORGE3,George William Frederick,Hanover,M,Royalty,R,"royalty, King George III",31.0,1738.0,30-39,Court,N,Private: Classical,http://www.oxforddnb.com/view/article/10540,J2YORKE,Joseph,Yorke,M,GU,GU,"gentry; diplomatist, (baron Dover 1788)",http://www.oxforddnb.com/view/article/30243,Other,official,A,1769,N,N,N,,,154,The Correspondence of King George the Third. Vols. I-VI. Ed. by John Fortescue. London: Macmillan. 1927-1928.,,1760,1779,GEORGE3,GEORGE3_010,1769
GEORGE3_011,George 3,1760-1779,GEORGE3,George William Frederick,Hanover,M,Royalty,R,"royalty, King George III",32.0,1738.0,30-39,Court,N,Private: Classical,http://www.oxforddnb.com/view/article/10540,TTHYNNE,Thomas,Thynne,M,N,N,"nobility; viscount, statesman, (marquess of Bath 1789)",http://www.oxforddnb.com/view/article/27425,Other,?,A,1770,N,N,N,,,180,The Correspondence of King George the Third. Vols. I-VI. Ed. by John Fortescue. London: Macmillan. 1927-1928.,,1760,1779,GEORGE3,GEORGE3_011,1770
GEORGE3_012,George 3,1760-1779,GEORGE3,George William Frederick,Hanover,M,Royalty,R,"royalty, King George III",32.0,1738.0,30-39,Court,N,Private: Classical,http://www.oxforddnb.com/view/article/10540,WHNASSAU,William Henry,Nassau de Zuylestein,M,N,N,"nobility; earl, diplomatist, statesman",http://www.oxforddnb.com/view/article/30312,Other,?,A,1770,N,N,N,,,399,The Correspondence of King George the Third. Vols. I-VI. Ed. by John Fortescue. London: Macmillan. 1927-1928.,,1760,1779,GEORGE3,GEORGE3_012,1770
GEORGE3_013,George 3,1760-1779,GEORGE3,George William Frederick,Hanover,M,Royalty,R,"royalty, King George III",33.0,1738.0,30-39,Court,N,Private: Classical,http://www.oxforddnb.com/view/article/10540,J2YORKE,Joseph,Yorke,M,GU,GU,"gentry; diplomatist, (baron Dover 1788)",http://www.oxforddnb.com/view/article/30243,Other,official,A,1771,N,N,N,,,246,The Correspondence of King George the Third. Vols. I-VI. Ed. by John Fortescue. London: Macmillan. 1927-1928.,,1760,1779,GEORGE3,GEORGE3_013,1771
GEORGE3_014,George 3,1760-1779,GEORGE3,George William Frederick,Hanover,M,Royalty,R,"royalty, King George III",33.0,1738.0,30-39,Court,N,Private: Classical,http://www.oxforddnb.com/view/article/10540,FNORTH,Frederick,North,M,N,N,nobility; statesman,http://www.oxforddnb.com/view/article/20304,Other,North was a PM fiercely loyal to his King,A,1771,N,N,N,,,218,The Correspondence of King George the Third. Vols. I-VI. Ed. by John Fortescue. London: Macmillan. 1927-1928.,,1760,1779,GEORGE3,GEORGE3_014,1771
GEORGE3_015,George 3,1760-1779,GEORGE3,George William Frederick,Hanover,M,Royalty,R,"royalty, King George III",34.0,1738.0,30-39,Court,N,Private: Classical,http://www.oxforddnb.com/view/article/10540,H2HOWARD,Henry,Howard,M,N,N,nobility; earl,http://www.oxforddnb.com/view/article/39576,Other,?,A,1772,N,N,N,,,139,The Correspondence of King George the Third. Vols. I-VI. Ed. by John Fortescue. London: Macmillan. 1927-1928.,,1760,1779,GEORGE3,GEORGE3_015,1772
GEORGE3_016,George 3,1760-1779,GEORGE3,George William Frederick,Hanover,M,Royalty,R,"royalty, King George III",34.0,1738.0,30-39,Court,N,Private: Classical,http://www.oxforddnb.com/view/article/10540,H2HOWARD,Henry,Howard,M,N,N,nobility; earl,http://www.oxforddnb.com/view/article/39576,Other,?,A,1772,N,N,N,,,166,The Correspondence of King George the Third. Vols. I-VI. Ed. by John Fortescue. London: Macmillan. 1927-1928.,,1760,1779,GEORGE3,GEORGE3_016,1772
GEORGE3_017,George 3,1760-1779,GEORGE3,George William Frederick,Hanover,M,Royalty,R,"royalty, King George III",35.0,1738.0,30-39,Court,N,Private: Classical,http://www.oxforddnb.com/view/article/10540,H2HOWARD,Henry,Howard,M,N,N,nobility; earl,http://www.oxforddnb.com/view/article/39576,Other,?,A,1773,N,N,N,,,130,The Correspondence of King George the Third. Vols. I-VI. Ed. by John Fortescue. London: Macmillan. 1927-1928.,,1760,1779,GEORGE3,GEORGE3_017,1773
GEORGE3_018,George 3,1760-1779,GEORGE3,George William Frederick,Hanover,M,Royalty,R,"royalty, King George III",35.0,1738.0,30-39,Court,N,Private: Classical,http://www.oxforddnb.com/view/article/10540,GWHERVEY,George William,Hervey,M,N,N,nobility; earl,http://www.oxforddnb.com/view/article/13112,Other,?,A,1773,N,N,N,,,186,The Correspondence of King George the Third. Vols. I-VI. Ed. by John Fortescue. London: Macmillan. 1927-1928.,,1760,1779,GEORGE3,GEORGE3_018,1773
GEORGE3_019,George 3,1760-1779,GEORGE3,George William Frederick,Hanover,M,Royalty,R,"royalty, King George III",36.0,1738.0,30-39,Court,N,Private: Classical,http://www.oxforddnb.com/view/article/10540,FNORTH,Frederick,North,M,N,N,nobility; statesman,http://www.oxforddnb.com/view/article/20304,Other,North was a PM fiercely loyal to his King,A,1774,N,N,N,,,185,The Correspondence of King George the Third. Vols. I-VI. Ed. by John Fortescue. London: Macmillan. 1927-1928.,,1760,1779,GEORGE3,GEORGE3_019,1774
GEORGE3_020,George 3,1760-1779,GEORGE3,George William Frederick,Hanover,M,Royalty,R,"royalty, King George III",36.0,1738.0,30-39,Court,N,Private: Classical,http://www.oxforddnb.com/view/article/10540,FNORTH,Frederick,North,M,N,N,nobility; statesman,http://www.oxforddnb.com/view/article/20304,Other,North was a PM fiercely loyal to his King,A,1774,N,N,N,,,131,The Correspondence of King George the Third. Vols. I-VI. Ed. by John Fortescue. London: Macmillan. 1927-1928.,,1760,1779,GEORGE3,GEORGE3_020,1774
GEORGE3_021,George 3,1760-1779,GEORGE3,George William Frederick,Hanover,M,Royalty,R,"royalty, King George III",37.0,1738.0,30-39,Court,N,Private: Classical,http://www.oxforddnb.com/view/article/10540,FNORTH,Frederick,North,M,N,N,nobility; statesman,http://www.oxforddnb.com/view/article/20304,Other,North was a PM fiercely loyal to his King,A,1775,N,N,N,,,549,The Correspondence of King George the Third. Vols. I-VI. Ed. by John Fortescue. London: Macmillan. 1927-1928.,,1760,1779,GEORGE3,GEORGE3_021,1775
GEORGE3_022,George 3,1760-1779,GEORGE3,George William Frederick,Hanover,M,Royalty,R,"royalty, King George III",37.0,1738.0,30-39,Court,N,Private: Classical,http://www.oxforddnb.com/view/article/10540,FNORTH,Frederick,North,M,N,N,nobility; statesman,http://www.oxforddnb.com/view/article/20304,Other,North was a PM fiercely loyal to his King,A,1775,N,N,N,,,131,The Correspondence of King George the Third. Vols. I-VI. Ed. by John Fortescue. London: Macmillan. 1927-1928.,,1760,1779,GEORGE3,GEORGE3_022,1775
GEORGE3_023,George 3,1760-1779,GEORGE3,George William Frederick,Hanover,M,Royalty,R,"royalty, King George III",38.0,1738.0,30-39,Court,N,Private: Classical,http://www.oxforddnb.com/view/article/10540,JMONTAGU,John,Montagu,M,N,N,"nobility; earl, politician, military career",http://www.oxforddnb.com/view/article/19026,Other,?,A,1776,N,N,N,,,423,The Correspondence of King George the Third. Vols. I-VI. Ed. by John Fortescue. London: Macmillan. 1927-1928.,,1760,1779,GEORGE3,GEORGE3_023,1776
GEORGE3_024,George 3,1760-1779,GEORGE3,George William Frederick,Hanover,M,Royalty,R,"royalty, King George III",38.0,1738.0,30-39,Court,N,Private: Classical,http://www.oxforddnb.com/view/article/10540,FNORTH,Frederick,North,M,N,N,nobility; statesman,http://www.oxforddnb.com/view/article/20304,Other,North was a PM fiercely loyal to his King,A,1776,N,N,N,,,179,The Correspondence of King George the Third. Vols. I-VI. Ed. by John Fortescue. London: Macmillan. 1927-1928.,,1760,1779,GEORGE3,GEORGE3_024,1776
GEORGE3_025,George 3,1760-1779,GEORGE3,George William Frederick,Hanover,M,Royalty,R,"royalty, King George III",39.0,1738.0,30-39,Court,N,Private: Classical,http://www.oxforddnb.com/view/article/10540,FNORTH,Frederick,North,M,N,N,nobility; statesman,http://www.oxforddnb.com/view/article/20304,Other,North was a PM fiercely loyal to his King,A,1777,N,N,N,,,166,The Correspondence of King George the Third. Vols. I-VI. Ed. by John Fortescue. London: Macmillan. 1927-1928.,,1760,1779,GEORGE3,GEORGE3_025,1777
GEORGE3_026,George 3,1760-1779,GEORGE3,George William Frederick,Hanover,M,Royalty,R,"royalty, King George III",39.0,1738.0,30-39,Court,N,Private: Classical,http://www.oxforddnb.com/view/article/10540,FNORTH,Frederick,North,M,N,N,nobility; statesman,http://www.oxforddnb.com/view/article/20304,Other,North was a PM fiercely loyal to his King,A,1777,N,N,N,,,153,The Correspondence of King George the Third. Vols. I-VI. Ed. by John Fortescue. London: Macmillan. 1927-1928.,,1760,1779,GEORGE3,GEORGE3_026,1777
GEORGE3_027,George 3,1760-1779,GEORGE3,George William Frederick,Hanover,M,Royalty,R,"royalty, King George III",40.0,1738.0,40-49,Court,N,Private: Classical,http://www.oxforddnb.com/view/article/10540,FNORTH,Frederick,North,M,N,N,nobility; statesman,http://www.oxforddnb.com/view/article/20304,Other,North was a PM fiercely loyal to his King,A,1778,N,N,N,,,173,The Correspondence of King George the Third. Vols. I-VI. Ed. by John Fortescue. London: Macmillan. 1927-1928.,,1760,1779,GEORGE3,GEORGE3_027,1778
GEORGE3_028,George 3,1760-1779,GEORGE3,George William Frederick,Hanover,M,Royalty,R,"royalty, King George III",41.0,1738.0,40-49,Court,N,Private: Classical,http://www.oxforddnb.com/view/article/10540,TTHYNNE,Thomas,Thynne,M,N,N,"nobility; viscount, statesman, (marquess of Bath 1789)",http://www.oxforddnb.com/view/article/27425,Other,?,A,1779,N,N,N,,,223,The Correspondence of King George the Third. Vols. I-VI. Ed. by John Fortescue. London: Macmillan. 1927-1928.,,1760,1779,GEORGE3,GEORGE3_028,1779
GEORGE3_029,George 3,1760-1779,GEORGE3,George William Frederick,Hanover,M,Royalty,R,"royalty, King George III",41.0,1738.0,40-49,Court,N,Private: Classical,http://www.oxforddnb.com/view/article/10540,FNORTH,Frederick,North,M,N,N,nobility; statesman,http://www.oxforddnb.com/view/article/20304,Other,North was a PM fiercely loyal to his King,A,1779,N,N,N,,,165,The Correspondence of King George the Third. Vols. I-VI. Ed. by John Fortescue. London: Macmillan. 1927-1928.,,1760,1779,GEORGE3,GEORGE3_029,1779
GEORGE3_030,George 3,1780-1800,GEORGE3,George William Frederick,Hanover,M,Royalty,R,"royalty, King George III",42.0,1738.0,40-49,Court,N,Private: Classical,http://www.oxforddnb.com/view/article/10540,DMURRAY,David,Murray,M,N,N,"nobility; viscount (1793 2nd earl of Mansfield), diplomatist, statesman",http://www.oxforddnb.com/view/article/19600,Other,?,A,1780,N,N,N,,,191,The Correspondence of King George the Third. Vols. I-VI. Ed. by John Fortescue. London: Macmillan. 1927-1928.,,1780,1800,GEORGE3,GEORGE3_030,1780
GEORGE3_031,George 3,1780-1800,GEORGE3,George William Frederick,Hanover,M,Royalty,R,"royalty, King George III",42.0,1738.0,40-49,Court,N,Private: Classical,http://www.oxforddnb.com/view/article/10540,FNORTH,Frederick,North,M,N,N,nobility; statesman,http://www.oxforddnb.com/view/article/20304,Other,North was a PM fiercely loyal to his King,A,1780,N,N,N,,,135,The Correspondence of King George the Third. Vols. I-VI. Ed. by John Fortescue. London: Macmillan. 1927-1928.,,1780,1800,GEORGE3,GEORGE3_031,1780
GEORGE3_032,George 3,1780-1800,GEORGE3,George William Frederick,Hanover,M,Royalty,R,"royalty, King George III",43.0,1738.0,40-49,Court,N,Private: Classical,http://www.oxforddnb.com/view/article/10540,FNORTH,Frederick,North,M,N,N,nobility; statesman,http://www.oxforddnb.com/view/article/20304,Other,North was a PM fiercely loyal to his King,A,1781,N,N,N,,,198,The Correspondence of King George the Third. Vols. I-VI. Ed. by John Fortescue. London: Macmillan. 1927-1928.,,1780,1800,GEORGE3,GEORGE3_032,1781
GEORGE3_033,George 3,1780-1800,GEORGE3,George William Frederick,Hanover,M,Royalty,R,"royalty, King George III",43.0,1738.0,40-49,Court,N,Private: Classical,http://www.oxforddnb.com/view/article/10540,TTHYNNE,Thomas,Thynne,M,N,N,"nobility; viscount, statesman, (marquess of Bath 1789)",http://www.oxforddnb.com/view/article/27425,Other,?,A,1781,N,N,N,,,189,The Correspondence of King George the Third. Vols. I-VI. Ed. by John Fortescue. London: Macmillan. 1927-1928.,,1780,1800,GEORGE3,GEORGE3_033,1781
GEORGE3_034,George 3,1780-1800,GEORGE3,George William Frederick,Hanover,M,Royalty,R,"royalty, King George III",44.0,1738.0,40-49,Court,N,Private: Classical,http://www.oxforddnb.com/view/article/10540,GBMONTAGU,George Brudenell,Montagu,M,N,N,nobility; duke (new creation 1766; also earl of Cardigan),http://www.oxforddnb.com/view/article/19019,Other,governor to Prince of Wales (appointed 1776),A,1782,N,N,N,,,178,The Correspondence of King George the Third. Vols. I-VI. Ed. by John Fortescue. London: Macmillan. 1927-1928.,,1780,1800,GEORGE3,GEORGE3_034,1782
GEORGE3_035,George 3,1780-1800,GEORGE3,George William Frederick,Hanover,M,Royalty,R,"royalty, King George III",44.0,1738.0,40-49,Court,N,Private: Classical,http://www.oxforddnb.com/view/article/10540,WFPETTY,William,Fitzmaurice Petty,M,N,N,"nobility; earl, statesman, (1st marquess of Lansdowne)",http://www.oxforddnb.com/view/article/22070,Other,"enemies? (""hated by George III""), king's tool",A,1782,N,N,N,,,137,The Correspondence of King George the Third. Vols. I-VI. Ed. by John Fortescue. London: Macmillan. 1927-1928.,,1780,1800,GEORGE3,GEORGE3_035,1782
GEORGE3_036,George 3,1780-1800,GEORGE3,George William Frederick,Hanover,M,Royalty,R,"royalty, King George III",45.0,1738.0,40-49,Court,N,Private: Classical,http://www.oxforddnb.com/view/article/10540,WFPETTY,William,Fitzmaurice Petty,M,N,N,"nobility; earl, statesman, (1st marquess of Lansdowne)",http://www.oxforddnb.com/view/article/22070,Other,"enemies? (""hated by George III""), king's tool",A,1783,N,N,N,,,368,The Correspondence of King George the Third. Vols. I-VI. Ed. by John Fortescue. London: Macmillan. 1927-1928.,,1780,1800,GEORGE3,GEORGE3_036,1783
GOWER_001,Gower,1780-1800,GLGOWER,Granville Leveson,Gower,M,Nobility,N,"statesman, diplomatist, Viscount 1815, Earl 1833",10.0,1773.0,10-19,Unknown,N,Higher: Oxbridge,http://www.oxforddnb.com/view/article/16542,SLGOWER,Susannah Leveson,Gower nï¿½e Stewart,F,N,N,nobility,http://www.oxforddnb.com/view/article/68366,Family: Nuclear,son - mother,A,1783,N,N,N,,,96,Lord Granville Leveson Gower: Private Correspondence 1781 to 1821. Vol 1. Ed. by Castalia Countess Granville. London: John Murray. 1916.,4,1780,1800,GLGOWER,GOWER_001,1783
GOWER_003,Gower,1780-1800,GLGOWER,Granville Leveson,Gower,M,Nobility,N,"statesman, diplomatist, Viscount 1815, Earl 1833",16.0,1773.0,10-19,Unknown,N,Higher: Oxbridge,http://www.oxforddnb.com/view/article/16542,SLGOWER2,Susan Leveson,Gower,F,N,N,nobility,,Family: Nuclear,brother - sister,A,1789,N,N,N,,,289,Lord Granville Leveson Gower: Private Correspondence 1781 to 1821. Vol 1. Ed. by Castalia Countess Granville. London: John Murray. 1916.,12-13,1780,1800,GLGOWER,GOWER_003,1789
GOWER_005,Gower,1780-1800,GLGOWER,Granville Leveson,Gower,M,Nobility,N,"statesman, diplomatist, Viscount 1815, Earl 1833",17.0,1773.0,10-19,Unknown,N,Higher: Oxbridge,http://www.oxforddnb.com/view/article/16542,SLGOWER,Susannah Leveson,Gower nï¿½e Stewart,F,N,N,nobility,http://www.oxforddnb.com/view/article/68366,Family: Nuclear,son - mother,A,1790,N,N,N,,,586,Lord Granville Leveson Gower: Private Correspondence 1781 to 1821. Vol 1. Ed. by Castalia Countess Granville. London: John Murray. 1916.,22-23,1780,1800,GLGOWER,GOWER_005,1790
GOWER_010,Gower,1780-1800,GLGOWER,Granville Leveson,Gower,M,Nobility,N,"statesman, diplomatist, Viscount 1815, Earl 1833",19.0,1773.0,10-19,Unknown,N,Higher: Oxbridge,http://www.oxforddnb.com/view/article/16542,SLGOWER2,Susan Leveson,Gower,F,N,N,nobility,,Family: Nuclear,brother - sister,A,1792,N,N,N,,,393,Lord Granville Leveson Gower: Private Correspondence 1781 to 1821. Vol 1. Ed. by Castalia Countess Granville. London: John Murray. 1916.,44-45,1780,1800,GLGOWER,GOWER_010,1792
GOWER_011,Gower,1780-1800,GLGOWER,Granville Leveson,Gower,M,Nobility,N,"statesman, diplomatist, Viscount 1815, Earl 1833",20.0,1773.0,20-29,Unknown,N,Higher: Oxbridge,http://www.oxforddnb.com/view/article/16542,SLGOWER,Susannah Leveson,Gower nï¿½e Stewart,F,N,N,nobility,http://www.oxforddnb.com/view/article/68366,Family: Nuclear,son - mother,A,1793,N,N,N,,,822,Lord Granville Leveson Gower: Private Correspondence 1781 to 1821. Vol 1. Ed. by Castalia Countess Granville. London: John Murray. 1916.,62-64,1780,1800,GLGOWER,GOWER_011,1793
GOWER_016,Gower,1780-1800,GLGOWER,Granville Leveson,Gower,M,Nobility,N,"statesman, diplomatist, Viscount 1815, Earl 1833",23.0,1773.0,20-29,Unknown,N,Higher: Oxbridge,http://www.oxforddnb.com/view/article/16542,HPONSONBY,Henrietta,Ponsonby,F,N,N,nobility,http://www.oxforddnb.com/view/article/38506,Close Friend,lovers,A,1796,N,N,N,,,299,Lord Granville Leveson Gower: Private Correspondence 1781 to 1821. Vol 1. Ed. by Castalia Countess Granville. London: John Murray. 1916.,131-132,1780,1800,GLGOWER,GOWER_016,1796
GOWER_023,Gower,1780-1800,GLGOWER,Granville Leveson,Gower,M,Nobility,N,"statesman, diplomatist, Viscount 1815, Earl 1833",24.0,1773.0,20-29,Unknown,N,Higher: Oxbridge,http://www.oxforddnb.com/view/article/16542,GLGOWERSR,Granville Leveson Sr,Gower,M,N,N,"nobility; 1st Marquis of Stafford, politician",http://www.oxforddnb.com/view/article/16541,Family: Nuclear,son - father,A,1797,N,N,N,,,296,Lord Granville Leveson Gower: Private Correspondence 1781 to 1821. Vol 1. Ed. by Castalia Countess Granville. London: John Murray. 1916.,186,1780,1800,GLGOWER,GOWER_023,1797
GOWER_025,Gower,1780-1800,GLGOWER,Granville Leveson,Gower,M,Nobility,N,"statesman, diplomatist, Viscount 1815, Earl 1833",25.0,1773.0,20-29,Unknown,N,Higher: Oxbridge,http://www.oxforddnb.com/view/article/16542,SLGOWER,Susannah Leveson,Gower nï¿½e Stewart,F,N,N,nobility,http://www.oxforddnb.com/view/article/68366,Family: Nuclear,son - mother,A,1798,N,N,N,,,285,Lord Granville Leveson Gower: Private Correspondence 1781 to 1821. Vol 1. Ed. by Castalia Countess Granville. London: John Murray. 1916.,203,1780,1800,GLGOWER,GOWER_025,1798
GRAY_011,Gray,1740-1759,TGRAY,Thomas,Gray,M,Professional,P,"poet, scholar",30.0,1716.0,30-39,Other,N,,http://www.oxforddnb.com/view/article/11356,HWALPOLE,Horace,Walpole,M,GU,N,"author, politician, patron of arts; gentry upper",http://www.oxforddnb.com/view/article/28596,Close Friend,friends,A,1746,N,N,N,,,559,"Correspondence of Thomas Gray. Ed. by Paget Toynbee and Leonard Whibley. 3 vols. Oxford: Clarendon Press, 1935.",,1740,1759,TGRAY,GRAY_011,1746
GRAY_018,Gray,1740-1759,TGRAY,Thomas,Gray,M,Professional,P,"poet, scholar",37.0,1716.0,30-39,Other,N,,http://www.oxforddnb.com/view/article/11356,HWALPOLE,Horace,Walpole,M,GU,N,"author, politician, patron of arts; gentry upper",http://www.oxforddnb.com/view/article/28596,Close Friend,friends,A,1753,N,N,N,postscript torn out,,257,"Correspondence of Thomas Gray. Ed. by Paget Toynbee and Leonard Whibley. 3 vols. Oxford: Clarendon Press, 1935.",,1740,1759,TGRAY,GRAY_018,1753
GRAY_019,Gray,1740-1759,HWALPOLE,Horace,Walpole,M,Gentry Upper,N,"author, politician, patron of arts; gentry upper",36.0,1717.0,30-39,London,N,Higher: Oxbridge,http://www.oxforddnb.com/view/article/28596,TGRAY,Thomas,Gray,M,P,P,"poet, scholar",http://www.oxforddnb.com/view/article/11356,Close Friend,friends,A,1753,N,N,N,,,621,"Correspondence of Thomas Gray. Ed. by Paget Toynbee and Leonard Whibley. 3 vols. Oxford: Clarendon Press, 1935.",,1740,1759,HWALPOLE,GRAY_019,1753
GRAY_020,Gray,1740-1759,WMASON,William,Mason,M,Clergy Lower,CL,"clergy lower, scholar, poet",28.0,1725.0,20-29,Northern England,N,Higher: Oxbridge,http://www.oxforddnb.com/view/article/18293,TGRAY,Thomas,Gray,M,P,P,"poet, scholar",http://www.oxforddnb.com/view/article/11356,Close Friend,friends,A,1753,N,N,N,,,678,"Correspondence of Thomas Gray. Ed. by Paget Toynbee and Leonard Whibley. 3 vols. Oxford: Clarendon Press, 1935.",,1740,1759,WMASON,GRAY_020,1753
GRAY_021,Gray,1740-1759,TGRAY,Thomas,Gray,M,Professional,P,"poet, scholar",38.0,1716.0,30-39,Other,N,,http://www.oxforddnb.com/view/article/11356,HWALPOLE,Horace,Walpole,M,GU,N,"author, politician, patron of arts; gentry upper",http://www.oxforddnb.com/view/article/28596,Close Friend,friends,A,1754,N,N,N,,,1666,"Correspondence of Thomas Gray. Ed. by Paget Toynbee and Leonard Whibley. 3 vols. Oxford: Clarendon Press, 1935.",,1740,1759,TGRAY,GRAY_021,1754
GRAY_022,Gray,1740-1759,TGRAY,Thomas,Gray,M,Professional,P,"poet, scholar",38.0,1716.0,30-39,Other,N,,http://www.oxforddnb.com/view/article/11356,TWHARTON2,Thomas,Wharton,M,P,P,physician,,Close Friend,close friends,A,1754,N,N,N,,,1328,"Correspondence of Thomas Gray. Ed. by Paget Toynbee and Leonard Whibley. 3 vols. Oxford: Clarendon Press, 1935.",,1740,1759,TGRAY,GRAY_022,1754
GRAY_023,Gray,1740-1759,WMASON,William,Mason,M,Clergy Lower,CL,"clergy lower, scholar, poet",30.0,1725.0,30-39,Northern England,N,Higher: Oxbridge,http://www.oxforddnb.com/view/article/18293,TGRAY,Thomas,Gray,M,P,P,"poet, scholar",http://www.oxforddnb.com/view/article/11356,Close Friend,friends,A,1755,N,N,N,,,854,"Correspondence of Thomas Gray. Ed. by Paget Toynbee and Leonard Whibley. 3 vols. Oxford: Clarendon Press, 1935.",,1740,1759,WMASON,GRAY_023,1755
GRAY_024,Gray,1740-1759,WMASON,William,Mason,M,Clergy Lower,CL,"clergy lower, scholar, poet",30.0,1725.0,30-39,Northern England,N,Higher: Oxbridge,http://www.oxforddnb.com/view/article/18293,TGRAY,Thomas,Gray,M,P,P,"poet, scholar",http://www.oxforddnb.com/view/article/11356,Close Friend,friends,A,1755,N,N,N,unsigned,,432,"Correspondence of Thomas Gray. Ed. by Paget Toynbee and Leonard Whibley. 3 vols. Oxford: Clarendon Press, 1935.",,1740,1759,WMASON,GRAY_024,1755
GRAY_026,Gray,1740-1759,WMASON,William,Mason,M,Clergy Lower,CL,"clergy lower, scholar, poet",30.0,1725.0,30-39,Northern England,N,Higher: Oxbridge,http://www.oxforddnb.com/view/article/18293,TGRAY,Thomas,Gray,M,P,P,"poet, scholar",http://www.oxforddnb.com/view/article/11356,Close Friend,friends,A,1755,N,N,N,,,753,"Correspondence of Thomas Gray. Ed. by Paget Toynbee and Leonard Whibley. 3 vols. Oxford: Clarendon Press, 1935.",,1740,1759,WMASON,GRAY_026,1755
GRAY_027,Gray,1740-1759,HWALPOLE,Horace,Walpole,M,Gentry Upper,N,"author, politician, patron of arts; gentry upper",38.0,1717.0,30-39,London,N,Higher: Oxbridge,http://www.oxforddnb.com/view/article/28596,TGRAY,Thomas,Gray,M,P,P,"poet, scholar",http://www.oxforddnb.com/view/article/11356,Close Friend,friends,A,1755,N,N,N,,,139,"Correspondence of Thomas Gray. Ed. by Paget Toynbee and Leonard Whibley. 3 vols. Oxford: Clarendon Press, 1935.",,1740,1759,HWALPOLE,GRAY_027,1755
GRAY_028,Gray,1740-1759,WMASON,William,Mason,M,Clergy Lower,CL,"clergy lower, scholar, poet",30.0,1725.0,30-39,Northern England,N,Higher: Oxbridge,http://www.oxforddnb.com/view/article/18293,TGRAY,Thomas,Gray,M,P,P,"poet, scholar",http://www.oxforddnb.com/view/article/11356,Close Friend,friends,A,1755,N,N,N,,,593,"Correspondence of Thomas Gray. Ed. by Paget Toynbee and Leonard Whibley. 3 vols. Oxford: Clarendon Press, 1935.",,1740,1759,WMASON,GRAY_028,1755
GRAY_029,Gray,1740-1759,TGRAY,Thomas,Gray,M,Professional,P,"poet, scholar",40.0,1716.0,40-49,Other,N,,http://www.oxforddnb.com/view/article/11356,HWALPOLE,Horace,Walpole,M,GU,N,"author, politician, patron of arts; gentry upper",http://www.oxforddnb.com/view/article/28596,Close Friend,friends,A,1756,N,N,N,,,377,"Correspondence of Thomas Gray. Ed. by Paget Toynbee and Leonard Whibley. 3 vols. Oxford: Clarendon Press, 1935.",,1740,1759,TGRAY,GRAY_029,1756
GRAY_030,Gray,1740-1759,TGRAY,Thomas,Gray,M,Professional,P,"poet, scholar",41.0,1716.0,40-49,Other,N,,http://www.oxforddnb.com/view/article/11356,HWALPOLE,Horace,Walpole,M,GU,N,"author, politician, patron of arts; gentry upper",http://www.oxforddnb.com/view/article/28596,Close Friend,friends,A,1757,N,N,N,,,266,"Correspondence of Thomas Gray. Ed. by Paget Toynbee and Leonard Whibley. 3 vols. Oxford: Clarendon Press, 1935.",,1740,1759,TGRAY,GRAY_030,1757
GRAY_031,Gray,1740-1759,TGRAY,Thomas,Gray,M,Professional,P,"poet, scholar",41.0,1716.0,40-49,Other,N,,http://www.oxforddnb.com/view/article/11356,TWHARTON2,Thomas,Wharton,M,P,P,physician,,Close Friend,close friends,A,1757,N,N,N,,,548,"Correspondence of Thomas Gray. Ed. by Paget Toynbee and Leonard Whibley. 3 vols. Oxford: Clarendon Press, 1935.",,1740,1759,TGRAY,GRAY_031,1757
GRAY_032,Gray,1740-1759,TGRAY,Thomas,Gray,M,Professional,P,"poet, scholar",41.0,1716.0,40-49,Other,N,,http://www.oxforddnb.com/view/article/11356,TWHARTON2,Thomas,Wharton,M,P,P,physician,,Close Friend,close friends,A,1757,N,N,N,,,503,"Correspondence of Thomas Gray. Ed. by Paget Toynbee and Leonard Whibley. 3 vols. Oxford: Clarendon Press, 1935.",,1740,1759,TGRAY,GRAY_032,1757
GRAY_033,Gray,1740-1759,WMASON,William,Mason,M,Clergy Lower,CL,"clergy lower, scholar, poet",33.0,1725.0,30-39,Northern England,N,Higher: Oxbridge,http://www.oxforddnb.com/view/article/18293,TGRAY,Thomas,Gray,M,P,P,"poet, scholar",http://www.oxforddnb.com/view/article/11356,Close Friend,friends,A,1758,N,N,N,,,534,"Correspondence of Thomas Gray. Ed. by Paget Toynbee and Leonard Whibley. 3 vols. Oxford: Clarendon Press, 1935.",,1740,1759,WMASON,GRAY_033,1758
GRAY_034,Gray,1740-1759,TGRAY,Thomas,Gray,M,Professional,P,"poet, scholar",42.0,1716.0,40-49,Other,N,,http://www.oxforddnb.com/view/article/11356,HWALPOLE,Horace,Walpole,M,GU,N,"author, politician, patron of arts; gentry upper",http://www.oxforddnb.com/view/article/28596,Close Friend,friends,A,1758,N,N,N,,,185,"Correspondence of Thomas Gray. Ed. by Paget Toynbee and Leonard Whibley. 3 vols. Oxford: Clarendon Press, 1935.",,1740,1759,TGRAY,GRAY_034,1758
GRAY_035,Gray,1740-1759,TGRAY,Thomas,Gray,M,Professional,P,"poet, scholar",42.0,1716.0,40-49,Other,N,,http://www.oxforddnb.com/view/article/11356,TWHARTON2,Thomas,Wharton,M,P,P,physician,,Close Friend,close friends,A,1758,N,N,N,,,383,"Correspondence of Thomas Gray. Ed. by Paget Toynbee and Leonard Whibley. 3 vols. Oxford: Clarendon Press, 1935.",,1740,1759,TGRAY,GRAY_035,1758
GRAY_038,Gray,1740-1759,WMASON,William,Mason,M,Clergy Lower,CL,"clergy lower, scholar, poet",34.0,1725.0,30-39,Northern England,N,Higher: Oxbridge,http://www.oxforddnb.com/view/article/18293,TGRAY,Thomas,Gray,M,P,P,"poet, scholar",http://www.oxforddnb.com/view/article/11356,Close Friend,friends,A,1759,N,N,N,unsigned,,974,"Correspondence of Thomas Gray. Ed. by Paget Toynbee and Leonard Whibley. 3 vols. Oxford: Clarendon Press, 1935.",,1740,1759,WMASON,GRAY_038,1759
GRAY_039,Gray,1740-1759,HWALPOLE,Horace,Walpole,M,Gentry Upper,N,"author, politician, patron of arts; gentry upper",42.0,1717.0,40-49,London,N,Higher: Oxbridge,http://www.oxforddnb.com/view/article/28596,TGRAY,Thomas,Gray,M,P,P,"poet, scholar",http://www.oxforddnb.com/view/article/11356,Close Friend,friends,A,1759,N,N,N,,,420,"Correspondence of Thomas Gray. Ed. by Paget Toynbee and Leonard Whibley. 3 vols. Oxford: Clarendon Press, 1935.",,1740,1759,HWALPOLE,GRAY_039,1759
GRAY_040,Gray,1740-1759,TGRAY,Thomas,Gray,M,Professional,P,"poet, scholar",43.0,1716.0,40-49,Other,N,,http://www.oxforddnb.com/view/article/11356,MANTROBUS,Mary,Antrobus,F,O,O,non-gentry,,Family: Other,cousins,A,1759,N,N,N,,,254,"Correspondence of Thomas Gray. Ed. by Paget Toynbee and Leonard Whibley. 3 vols. Oxford: Clarendon Press, 1935.",,1740,1759,TGRAY,GRAY_040,1759
GRAY_041,Gray,1740-1759,TGRAY,Thomas,Gray,M,Professional,P,"poet, scholar",43.0,1716.0,40-49,Other,N,,http://www.oxforddnb.com/view/article/11356,TWHARTON2,Thomas,Wharton,M,P,P,physician,,Close Friend,close friends,A,1759,N,N,N,,,1156,"Correspondence of Thomas Gray. Ed. by Paget Toynbee and Leonard Whibley. 3 vols. Oxford: Clarendon Press, 1935.",,1740,1759,TGRAY,GRAY_041,1759
GRAY_042,Gray,1740-1759,TGRAY,Thomas,Gray,M,Professional,P,"poet, scholar",43.0,1716.0,40-49,Other,N,,http://www.oxforddnb.com/view/article/11356,EANTROBUS,Elizabeth,Antrobus,F,O,O,non-gentry,,Family: Other,nephew - aunt,A,1759,N,N,N,,,189,"Correspondence of Thomas Gray. Ed. by Paget Toynbee and Leonard Whibley. 3 vols. Oxford: Clarendon Press, 1935.",,1740,1759,TGRAY,GRAY_042,1759
GRAY_043,Gray,1740-1759,TGRAY,Thomas,Gray,M,Professional,P,"poet, scholar",43.0,1716.0,40-49,Other,N,,http://www.oxforddnb.com/view/article/11356,MANTROBUS,Mary,Antrobus,F,O,O,non-gentry,,Family: Other,cousins,A,1759,N,N,N,,,426,"Correspondence of Thomas Gray. Ed. by Paget Toynbee and Leonard Whibley. 3 vols. Oxford: Clarendon Press, 1935.",,1740,1759,TGRAY,GRAY_043,1759
GRAY_045,Gray,1760-1779,WMASON,William,Mason,M,Clergy Lower,CL,"clergy lower, scholar, poet",36.0,1725.0,30-39,Northern England,N,Higher: Oxbridge,http://www.oxforddnb.com/view/article/18293,TGRAY,Thomas,Gray,M,P,P,"poet, scholar",http://www.oxforddnb.com/view/article/11356,Close Friend,friends,A,1761,N,N,N,unsigned,,736,"Correspondence of Thomas Gray. Ed. by Paget Toynbee and Leonard Whibley. 3 vols. Oxford: Clarendon Press, 1935.",,1760,1779,WMASON,GRAY_045,1761
GRAY_046,Gray,1760-1779,WMASON,William,Mason,M,Clergy Lower,CL,"clergy lower, scholar, poet",36.0,1725.0,30-39,Northern England,N,Higher: Oxbridge,http://www.oxforddnb.com/view/article/18293,TGRAY,Thomas,Gray,M,P,P,"poet, scholar",http://www.oxforddnb.com/view/article/11356,Close Friend,friends,A,1761,N,N,N,,,233,"Correspondence of Thomas Gray. Ed. by Paget Toynbee and Leonard Whibley. 3 vols. Oxford: Clarendon Press, 1935.",,1760,1779,WMASON,GRAY_046,1761
GRAY_048,Gray,1760-1779,WMASON,William,Mason,M,Clergy Lower,CL,"clergy lower, scholar, poet",38.0,1725.0,30-39,Northern England,N,Higher: Oxbridge,http://www.oxforddnb.com/view/article/18293,TGRAY,Thomas,Gray,M,P,P,"poet, scholar",http://www.oxforddnb.com/view/article/11356,Close Friend,friends,A,1763,N,N,N,unsigned,,652,"Correspondence of Thomas Gray. Ed. by Paget Toynbee and Leonard Whibley. 3 vols. Oxford: Clarendon Press, 1935.",,1760,1779,WMASON,GRAY_048,1763
GRAY_049,Gray,1760-1779,WMASON,William,Mason,M,Clergy Lower,CL,"clergy lower, scholar, poet",38.0,1725.0,30-39,Northern England,N,Higher: Oxbridge,http://www.oxforddnb.com/view/article/18293,TGRAY,Thomas,Gray,M,P,P,"poet, scholar",http://www.oxforddnb.com/view/article/11356,Close Friend,friends,A,1763,N,N,N,,,519,"Correspondence of Thomas Gray. Ed. by Paget Toynbee and Leonard Whibley. 3 vols. Oxford: Clarendon Press, 1935.",,1760,1779,WMASON,GRAY_049,1763
GRAY_050,Gray,1760-1779,TGRAY,Thomas,Gray,M,Professional,P,"poet, scholar",47.0,1716.0,40-49,Other,N,,http://www.oxforddnb.com/view/article/11356,TWHARTON2,Thomas,Wharton,M,P,P,physician,,Close Friend,close friends,A,1763,N,N,N,unsigned,,1077,"Correspondence of Thomas Gray. Ed. by Paget Toynbee and Leonard Whibley. 3 vols. Oxford: Clarendon Press, 1935.",,1760,1779,TGRAY,GRAY_050,1763
GRAY_052,Gray,1760-1779,TGRAY,Thomas,Gray,M,Professional,P,"poet, scholar",48.0,1716.0,40-49,Other,N,,http://www.oxforddnb.com/view/article/11356,HWALPOLE,Horace,Walpole,M,GU,N,"author, politician, patron of arts; gentry upper",http://www.oxforddnb.com/view/article/28596,Close Friend,friends,A,1764,N,N,N,unsigned,,275,"Correspondence of Thomas Gray. Ed. by Paget Toynbee and Leonard Whibley. 3 vols. Oxford: Clarendon Press, 1935.",,1760,1779,TGRAY,GRAY_052,1764
GRAY_055,Gray,1760-1779,TGRAY,Thomas,Gray,M,Professional,P,"poet, scholar",49.0,1716.0,40-49,Other,N,,http://www.oxforddnb.com/view/article/11356,TWHARTON2,Thomas,Wharton,M,P,P,physician,,Close Friend,close friends,A,1765,N,N,N,,,819,"Correspondence of Thomas Gray. Ed. by Paget Toynbee and Leonard Whibley. 3 vols. Oxford: Clarendon Press, 1935.",,1760,1779,TGRAY,GRAY_055,1765
GRAY_056,Gray,1760-1779,WMASON,William,Mason,M,Clergy Lower,CL,"clergy lower, scholar, poet",40.0,1725.0,40-49,Northern England,N,Higher: Oxbridge,http://www.oxforddnb.com/view/article/18293,TGRAY,Thomas,Gray,M,P,P,"poet, scholar",http://www.oxforddnb.com/view/article/11356,Close Friend,friends,A,1765,N,N,N,,,461,"Correspondence of Thomas Gray. Ed. by Paget Toynbee and Leonard Whibley. 3 vols. Oxford: Clarendon Press, 1935.",,1760,1779,WMASON,GRAY_056,1765
GRAY_058,Gray,1760-1779,HWALPOLE,Horace,Walpole,M,Gentry Upper,N,"author, politician, patron of arts; gentry upper",48.0,1717.0,40-49,London,N,Higher: Oxbridge,http://www.oxforddnb.com/view/article/28596,TGRAY,Thomas,Gray,M,P,P,"poet, scholar",http://www.oxforddnb.com/view/article/11356,Close Friend,friends,A,1765,N,N,N,,,1366,"Correspondence of Thomas Gray. Ed. by Paget Toynbee and Leonard Whibley. 3 vols. Oxford: Clarendon Press, 1935.",,1760,1779,HWALPOLE,GRAY_058,1765
GRAY_060,Gray,1760-1779,TGRAY,Thomas,Gray,M,Professional,P,"poet, scholar",50.0,1716.0,50-59,Other,N,,http://www.oxforddnb.com/view/article/11356,TWHARTON2,Thomas,Wharton,M,P,P,physician,,Close Friend,close friends,A,1766,N,N,N,unsigned,,1374,"Correspondence of Thomas Gray. Ed. by Paget Toynbee and Leonard Whibley. 3 vols. Oxford: Clarendon Press, 1935.",,1760,1779,TGRAY,GRAY_060,1766
GRAY_061,Gray,1760-1779,WMASON,William,Mason,M,Clergy Lower,CL,"clergy lower, scholar, poet",42.0,1725.0,40-49,Northern England,N,Higher: Oxbridge,http://www.oxforddnb.com/view/article/18293,TGRAY,Thomas,Gray,M,P,P,"poet, scholar",http://www.oxforddnb.com/view/article/11356,Close Friend,friends,A,1767,N,N,N,,,381,"Correspondence of Thomas Gray. Ed. by Paget Toynbee and Leonard Whibley. 3 vols. Oxford: Clarendon Press, 1935.",,1760,1779,WMASON,GRAY_061,1767
GRAY_062,Gray,1760-1779,TGRAY,Thomas,Gray,M,Professional,P,"poet, scholar",51.0,1716.0,50-59,Other,N,,http://www.oxforddnb.com/view/article/11356,MANTROBUS,Mary,Antrobus,F,O,O,non-gentry,,Family: Other,cousins,A,1767,N,N,N,,,402,"Correspondence of Thomas Gray. Ed. by Paget Toynbee and Leonard Whibley. 3 vols. Oxford: Clarendon Press, 1935.",,1760,1779,TGRAY,GRAY_062,1767
GRAY_063,Gray,1760-1779,TGRAY,Thomas,Gray,M,Professional,P,"poet, scholar",51.0,1716.0,50-59,Other,N,,http://www.oxforddnb.com/view/article/11356,HWALPOLE,Horace,Walpole,M,GU,N,"author, politician, patron of arts; gentry upper",http://www.oxforddnb.com/view/article/28596,Close Friend,friends,A,1767,N,N,N,,,362,"Correspondence of Thomas Gray. Ed. by Paget Toynbee and Leonard Whibley. 3 vols. Oxford: Clarendon Press, 1935.",,1760,1779,TGRAY,GRAY_063,1767
GRAY_064,Gray,1760-1779,TGRAY,Thomas,Gray,M,Professional,P,"poet, scholar",51.0,1716.0,50-59,Other,N,,http://www.oxforddnb.com/view/article/11356,TWHARTON2,Thomas,Wharton,M,P,P,physician,,Close Friend,close friends,A,1767,N,N,N,,,974,"Correspondence of Thomas Gray. Ed. by Paget Toynbee and Leonard Whibley. 3 vols. Oxford: Clarendon Press, 1935.",,1760,1779,TGRAY,GRAY_064,1767
GRAY_065,Gray,1760-1779,HWALPOLE,Horace,Walpole,M,Gentry Upper,N,"author, politician, patron of arts; gentry upper",51.0,1717.0,50-59,London,N,Higher: Oxbridge,http://www.oxforddnb.com/view/article/28596,TGRAY,Thomas,Gray,M,P,P,"poet, scholar",http://www.oxforddnb.com/view/article/11356,Close Friend,friends,A,1768,N,N,N,,,564,"Correspondence of Thomas Gray. Ed. by Paget Toynbee and Leonard Whibley. 3 vols. Oxford: Clarendon Press, 1935.",,1760,1779,HWALPOLE,GRAY_065,1768
GRAY_066,Gray,1760-1779,WMASON,William,Mason,M,Clergy Lower,CL,"clergy lower, scholar, poet",43.0,1725.0,40-49,Northern England,N,Higher: Oxbridge,http://www.oxforddnb.com/view/article/18293,TGRAY,Thomas,Gray,M,P,P,"poet, scholar",http://www.oxforddnb.com/view/article/11356,Close Friend,friends,A,1768,N,N,N,,,335,"Correspondence of Thomas Gray. Ed. by Paget Toynbee and Leonard Whibley. 3 vols. Oxford: Clarendon Press, 1935.",,1760,1779,WMASON,GRAY_066,1768
GRAY_067,Gray,1760-1779,TGRAY,Thomas,Gray,M,Professional,P,"poet, scholar",53.0,1716.0,50-59,Other,N,,http://www.oxforddnb.com/view/article/11356,TWHARTON2,Thomas,Wharton,M,P,P,physician,,Close Friend,close friends,A,1769,N,N,N,,,357,"Correspondence of Thomas Gray. Ed. by Paget Toynbee and Leonard Whibley. 3 vols. Oxford: Clarendon Press, 1935.",,1760,1779,TGRAY,GRAY_067,1769
GRAY_068,Gray,1760-1779,RHURD,Richard,Hurd,M,Clergy Lower,CU,"clergy; archdeacon, rector",49.0,1720.0,40-49,London,U,Higher: Oxbridge,http://www.oxforddnb.com/view/article/14249,TGRAY,Thomas,Gray,M,P,P,"poet, scholar",http://www.oxforddnb.com/view/article/11356,Other,friends,A,1769,N,N,N,,,345,"Correspondence of Thomas Gray. Ed. by Paget Toynbee and Leonard Whibley. 3 vols. Oxford: Clarendon Press, 1935.",(for 509*),1760,1779,RHURD,GRAY_068,1769
GRAY_069,Gray,1760-1779,TGRAY,Thomas,Gray,M,Professional,P,"poet, scholar",54.0,1716.0,50-59,Other,N,,http://www.oxforddnb.com/view/article/11356,TWHARTON2,Thomas,Wharton,M,P,P,physician,,Close Friend,close friends,A,1770,N,N,N,,,682,"Correspondence of Thomas Gray. Ed. by Paget Toynbee and Leonard Whibley. 3 vols. Oxford: Clarendon Press, 1935.",,1760,1779,TGRAY,GRAY_069,1770
GRAY_070,Gray,1760-1779,TGRAY,Thomas,Gray,M,Professional,P,"poet, scholar",54.0,1716.0,50-59,Other,N,,http://www.oxforddnb.com/view/article/11356,HWALPOLE,Horace,Walpole,M,GU,N,"author, politician, patron of arts; gentry upper",http://www.oxforddnb.com/view/article/28596,Close Friend,friends,A,1770,N,N,N,,,310,"Correspondence of Thomas Gray. Ed. by Paget Toynbee and Leonard Whibley. 3 vols. Oxford: Clarendon Press, 1935.",,1760,1779,TGRAY,GRAY_070,1770
GRAY_071,Gray,1760-1779,HWALPOLE,Horace,Walpole,M,Gentry Upper,N,"author, politician, patron of arts; gentry upper",54.0,1717.0,50-59,London,N,Higher: Oxbridge,http://www.oxforddnb.com/view/article/28596,TGRAY,Thomas,Gray,M,P,P,"poet, scholar",http://www.oxforddnb.com/view/article/11356,Close Friend,friends,A,1771,N,N,N,,,611,"Correspondence of Thomas Gray. Ed. by Paget Toynbee and Leonard Whibley. 3 vols. Oxford: Clarendon Press, 1935.",,1760,1779,HWALPOLE,GRAY_071,1771
GRAY_072,Gray,1760-1779,WMASON,William,Mason,M,Clergy Lower,CL,"clergy lower, scholar, poet",46.0,1725.0,40-49,Northern England,N,Higher: Oxbridge,http://www.oxforddnb.com/view/article/18293,TGRAY,Thomas,Gray,M,P,P,"poet, scholar",http://www.oxforddnb.com/view/article/11356,Close Friend,friends,A,1771,N,N,N,,,606,"Correspondence of Thomas Gray. Ed. by Paget Toynbee and Leonard Whibley. 3 vols. Oxford: Clarendon Press, 1935.",,1760,1779,WMASON,GRAY_072,1771
GRAY_073,Gray,1760-1779,TGRAY,Thomas,Gray,M,Professional,P,"poet, scholar",55.0,1716.0,50-59,Other,N,,http://www.oxforddnb.com/view/article/11356,TWHARTON2,Thomas,Wharton,M,P,P,physician,,Close Friend,close friends,A,1771,N,N,N,,,381,"Correspondence of Thomas Gray. Ed. by Paget Toynbee and Leonard Whibley. 3 vols. Oxford: Clarendon Press, 1935.",,1760,1779,TGRAY,GRAY_073,1771
HADDOC2_001,Haddock 2,1680-1699,RHADDOCK,Richard,Haddock,M,Professional,P,"professional; captain (navy), admiral, knighted in 1675, MP 1685-1687 for Shoreham",59.0,1629.0,50-59,Home Counties,N,Unknown,http://www.oxforddnb.com/view/article/11849,PFROWD,Philip,Frowd,M,P,P,professional; postmaster-general,,Other,?,A,1688,N,N,N,,,206,Correspondence of the Family of Haddock 1657-1719. Ed. by Edward Maunde Thompson. Camden Miscellany 8. Camden New Series 31. 1883/1965.,36,1680,1699,RHADDOCK,HADDOC2_001,1688
HADDOC2_004,Haddock 2,1700-1719,RHADDOCK,Richard,Haddock,M,Professional,P,"professional; captain (navy), admiral, knighted in 1675, MP 1685-1687 for Shoreham",73.0,1629.0,70-79,Home Counties,N,Unknown,http://www.oxforddnb.com/view/article/11849,R2HADDOCK,Richard Jr,Haddock,M,P,P,professional; a lieutenant,,Family: Nuclear,father - son,A,1702,N,N,N,,,522,Correspondence of the Family of Haddock 1657-1719. Ed. by Edward Maunde Thompson. Camden Miscellany 8. Camden New Series 31. 1883/1965.,43,1700,1719,RHADDOCK,HADDOC2_004,1702
HADDOC2_005,Haddock 2,1700-1719,RHADDOCK,Richard,Haddock,M,Professional,P,"professional; captain (navy), admiral, knighted in 1675, MP 1685-1687 for Shoreham",74.0,1629.0,70-79,Home Counties,N,Unknown,http://www.oxforddnb.com/view/article/11849,R2HADDOCK,Richard Jr,Haddock,M,P,P,professional; a lieutenant,,Family: Nuclear,father - son,A,1703,N,N,N,,,481,Correspondence of the Family of Haddock 1657-1719. Ed. by Edward Maunde Thompson. Camden Miscellany 8. Camden New Series 31. 1883/1965.,44,1700,1719,RHADDOCK,HADDOC2_005,1703
HADDOC2_006,Haddock 2,1700-1719,NHADDOCK,Nicholas,Haddock,M,Professional,P,professional; admiral,,,,Home Counties,N,Unknown,http://www.oxforddnb.com/view/article/11848,RHADDOCK,Richard,Haddock,M,P,P,"professional; captain (navy), admiral, knighted in 1675, MP 1685-1687 for Shoreham",http://www.oxforddnb.com/view/article/11849,Family: Nuclear,son - father,A,1706,N,N,N,,,516,Correspondence of the Family of Haddock 1657-1719. Ed. by Edward Maunde Thompson. Camden Miscellany 8. Camden New Series 31. 1883/1965.,49,1700,1719,NHADDOCK,HADDOC2_006,1706
HADDOC2_007,Haddock 2,1700-1719,NHADDOCK,Nicholas,Haddock,M,Professional,P,professional; admiral,,,,Home Counties,N,Unknown,http://www.oxforddnb.com/view/article/11848,RHADDOCK,Richard,Haddock,M,P,P,"professional; captain (navy), admiral, knighted in 1675, MP 1685-1687 for Shoreham",http://www.oxforddnb.com/view/article/11849,Family: Nuclear,son - father,A,1706,N,N,N,,,253,Correspondence of the Family of Haddock 1657-1719. Ed. by Edward Maunde Thompson. Camden Miscellany 8. Camden New Series 31. 1883/1965.,50,1700,1719,NHADDOCK,HADDOC2_007,1706
HADDOC2_008,Haddock 2,1700-1719,RHADDOCK,Richard,Haddock,M,Professional,P,"professional; captain (navy), admiral, knighted in 1675, MP 1685-1687 for Shoreham",80.0,1629.0,80-89,Home Counties,N,Unknown,http://www.oxforddnb.com/view/article/11849,COMMISSIONERS,The,Commissioners of the Admiralty,,,,?,,Other,?,A,1709,N,N,Y,,,310,Correspondence of the Family of Haddock 1657-1719. Ed. by Edward Maunde Thompson. Camden Miscellany 8. Camden New Series 31. 1883/1965.,51,1700,1719,RHADDOCK,HADDOC2_008,1709
HADDOC2_009,Haddock 2,1700-1719,RHADDOCK,Richard,Haddock,M,Professional,P,"professional; captain (navy), admiral, knighted in 1675, MP 1685-1687 for Shoreham",83.0,1629.0,80-89,Home Counties,N,Unknown,http://www.oxforddnb.com/view/article/11849,GRANDSON,A,Grandson?,M,,,?,,Family: Other,grandfather - grandson,A,1712,N,N,N,,,187,Correspondence of the Family of Haddock 1657-1719. Ed. by Edward Maunde Thompson. Camden Miscellany 8. Camden New Series 31. 1883/1965.,52,1700,1719,RHADDOCK,HADDOC2_009,1712
HADDOC2_010,Haddock 2,1700-1719,NHADDOCK,Nicholas,Haddock,M,Professional,P,professional; admiral,,,,Home Counties,N,Unknown,http://www.oxforddnb.com/view/article/11848,FHADDOCK,Frances,Haddock,F,P,P,?,,Family: Nuclear,husband - wife,A,1718,N,N,N,,,266,Correspondence of the Family of Haddock 1657-1719. Ed. by Edward Maunde Thompson. Camden Miscellany 8. Camden New Series 31. 1883/1965.,53,1700,1719,NHADDOCK,HADDOC2_010,1718
HADDOC2_011,Haddock 2,1700-1719,NHADDOCK,Nicholas,Haddock,M,Professional,P,professional; admiral,,,,Home Counties,N,Unknown,http://www.oxforddnb.com/view/article/11848,FHADDOCK,Frances,Haddock,F,P,P,?,,Family: Nuclear,husband - wife,A,1719,N,N,N,,,197,Correspondence of the Family of Haddock 1657-1719. Ed. by Edward Maunde Thompson. Camden Miscellany 8. Camden New Series 31. 1883/1965.,54,1700,1719,NHADDOCK,HADDOC2_011,1719
HATTON2_001,Hatton 2,1680-1699,CHLYTTELTON,Charles,Lyttelton,M,Gentry Upper,GU,"gentry upper; Lieutenant Governor of Jamaica, knight, colonel",53.0,1629.0,50-59,Other,N,Unknown,http://www.oxforddnb.com/view/article/17304,CR3HATTON,Christopher,Hatton,M,N,N,"nobility; viscount Hatton, governor of Guernsey",http://www.oxforddnb.com/view/article/12607,Close Friend,friends,A,1682,N,N,N,,,193,Correspondence of the Family of Hatton Being Chiefly Letters Addressed to Christopher First Viscount Hatton A.D. 1601-1704. Volume II. Ed. by Edward Maunde Thompson. Camden New Series 23. Camden Society. 1878.,13,1680,1699,CHLYTTELTON,HATTON2_001,1682
HATTON2_002,Hatton 2,1680-1699,CHLYTTELTON,Charles,Lyttelton,M,Gentry Upper,GU,"gentry upper; Lieutenant Governor of Jamaica, knight, colonel",54.0,1629.0,50-59,Other,N,Unknown,http://www.oxforddnb.com/view/article/17304,CR3HATTON,Christopher,Hatton,M,N,N,"nobility; viscount Hatton, governor of Guernsey",http://www.oxforddnb.com/view/article/12607,Close Friend,friends,A,1683,N,N,N,,,204,Correspondence of the Family of Hatton Being Chiefly Letters Addressed to Christopher First Viscount Hatton A.D. 1601-1704. Volume II. Ed. by Edward Maunde Thompson. Camden New Series 23. Camden Society. 1878.,26-27,1680,1699,CHLYTTELTON,HATTON2_002,1683
HATTON2_004,Hatton 2,1680-1699,CHLYTTELTON,Charles,Lyttelton,M,Gentry Upper,GU,"gentry upper; Lieutenant Governor of Jamaica, knight, colonel",54.0,1629.0,50-59,Other,N,Unknown,http://www.oxforddnb.com/view/article/17304,CR3HATTON,Christopher,Hatton,M,N,N,"nobility; viscount Hatton, governor of Guernsey",http://www.oxforddnb.com/view/article/12607,Close Friend,friends,A,1683,N,N,N,,,383,Correspondence of the Family of Hatton Being Chiefly Letters Addressed to Christopher First Viscount Hatton A.D. 1601-1704. Volume II. Ed. by Edward Maunde Thompson. Camden New Series 23. Camden Society. 1878.,29-30,1680,1699,CHLYTTELTON,HATTON2_004,1683
HATTON2_013,Hatton 2,1680-1699,CHLYTTELTON,Charles,Lyttelton,M,Gentry Upper,GU,"gentry upper; Lieutenant Governor of Jamaica, knight, colonel",56.0,1629.0,50-59,Other,N,Unknown,http://www.oxforddnb.com/view/article/17304,CR3HATTON,Christopher,Hatton,M,N,N,"nobility; viscount Hatton, governor of Guernsey",http://www.oxforddnb.com/view/article/12607,Close Friend,friends,A,1685,N,N,N,,,458,Correspondence of the Family of Hatton Being Chiefly Letters Addressed to Christopher First Viscount Hatton A.D. 1601-1704. Volume II. Ed. by Edward Maunde Thompson. Camden New Series 23. Camden Society. 1878.,51-52,1680,1699,CHLYTTELTON,HATTON2_013,1685
HATTON2_024,Hatton 2,1680-1699,CHLYTTELTON,Charles,Lyttelton,M,Gentry Upper,GU,"gentry upper; Lieutenant Governor of Jamaica, knight, colonel",58.0,1629.0,50-59,Other,N,Unknown,http://www.oxforddnb.com/view/article/17304,CR3HATTON,Christopher,Hatton,M,N,N,"nobility; viscount Hatton, governor of Guernsey",http://www.oxforddnb.com/view/article/12607,Close Friend,friends,A,1687,N,N,N,,,221,Correspondence of the Family of Hatton Being Chiefly Letters Addressed to Christopher First Viscount Hatton A.D. 1601-1704. Volume II. Ed. by Edward Maunde Thompson. Camden New Series 23. Camden Society. 1878.,69-70,1680,1699,CHLYTTELTON,HATTON2_024,1687
HATTON2_026,Hatton 2,1680-1699,CHLYTTELTON,Charles,Lyttelton,M,Gentry Upper,GU,"gentry upper; Lieutenant Governor of Jamaica, knight, colonel",59.0,1629.0,50-59,Other,N,Unknown,http://www.oxforddnb.com/view/article/17304,CR3HATTON,Christopher,Hatton,M,N,N,"nobility; viscount Hatton, governor of Guernsey",http://www.oxforddnb.com/view/article/12607,Close Friend,friends,A,1688,N,N,N,,,223,Correspondence of the Family of Hatton Being Chiefly Letters Addressed to Christopher First Viscount Hatton A.D. 1601-1704. Volume II. Ed. by Edward Maunde Thompson. Camden New Series 23. Camden Society. 1878.,80,1680,1699,CHLYTTELTON,HATTON2_026,1688
HATTON2_027,Hatton 2,1680-1699,CSHATTON,Charles,Hatton,M,Gentry Lower,GL,"gentry lower; Lieutenant Governor of Guernsey, Captain",,,,Unknown,D,Unknown,,CR3HATTON,Christopher,Hatton,M,N,N,"nobility; viscount Hatton, governor of Guernsey",http://www.oxforddnb.com/view/article/12607,Family: Nuclear,brothers (younger - elder),A,1688,N,N,N,,,558,Correspondence of the Family of Hatton Being Chiefly Letters Addressed to Christopher First Viscount Hatton A.D. 1601-1704. Volume II. Ed. by Edward Maunde Thompson. Camden New Series 23. Camden Society. 1878.,82-83,1680,1699,CSHATTON,HATTON2_027,1688
HATTON2_029,Hatton 2,1680-1699,CHLYTTELTON,Charles,Lyttelton,M,Gentry Upper,GU,"gentry upper; Lieutenant Governor of Jamaica, knight, colonel",59.0,1629.0,50-59,Other,N,Unknown,http://www.oxforddnb.com/view/article/17304,CR3HATTON,Christopher,Hatton,M,N,N,"nobility; viscount Hatton, governor of Guernsey",http://www.oxforddnb.com/view/article/12607,Close Friend,friends,A,1688,N,N,N,,,282,Correspondence of the Family of Hatton Being Chiefly Letters Addressed to Christopher First Viscount Hatton A.D. 1601-1704. Volume II. Ed. by Edward Maunde Thompson. Camden New Series 23. Camden Society. 1878.,93-94,1680,1699,CHLYTTELTON,HATTON2_029,1688
HATTON2_040,Hatton 2,1680-1699,CSHATTON,Charles,Hatton,M,Gentry Lower,GL,"gentry lower; Lieutenant Governor of Guernsey, Captain",,,,Unknown,D,Unknown,,CR3HATTON,Christopher,Hatton,M,N,N,"nobility; viscount Hatton, governor of Guernsey",http://www.oxforddnb.com/view/article/12607,Family: Nuclear,brothers (younger - elder),A,1689,N,N,N,,,278,Correspondence of the Family of Hatton Being Chiefly Letters Addressed to Christopher First Viscount Hatton A.D. 1601-1704. Volume II. Ed. by Edward Maunde Thompson. Camden New Series 23. Camden Society. 1878.,128-129,1680,1699,CSHATTON,HATTON2_040,1689
HATTON2_041,Hatton 2,1680-1699,CHLYTTELTON,Charles,Lyttelton,M,Gentry Upper,GU,"gentry upper; Lieutenant Governor of Jamaica, knight, colonel",60.0,1629.0,60-69,Other,N,Unknown,http://www.oxforddnb.com/view/article/17304,CR3HATTON,Christopher,Hatton,M,N,N,"nobility; viscount Hatton, governor of Guernsey",http://www.oxforddnb.com/view/article/12607,Close Friend,friends,A,1689,N,N,N,,,375,Correspondence of the Family of Hatton Being Chiefly Letters Addressed to Christopher First Viscount Hatton A.D. 1601-1704. Volume II. Ed. by Edward Maunde Thompson. Camden New Series 23. Camden Society. 1878.,129-130,1680,1699,CHLYTTELTON,HATTON2_041,1689
HATTON2_043,Hatton 2,1680-1699,CSHATTON,Charles,Hatton,M,Gentry Lower,GL,"gentry lower; Lieutenant Governor of Guernsey, Captain",,,,Unknown,D,Unknown,,CR3HATTON,Christopher,Hatton,M,N,N,"nobility; viscount Hatton, governor of Guernsey",http://www.oxforddnb.com/view/article/12607,Family: Nuclear,brothers (younger - elder),A,1690,N,N,N,,,205,Correspondence of the Family of Hatton Being Chiefly Letters Addressed to Christopher First Viscount Hatton A.D. 1601-1704. Volume II. Ed. by Edward Maunde Thompson. Camden New Series 23. Camden Society. 1878.,147-148,1680,1699,CSHATTON,HATTON2_043,1690
HATTON2_044,Hatton 2,1680-1699,CSHATTON,Charles,Hatton,M,Gentry Lower,GL,"gentry lower; Lieutenant Governor of Guernsey, Captain",,,,Unknown,D,Unknown,,CR3HATTON,Christopher,Hatton,M,N,N,"nobility; viscount Hatton, governor of Guernsey",http://www.oxforddnb.com/view/article/12607,Family: Nuclear,brothers (younger - elder),A,1690,N,N,N,,,243,Correspondence of the Family of Hatton Being Chiefly Letters Addressed to Christopher First Viscount Hatton A.D. 1601-1704. Volume II. Ed. by Edward Maunde Thompson. Camden New Series 23. Camden Society. 1878.,148-149,1680,1699,CSHATTON,HATTON2_044,1690
HATTON2_045,Hatton 2,1680-1699,CSHATTON,Charles,Hatton,M,Gentry Lower,GL,"gentry lower; Lieutenant Governor of Guernsey, Captain",,,,Unknown,D,Unknown,,CR3HATTON,Christopher,Hatton,M,N,N,"nobility; viscount Hatton, governor of Guernsey",http://www.oxforddnb.com/view/article/12607,Family: Nuclear,brothers (younger - elder),A,1690,N,N,N,,,275,Correspondence of the Family of Hatton Being Chiefly Letters Addressed to Christopher First Viscount Hatton A.D. 1601-1704. Volume II. Ed. by Edward Maunde Thompson. Camden New Series 23. Camden Society. 1878.,150,1680,1699,CSHATTON,HATTON2_045,1690
HATTON2_050,Hatton 2,1680-1699,CHLYTTELTON,Charles,Lyttelton,M,Gentry Upper,GU,"gentry upper; Lieutenant Governor of Jamaica, knight, colonel",61.0,1629.0,60-69,Other,N,Unknown,http://www.oxforddnb.com/view/article/17304,CR3HATTON,Christopher,Hatton,M,N,N,"nobility; viscount Hatton, governor of Guernsey",http://www.oxforddnb.com/view/article/12607,Close Friend,friends,A,1690,N,N,N,,,389,Correspondence of the Family of Hatton Being Chiefly Letters Addressed to Christopher First Viscount Hatton A.D. 1601-1704. Volume II. Ed. by Edward Maunde Thompson. Camden New Series 23. Camden Society. 1878.,155-156,1680,1699,CHLYTTELTON,HATTON2_050,1690
HATTON2_051,Hatton 2,1680-1699,CHLYTTELTON,Charles,Lyttelton,M,Gentry Upper,GU,"gentry upper; Lieutenant Governor of Jamaica, knight, colonel",61.0,1629.0,60-69,Other,N,Unknown,http://www.oxforddnb.com/view/article/17304,CR3HATTON,Christopher,Hatton,M,N,N,"nobility; viscount Hatton, governor of Guernsey",http://www.oxforddnb.com/view/article/12607,Close Friend,friends,A,1690,N,N,N,,,440,Correspondence of the Family of Hatton Being Chiefly Letters Addressed to Christopher First Viscount Hatton A.D. 1601-1704. Volume II. Ed. by Edward Maunde Thompson. Camden New Series 23. Camden Society. 1878.,157-158,1680,1699,CHLYTTELTON,HATTON2_051,1690
HATTON2_053,Hatton 2,1680-1699,CSHATTON,Charles,Hatton,M,Gentry Lower,GL,"gentry lower; Lieutenant Governor of Guernsey, Captain",,,,Unknown,D,Unknown,,E2HATTON,Elizabeth,Hatton nï¿½e Scroggs (earlier Mrs Gilby),F,GL,GL,gentry lower,,Family: Nuclear,husband - wife,A,1690,N,N,N,,,584,Correspondence of the Family of Hatton Being Chiefly Letters Addressed to Christopher First Viscount Hatton A.D. 1601-1704. Volume II. Ed. by Edward Maunde Thompson. Camden New Series 23. Camden Society. 1878.,159-161,1680,1699,CSHATTON,HATTON2_053,1690
HATTON2_057,Hatton 2,1680-1699,CHLYTTELTON,Charles,Lyttelton,M,Gentry Upper,GU,"gentry upper; Lieutenant Governor of Jamaica, knight, colonel",63.0,1629.0,60-69,Other,N,Unknown,http://www.oxforddnb.com/view/article/17304,CR3HATTON,Christopher,Hatton,M,N,N,"nobility; viscount Hatton, governor of Guernsey",http://www.oxforddnb.com/view/article/12607,Close Friend,friends,A,1692,N,N,N,,,434,Correspondence of the Family of Hatton Being Chiefly Letters Addressed to Christopher First Viscount Hatton A.D. 1601-1704. Volume II. Ed. by Edward Maunde Thompson. Camden New Series 23. Camden Society. 1878.,169-170,1680,1699,CHLYTTELTON,HATTON2_057,1692
HATTON2_058,Hatton 2,1680-1699,CHLYTTELTON,Charles,Lyttelton,M,Gentry Upper,GU,"gentry upper; Lieutenant Governor of Jamaica, knight, colonel",63.0,1629.0,60-69,Other,N,Unknown,http://www.oxforddnb.com/view/article/17304,CR3HATTON,Christopher,Hatton,M,N,N,"nobility; viscount Hatton, governor of Guernsey",http://www.oxforddnb.com/view/article/12607,Close Friend,friends,A,1692,N,N,N,,,295,Correspondence of the Family of Hatton Being Chiefly Letters Addressed to Christopher First Viscount Hatton A.D. 1601-1704. Volume II. Ed. by Edward Maunde Thompson. Camden New Series 23. Camden Society. 1878.,171-172,1680,1699,CHLYTTELTON,HATTON2_058,1692
HATTON2_059,Hatton 2,1680-1699,CHLYTTELTON,Charles,Lyttelton,M,Gentry Upper,GU,"gentry upper; Lieutenant Governor of Jamaica, knight, colonel",63.0,1629.0,60-69,Other,N,Unknown,http://www.oxforddnb.com/view/article/17304,CR3HATTON,Christopher,Hatton,M,N,N,"nobility; viscount Hatton, governor of Guernsey",http://www.oxforddnb.com/view/article/12607,Close Friend,friends,A,1692,N,N,N,,,567,Correspondence of the Family of Hatton Being Chiefly Letters Addressed to Christopher First Viscount Hatton A.D. 1601-1704. Volume II. Ed. by Edward Maunde Thompson. Camden New Series 23. Camden Society. 1878.,176-177,1680,1699,CHLYTTELTON,HATTON2_059,1692
HATTON2_061,Hatton 2,1680-1699,CSHATTON,Charles,Hatton,M,Gentry Lower,GL,"gentry lower; Lieutenant Governor of Guernsey, Captain",,,,Unknown,D,Unknown,,CR3HATTON,Christopher,Hatton,M,N,N,"nobility; viscount Hatton, governor of Guernsey",http://www.oxforddnb.com/view/article/12607,Family: Nuclear,brothers (younger - elder),A,1692,N,N,N,,,473,Correspondence of the Family of Hatton Being Chiefly Letters Addressed to Christopher First Viscount Hatton A.D. 1601-1704. Volume II. Ed. by Edward Maunde Thompson. Camden New Series 23. Camden Society. 1878.,184-186,1680,1699,CSHATTON,HATTON2_061,1692
HATTON2_063,Hatton 2,1680-1699,CSHATTON,Charles,Hatton,M,Gentry Lower,GL,"gentry lower; Lieutenant Governor of Guernsey, Captain",,,,Unknown,D,Unknown,,CR3HATTON,Christopher,Hatton,M,N,N,"nobility; viscount Hatton, governor of Guernsey",http://www.oxforddnb.com/view/article/12607,Family: Nuclear,brothers (younger - elder),A,1694,N,N,N,,,138,Correspondence of the Family of Hatton Being Chiefly Letters Addressed to Christopher First Viscount Hatton A.D. 1601-1704. Volume II. Ed. by Edward Maunde Thompson. Camden New Series 23. Camden Society. 1878.,200,1680,1699,CSHATTON,HATTON2_063,1694
HATTON2_064,Hatton 2,1680-1699,CSHATTON,Charles,Hatton,M,Gentry Lower,GL,"gentry lower; Lieutenant Governor of Guernsey, Captain",,,,Unknown,D,Unknown,,CR3HATTON,Christopher,Hatton,M,N,N,"nobility; viscount Hatton, governor of Guernsey",http://www.oxforddnb.com/view/article/12607,Family: Nuclear,brothers (younger - elder),A,1694,N,N,N,,,512,Correspondence of the Family of Hatton Being Chiefly Letters Addressed to Christopher First Viscount Hatton A.D. 1601-1704. Volume II. Ed. by Edward Maunde Thompson. Camden New Series 23. Camden Society. 1878.,202-203,1680,1699,CSHATTON,HATTON2_064,1694
HATTON2_065,Hatton 2,1680-1699,CSHATTON,Charles,Hatton,M,Gentry Lower,GL,"gentry lower; Lieutenant Governor of Guernsey, Captain",,,,Unknown,D,Unknown,,CR3HATTON,Christopher,Hatton,M,N,N,"nobility; viscount Hatton, governor of Guernsey",http://www.oxforddnb.com/view/article/12607,Family: Nuclear,brothers (younger - elder),A,1694,N,N,N,,,178,Correspondence of the Family of Hatton Being Chiefly Letters Addressed to Christopher First Viscount Hatton A.D. 1601-1704. Volume II. Ed. by Edward Maunde Thompson. Camden New Series 23. Camden Society. 1878.,203-204,1680,1699,CSHATTON,HATTON2_065,1694
HATTON2_066,Hatton 2,1680-1699,CSHATTON,Charles,Hatton,M,Gentry Lower,GL,"gentry lower; Lieutenant Governor of Guernsey, Captain",,,,Unknown,D,Unknown,,CR3HATTON,Christopher,Hatton,M,N,N,"nobility; viscount Hatton, governor of Guernsey",http://www.oxforddnb.com/view/article/12607,Family: Nuclear,brothers (younger - elder),A,1694,N,N,N,,,352,Correspondence of the Family of Hatton Being Chiefly Letters Addressed to Christopher First Viscount Hatton A.D. 1601-1704. Volume II. Ed. by Edward Maunde Thompson. Camden New Series 23. Camden Society. 1878.,206-207,1680,1699,CSHATTON,HATTON2_066,1694
HATTON2_067,Hatton 2,1680-1699,CSHATTON,Charles,Hatton,M,Gentry Lower,GL,"gentry lower; Lieutenant Governor of Guernsey, Captain",,,,Unknown,D,Unknown,,CR3HATTON,Christopher,Hatton,M,N,N,"nobility; viscount Hatton, governor of Guernsey",http://www.oxforddnb.com/view/article/12607,Family: Nuclear,brothers (younger - elder),A,1695,N,N,N,,,375,Correspondence of the Family of Hatton Being Chiefly Letters Addressed to Christopher First Viscount Hatton A.D. 1601-1704. Volume II. Ed. by Edward Maunde Thompson. Camden New Series 23. Camden Society. 1878.,210-211,1680,1699,CSHATTON,HATTON2_067,1695
HATTON2_068,Hatton 2,1680-1699,CSHATTON,Charles,Hatton,M,Gentry Lower,GL,"gentry lower; Lieutenant Governor of Guernsey, Captain",,,,Unknown,D,Unknown,,CR3HATTON,Christopher,Hatton,M,N,N,"nobility; viscount Hatton, governor of Guernsey",http://www.oxforddnb.com/view/article/12607,Family: Nuclear,brothers (younger - elder),A,1697,N,N,N,,,490,Correspondence of the Family of Hatton Being Chiefly Letters Addressed to Christopher First Viscount Hatton A.D. 1601-1704. Volume II. Ed. by Edward Maunde Thompson. Camden New Series 23. Camden Society. 1878.,227-229,1680,1699,CSHATTON,HATTON2_068,1697
HATTON2_069,Hatton 2,1680-1699,CSHATTON,Charles,Hatton,M,Gentry Lower,GL,"gentry lower; Lieutenant Governor of Guernsey, Captain",,,,Unknown,D,Unknown,,CR3HATTON,Christopher,Hatton,M,N,N,"nobility; viscount Hatton, governor of Guernsey",http://www.oxforddnb.com/view/article/12607,Family: Nuclear,brothers (younger - elder),A,1697,N,N,N,,,186,Correspondence of the Family of Hatton Being Chiefly Letters Addressed to Christopher First Viscount Hatton A.D. 1601-1704. Volume II. Ed. by Edward Maunde Thompson. Camden New Series 23. Camden Society. 1878.,229,1680,1699,CSHATTON,HATTON2_069,1697
HATTON2_070,Hatton 2,1680-1699,CSHATTON,Charles,Hatton,M,Gentry Lower,GL,"gentry lower; Lieutenant Governor of Guernsey, Captain",,,,Unknown,D,Unknown,,CR3HATTON,Christopher,Hatton,M,N,N,"nobility; viscount Hatton, governor of Guernsey",http://www.oxforddnb.com/view/article/12607,Family: Nuclear,brothers (younger - elder),A,1697,N,N,N,,,402,Correspondence of the Family of Hatton Being Chiefly Letters Addressed to Christopher First Viscount Hatton A.D. 1601-1704. Volume II. Ed. by Edward Maunde Thompson. Camden New Series 23. Camden Society. 1878.,229-230,1680,1699,CSHATTON,HATTON2_070,1697
HATTON2_071,Hatton 2,1680-1699,CSHATTON,Charles,Hatton,M,Gentry Lower,GL,"gentry lower; Lieutenant Governor of Guernsey, Captain",,,,Unknown,D,Unknown,,CR3HATTON,Christopher,Hatton,M,N,N,"nobility; viscount Hatton, governor of Guernsey",http://www.oxforddnb.com/view/article/12607,Family: Nuclear,brothers (younger - elder),A,1697,N,N,N,,,442,Correspondence of the Family of Hatton Being Chiefly Letters Addressed to Christopher First Viscount Hatton A.D. 1601-1704. Volume II. Ed. by Edward Maunde Thompson. Camden New Series 23. Camden Society. 1878.,231-232,1680,1699,CSHATTON,HATTON2_071,1697
HATTON2_074,Hatton 2,1680-1699,CSHATTON,Charles,Hatton,M,Gentry Lower,GL,"gentry lower; Lieutenant Governor of Guernsey, Captain",,,,Unknown,D,Unknown,,CR3HATTON,Christopher,Hatton,M,N,N,"nobility; viscount Hatton, governor of Guernsey",http://www.oxforddnb.com/view/article/12607,Family: Nuclear,brothers (younger - elder),A,1699,N,N,N,,,181,Correspondence of the Family of Hatton Being Chiefly Letters Addressed to Christopher First Viscount Hatton A.D. 1601-1704. Volume II. Ed. by Edward Maunde Thompson. Camden New Series 23. Camden Society. 1878.,242-243,1680,1699,CSHATTON,HATTON2_074,1699
HATTON2_076,Hatton 2,1700-1719,CSHATTON,Charles,Hatton,M,Gentry Lower,GL,"gentry lower; Lieutenant Governor of Guernsey, Captain",,,,Unknown,D,Unknown,,CR3HATTON,Christopher,Hatton,M,N,N,"nobility; viscount Hatton, governor of Guernsey",http://www.oxforddnb.com/view/article/12607,Family: Nuclear,brothers (younger - elder),A,1700,N,N,N,,,310,Correspondence of the Family of Hatton Being Chiefly Letters Addressed to Christopher First Viscount Hatton A.D. 1601-1704. Volume II. Ed. by Edward Maunde Thompson. Camden New Series 23. Camden Society. 1878.,247-248,1700,1719,CSHATTON,HATTON2_076,1700
HATTON2_077,Hatton 2,1700-1719,CHLYTTELTON,Charles,Lyttelton,M,Gentry Upper,GU,"gentry upper; Lieutenant Governor of Jamaica, knight, colonel",73.0,1629.0,70-79,Other,N,Unknown,http://www.oxforddnb.com/view/article/17304,CR3HATTON,Christopher,Hatton,M,N,N,"nobility; viscount Hatton, governor of Guernsey",http://www.oxforddnb.com/view/article/12607,Close Friend,friends,A,1702,N,N,N,,,205,Correspondence of the Family of Hatton Being Chiefly Letters Addressed to Christopher First Viscount Hatton A.D. 1601-1704. Volume II. Ed. by Edward Maunde Thompson. Camden New Series 23. Camden Society. 1878.,249-250,1700,1719,CHLYTTELTON,HATTON2_077,1702
HATTON2_078,Hatton 2,1700-1719,CSHATTON,Charles,Hatton,M,Gentry Lower,GL,"gentry lower; Lieutenant Governor of Guernsey, Captain",,,,Unknown,D,Unknown,,CR3HATTON,Christopher,Hatton,M,N,N,"nobility; viscount Hatton, governor of Guernsey",http://www.oxforddnb.com/view/article/12607,Family: Nuclear,brothers (younger - elder),A,1704,N,N,N,,,290,Correspondence of the Family of Hatton Being Chiefly Letters Addressed to Christopher First Viscount Hatton A.D. 1601-1704. Volume II. Ed. by Edward Maunde Thompson. Camden New Series 23. Camden Society. 1878.,250-251,1700,1719,CSHATTON,HATTON2_078,1704
HENRY_001,Henry,1660-1679,PHENRY,Philip,Henry,M,Clergy Lower,CL,"gentry; clergyman (nonconformist), preacher",29.0,1631.0,20-29,Abroad,N,Higher: Oxbridge,http://www.oxforddnb.com/view/article/12976,KHENRY,Katherine,Henry nï¿½e Matthews,F,GL,GL,Gentry Lower?,,Family: Nuclear,husband - wife,A,1660,N,N,N,,,312,"Diaries and Letters of Philip Henry, M.A., of Broad Oak, Flintshire, A.D. 1631-1696. Ed. by Matthew Henry Lee. London: Kegan Paul, Tranch & Co., 1882.",71,1660,1679,PHENRY,HENRY_001,1660
HENRY_002,Henry,1680-1699,PHENRY,Philip,Henry,M,Clergy Lower,CL,"gentry; clergyman (nonconformist), preacher",49.0,1631.0,40-49,Abroad,N,Higher: Oxbridge,http://www.oxforddnb.com/view/article/12976,MHENRY,Matthew,Henry,M,CL,CL,clergyman,http://www.oxforddnb.com/view/article/12975,Family: Nuclear,father - son,A,1680,N,N,N,,,472,"Diaries and Letters of Philip Henry, M.A., of Broad Oak, Flintshire, A.D. 1631-1696. Ed. by Matthew Henry Lee. London: Kegan Paul, Tranch & Co., 1882.",334,1680,1699,PHENRY,HENRY_002,1680
HENRY_003,Henry,1680-1699,PHENRY,Philip,Henry,M,Clergy Lower,CL,"gentry; clergyman (nonconformist), preacher",51.0,1631.0,50-59,Abroad,N,Higher: Oxbridge,http://www.oxforddnb.com/view/article/12976,WLLOYD,William,Lloyd,M,CU,CU,bishop,http://www.oxforddnb.com/view/article/16860,Other,,A,1682,N,N,N,,,414,"Diaries and Letters of Philip Henry, M.A., of Broad Oak, Flintshire, A.D. 1631-1696. Ed. by Matthew Henry Lee. London: Kegan Paul, Tranch & Co., 1882.",335,1680,1699,PHENRY,HENRY_003,1682
HENRY_004,Henry,1680-1699,PHENRY,Philip,Henry,M,Clergy Lower,CL,"gentry; clergyman (nonconformist), preacher",54.0,1631.0,50-59,Abroad,N,Higher: Oxbridge,http://www.oxforddnb.com/view/article/12976,MHENRY,Matthew,Henry,M,CL,CL,clergyman,http://www.oxforddnb.com/view/article/12975,Family: Nuclear,father - son,A,1685,N,N,N,,,243,"Diaries and Letters of Philip Henry, M.A., of Broad Oak, Flintshire, A.D. 1631-1696. Ed. by Matthew Henry Lee. London: Kegan Paul, Tranch & Co., 1882.",336,1680,1699,PHENRY,HENRY_004,1685
HENRY_005,Henry,1680-1699,PHENRY,Philip,Henry,M,Clergy Lower,CL,"gentry; clergyman (nonconformist), preacher",54.0,1631.0,50-59,Abroad,N,Higher: Oxbridge,http://www.oxforddnb.com/view/article/12976,MHENRY,Matthew,Henry,M,CL,CL,clergyman,http://www.oxforddnb.com/view/article/12975,Family: Nuclear,father - son,A,1685,N,N,N,,,602,"Diaries and Letters of Philip Henry, M.A., of Broad Oak, Flintshire, A.D. 1631-1696. Ed. by Matthew Henry Lee. London: Kegan Paul, Tranch & Co., 1882.",337,1680,1699,PHENRY,HENRY_005,1685
HENRY_007,Henry,1680-1699,PHENRY,Philip,Henry,M,Clergy Lower,CL,"gentry; clergyman (nonconformist), preacher",54.0,1631.0,50-59,Abroad,N,Higher: Oxbridge,http://www.oxforddnb.com/view/article/12976,KHENRY,Katherine,Henry nï¿½e Matthews,F,GL,GL,Gentry Lower?,,Family: Nuclear,husband - wife,A,1685,N,N,N,,,584,"Diaries and Letters of Philip Henry, M.A., of Broad Oak, Flintshire, A.D. 1631-1696. Ed. by Matthew Henry Lee. London: Kegan Paul, Tranch & Co., 1882.",340,1680,1699,PHENRY,HENRY_007,1685
HENRY_008,Henry,1680-1699,PHENRY,Philip,Henry,M,Clergy Lower,CL,"gentry; clergyman (nonconformist), preacher",54.0,1631.0,50-59,Abroad,N,Higher: Oxbridge,http://www.oxforddnb.com/view/article/12976,MHENRY,Matthew,Henry,M,CL,CL,clergyman,http://www.oxforddnb.com/view/article/12975,Family: Nuclear,father - son,A,1685,N,N,N,,,588,"Diaries and Letters of Philip Henry, M.A., of Broad Oak, Flintshire, A.D. 1631-1696. Ed. by Matthew Henry Lee. London: Kegan Paul, Tranch & Co., 1882.",341,1680,1699,PHENRY,HENRY_008,1685
HENRY_009,Henry,1680-1699,PHENRY,Philip,Henry,M,Clergy Lower,CL,"gentry; clergyman (nonconformist), preacher",54.0,1631.0,50-59,Abroad,N,Higher: Oxbridge,http://www.oxforddnb.com/view/article/12976,MHENRY,Matthew,Henry,M,CL,CL,clergyman,http://www.oxforddnb.com/view/article/12975,Family: Nuclear,father - son,A,1685,N,N,N,unsigned,,240,"Diaries and Letters of Philip Henry, M.A., of Broad Oak, Flintshire, A.D. 1631-1696. Ed. by Matthew Henry Lee. London: Kegan Paul, Tranch & Co., 1882.",343,1680,1699,PHENRY,HENRY_009,1685
HENRY_010,Henry,1680-1699,PHENRY,Philip,Henry,M,Clergy Lower,CL,"gentry; clergyman (nonconformist), preacher",54.0,1631.0,50-59,Abroad,N,Higher: Oxbridge,http://www.oxforddnb.com/view/article/12976,MHENRY,Matthew,Henry,M,CL,CL,clergyman,http://www.oxforddnb.com/view/article/12975,Family: Nuclear,father - son,A,1685,N,N,N,unsigned,,645,"Diaries and Letters of Philip Henry, M.A., of Broad Oak, Flintshire, A.D. 1631-1696. Ed. by Matthew Henry Lee. London: Kegan Paul, Tranch & Co., 1882.",344,1680,1699,PHENRY,HENRY_010,1685
HENRY_011,Henry,1680-1699,PHENRY,Philip,Henry,M,Clergy Lower,CL,"gentry; clergyman (nonconformist), preacher",55.0,1631.0,50-59,Abroad,N,Higher: Oxbridge,http://www.oxforddnb.com/view/article/12976,MHENRY,Matthew,Henry,M,CL,CL,clergyman,http://www.oxforddnb.com/view/article/12975,Family: Nuclear,father - son,A,1686,N,N,N,unsigned,,864,"Diaries and Letters of Philip Henry, M.A., of Broad Oak, Flintshire, A.D. 1631-1696. Ed. by Matthew Henry Lee. London: Kegan Paul, Tranch & Co., 1882.",348,1680,1699,PHENRY,HENRY_011,1686
HENRY_012,Henry,1680-1699,PHENRY,Philip,Henry,M,Clergy Lower,CL,"gentry; clergyman (nonconformist), preacher",55.0,1631.0,50-59,Abroad,N,Higher: Oxbridge,http://www.oxforddnb.com/view/article/12976,MHENRY,Matthew,Henry,M,CL,CL,clergyman,http://www.oxforddnb.com/view/article/12975,Family: Nuclear,father - son,A,1686,N,N,N,,,922,"Diaries and Letters of Philip Henry, M.A., of Broad Oak, Flintshire, A.D. 1631-1696. Ed. by Matthew Henry Lee. London: Kegan Paul, Tranch & Co., 1882.",350,1680,1699,PHENRY,HENRY_012,1686
HENRY_013,Henry,1680-1699,PHENRY,Philip,Henry,M,Clergy Lower,CL,"gentry; clergyman (nonconformist), preacher",55.0,1631.0,50-59,Abroad,N,Higher: Oxbridge,http://www.oxforddnb.com/view/article/12976,MHENRY,Matthew,Henry,M,CL,CL,clergyman,http://www.oxforddnb.com/view/article/12975,Family: Nuclear,father - son,A,1686,N,N,N,unsigned,,544,"Diaries and Letters of Philip Henry, M.A., of Broad Oak, Flintshire, A.D. 1631-1696. Ed. by Matthew Henry Lee. London: Kegan Paul, Tranch & Co., 1882.",352,1680,1699,PHENRY,HENRY_013,1686
HENRY_014,Henry,1680-1699,PHENRY,Philip,Henry,M,Clergy Lower,CL,"gentry; clergyman (nonconformist), preacher",56.0,1631.0,50-59,Abroad,N,Higher: Oxbridge,http://www.oxforddnb.com/view/article/12976,MHENRY,Matthew,Henry,M,CL,CL,clergyman,http://www.oxforddnb.com/view/article/12975,Family: Nuclear,father - son,A,1687,N,N,N,unsigned,,424,"Diaries and Letters of Philip Henry, M.A., of Broad Oak, Flintshire, A.D. 1631-1696. Ed. by Matthew Henry Lee. London: Kegan Paul, Tranch & Co., 1882.",353,1680,1699,PHENRY,HENRY_014,1687
HENRY_015,Henry,1680-1699,PHENRY,Philip,Henry,M,Clergy Lower,CL,"gentry; clergyman (nonconformist), preacher",56.0,1631.0,50-59,Abroad,N,Higher: Oxbridge,http://www.oxforddnb.com/view/article/12976,MHENRY,Matthew,Henry,M,CL,CL,clergyman,http://www.oxforddnb.com/view/article/12975,Family: Nuclear,father - son,A,1687,N,N,N,unsigned,,389,"Diaries and Letters of Philip Henry, M.A., of Broad Oak, Flintshire, A.D. 1631-1696. Ed. by Matthew Henry Lee. London: Kegan Paul, Tranch & Co., 1882.",355,1680,1699,PHENRY,HENRY_015,1687
HENRY_016,Henry,1680-1699,PHENRY,Philip,Henry,M,Clergy Lower,CL,"gentry; clergyman (nonconformist), preacher",56.0,1631.0,50-59,Abroad,N,Higher: Oxbridge,http://www.oxforddnb.com/view/article/12976,MHENRY,Matthew,Henry,M,CL,CL,clergyman,http://www.oxforddnb.com/view/article/12975,Family: Nuclear,father - son,A,1687,N,N,N,unsigned,,438,"Diaries and Letters of Philip Henry, M.A., of Broad Oak, Flintshire, A.D. 1631-1696. Ed. by Matthew Henry Lee. London: Kegan Paul, Tranch & Co., 1882.",357,1680,1699,PHENRY,HENRY_016,1687
HENRY_017,Henry,1680-1699,PHENRY,Philip,Henry,M,Clergy Lower,CL,"gentry; clergyman (nonconformist), preacher",56.0,1631.0,50-59,Abroad,N,Higher: Oxbridge,http://www.oxforddnb.com/view/article/12976,MHENRY,Matthew,Henry,M,CL,CL,clergyman,http://www.oxforddnb.com/view/article/12975,Family: Nuclear,father - son,A,1687,N,N,N,unsigned,,555,"Diaries and Letters of Philip Henry, M.A., of Broad Oak, Flintshire, A.D. 1631-1696. Ed. by Matthew Henry Lee. London: Kegan Paul, Tranch & Co., 1882.",358,1680,1699,PHENRY,HENRY_017,1687
HENRY_018,Henry,1680-1699,PHENRY,Philip,Henry,M,Clergy Lower,CL,"gentry; clergyman (nonconformist), preacher",56.0,1631.0,50-59,Abroad,N,Higher: Oxbridge,http://www.oxforddnb.com/view/article/12976,MHENRY,Matthew,Henry,M,CL,CL,clergyman,http://www.oxforddnb.com/view/article/12975,Family: Nuclear,father - son,A,1687,N,N,N,,,269,"Diaries and Letters of Philip Henry, M.A., of Broad Oak, Flintshire, A.D. 1631-1696. Ed. by Matthew Henry Lee. London: Kegan Paul, Tranch & Co., 1882.",360,1680,1699,PHENRY,HENRY_018,1687
HENRY_019,Henry,1680-1699,PHENRY,Philip,Henry,M,Clergy Lower,CL,"gentry; clergyman (nonconformist), preacher",57.0,1631.0,50-59,Abroad,N,Higher: Oxbridge,http://www.oxforddnb.com/view/article/12976,MHENRY,Matthew,Henry,M,CL,CL,clergyman,http://www.oxforddnb.com/view/article/12975,Family: Nuclear,father - son,A,1688,N,N,N,,,327,"Diaries and Letters of Philip Henry, M.A., of Broad Oak, Flintshire, A.D. 1631-1696. Ed. by Matthew Henry Lee. London: Kegan Paul, Tranch & Co., 1882.",361,1680,1699,PHENRY,HENRY_019,1688
HENRY_020,Henry,1680-1699,PHENRY,Philip,Henry,M,Clergy Lower,CL,"gentry; clergyman (nonconformist), preacher",58.0,1631.0,50-59,Abroad,N,Higher: Oxbridge,http://www.oxforddnb.com/view/article/12976,MHENRY,Matthew,Henry,M,CL,CL,clergyman,http://www.oxforddnb.com/view/article/12975,Family: Nuclear,father - son,A,1689,N,N,N,unsigned,,293,"Diaries and Letters of Philip Henry, M.A., of Broad Oak, Flintshire, A.D. 1631-1696. Ed. by Matthew Henry Lee. London: Kegan Paul, Tranch & Co., 1882.",362,1680,1699,PHENRY,HENRY_020,1689
HENRY_021,Henry,1680-1699,PHENRY,Philip,Henry,M,Clergy Lower,CL,"gentry; clergyman (nonconformist), preacher",58.0,1631.0,50-59,Abroad,N,Higher: Oxbridge,http://www.oxforddnb.com/view/article/12976,MHENRY,Matthew,Henry,M,CL,CL,clergyman,http://www.oxforddnb.com/view/article/12975,Family: Nuclear,father - son,A,1689,N,N,N,,,301,"Diaries and Letters of Philip Henry, M.A., of Broad Oak, Flintshire, A.D. 1631-1696. Ed. by Matthew Henry Lee. London: Kegan Paul, Tranch & Co., 1882.",363,1680,1699,PHENRY,HENRY_021,1689
HENRY_022,Henry,1680-1699,PHENRY,Philip,Henry,M,Clergy Lower,CL,"gentry; clergyman (nonconformist), preacher",58.0,1631.0,50-59,Abroad,N,Higher: Oxbridge,http://www.oxforddnb.com/view/article/12976,MHENRY,Matthew,Henry,M,CL,CL,clergyman,http://www.oxforddnb.com/view/article/12975,Family: Nuclear,father - son,A,1689,N,N,N,,,256,"Diaries and Letters of Philip Henry, M.A., of Broad Oak, Flintshire, A.D. 1631-1696. Ed. by Matthew Henry Lee. London: Kegan Paul, Tranch & Co., 1882.",364,1680,1699,PHENRY,HENRY_022,1689
HENRY_023,Henry,1680-1699,PHENRY,Philip,Henry,M,Clergy Lower,CL,"gentry; clergyman (nonconformist), preacher",62.0,1631.0,60-69,Abroad,N,Higher: Oxbridge,http://www.oxforddnb.com/view/article/12976,KHENRY,Katherine,Henry nï¿½e Matthews,F,GL,GL,Gentry Lower?,,Family: Nuclear,husband - wife,A,1693,N,N,N,,,476,"Diaries and Letters of Philip Henry, M.A., of Broad Oak, Flintshire, A.D. 1631-1696. Ed. by Matthew Henry Lee. London: Kegan Paul, Tranch & Co., 1882.",365,1680,1699,PHENRY,HENRY_023,1693
HURD_048,Hurd,1760-1779,RHURD,Richard,Hurd,M,Clergy Lower,CU,clergy; scholar,44.0,1720.0,40-49,London,U,Higher: Oxbridge,http://www.oxforddnb.com/view/article/14249,WMASON,William,Mason,M,CL,CL,"clergy lower, scholar, poet",http://www.oxforddnb.com/view/article/18293,Close Friend,friends,A,1764,N,N,N,,,1591,"The Correspondence of Richard Hurd & William Mason And Letters of Richard Hurd to Thomas Gray. Intr. & notes by Ernest Harold Pearce. Ed. with notes by Leonard Whibley. Cambridge: Cambridge University Press, 1932.",61,1760,1779,RHURD,HURD_048,1764
HURD_049,Hurd,1760-1779,RHURD,Richard,Hurd,M,Clergy Lower,CU,"clergy; archdeacon, rector",50.0,1720.0,50-59,London,U,Higher: Oxbridge,http://www.oxforddnb.com/view/article/14249,WMASON,William,Mason,M,CL,CL,"clergy lower, scholar, poet",http://www.oxforddnb.com/view/article/18293,Close Friend,friends,A,1770,N,N,N,,,489,"The Correspondence of Richard Hurd & William Mason And Letters of Richard Hurd to Thomas Gray. Intr. & notes by Ernest Harold Pearce. Ed. with notes by Leonard Whibley. Cambridge: Cambridge University Press, 1932.",73,1760,1779,RHURD,HURD_049,1770
HURD_050,Hurd,1760-1779,RHURD,Richard,Hurd,M,Clergy Lower,CU,"clergy; archdeacon, rector",51.0,1720.0,50-59,London,U,Higher: Oxbridge,http://www.oxforddnb.com/view/article/14249,WMASON,William,Mason,M,CL,CL,"clergy lower, scholar, poet",http://www.oxforddnb.com/view/article/18293,Close Friend,friends,A,1771,N,N,N,,,578,"The Correspondence of Richard Hurd & William Mason And Letters of Richard Hurd to Thomas Gray. Intr. & notes by Ernest Harold Pearce. Ed. with notes by Leonard Whibley. Cambridge: Cambridge University Press, 1932.",77,1760,1779,RHURD,HURD_050,1771
HURD_051,Hurd,1760-1779,RHURD,Richard,Hurd,M,Clergy Lower,CU,"clergy; archdeacon, rector",52.0,1720.0,50-59,London,U,Higher: Oxbridge,http://www.oxforddnb.com/view/article/14249,WMASON,William,Mason,M,CL,CL,"clergy lower, scholar, poet",http://www.oxforddnb.com/view/article/18293,Close Friend,friends,A,1772,N,N,N,,,555,"The Correspondence of Richard Hurd & William Mason And Letters of Richard Hurd to Thomas Gray. Intr. & notes by Ernest Harold Pearce. Ed. with notes by Leonard Whibley. Cambridge: Cambridge University Press, 1932.",80,1760,1779,RHURD,HURD_051,1772
HURD_052,Hurd,1760-1779,RHURD,Richard,Hurd,M,Clergy Lower,CU,"clergy; archdeacon, rector",53.0,1720.0,50-59,London,U,Higher: Oxbridge,http://www.oxforddnb.com/view/article/14249,WMASON,William,Mason,M,CL,CL,"clergy lower, scholar, poet",http://www.oxforddnb.com/view/article/18293,Close Friend,friends,A,1773,N,N,N,unsigned to balk the curiosity of malignant future readers,,626,"The Correspondence of Richard Hurd & William Mason And Letters of Richard Hurd to Thomas Gray. Intr. & notes by Ernest Harold Pearce. Ed. with notes by Leonard Whibley. Cambridge: Cambridge University Press, 1932.",82,1760,1779,RHURD,HURD_052,1773
HURD_053,Hurd,1780-1800,WMASON,William,Mason,M,Clergy Lower,CL,"clergy lower, scholar, poet",63.0,1725.0,60-69,Northern England,N,Higher: Oxbridge,http://www.oxforddnb.com/view/article/18293,RHURD,Richard,Hurd,M,CU,CU,bishop of Worcester,http://www.oxforddnb.com/view/article/14249,Close Friend,friends,A,1788,N,N,N,,,461,"The Correspondence of Richard Hurd & William Mason And Letters of Richard Hurd to Thomas Gray. Intr. & notes by Ernest Harold Pearce. Ed. with notes by Leonard Whibley. Cambridge: Cambridge University Press, 1932.",98,1780,1800,WMASON,HURD_053,1788
HURD_054,Hurd,1780-1800,WMASON,William,Mason,M,Clergy Lower,CL,"clergy lower, scholar, poet",66.0,1725.0,60-69,Northern England,N,Higher: Oxbridge,http://www.oxforddnb.com/view/article/18293,RHURD,Richard,Hurd,M,CU,CU,bishop of Worcester,http://www.oxforddnb.com/view/article/14249,Close Friend,friends,A,1791,N,N,N,,,777,"The Correspondence of Richard Hurd & William Mason And Letters of Richard Hurd to Thomas Gray. Intr. & notes by Ernest Harold Pearce. Ed. with notes by Leonard Whibley. Cambridge: Cambridge University Press, 1932.",100,1780,1800,WMASON,HURD_054,1791
HURD_055,Hurd,1780-1800,RHURD,Richard,Hurd,M,Clergy Upper,CU,bishop of Worcester,74.0,1720.0,70-79,London,U,Higher: Oxbridge,http://www.oxforddnb.com/view/article/14249,WMASON,William,Mason,M,CL,CL,"clergy lower, scholar, poet",http://www.oxforddnb.com/view/article/18293,Close Friend,friends,A,1794,N,N,N,,,190,"The Correspondence of Richard Hurd & William Mason And Letters of Richard Hurd to Thomas Gray. Intr. & notes by Ernest Harold Pearce. Ed. with notes by Leonard Whibley. Cambridge: Cambridge University Press, 1932.",104,1780,1800,RHURD,HURD_055,1794
HURD_056,Hurd,1780-1800,WMASON,William,Mason,M,Clergy Lower,CL,"clergy lower, scholar, poet",70.0,1725.0,70-79,Northern England,N,Higher: Oxbridge,http://www.oxforddnb.com/view/article/18293,RHURD,Richard,Hurd,M,CU,CU,bishop of Worcester,http://www.oxforddnb.com/view/article/14249,Close Friend,friends,A,1795,N,N,N,,,624,"The Correspondence of Richard Hurd & William Mason And Letters of Richard Hurd to Thomas Gray. Intr. & notes by Ernest Harold Pearce. Ed. with notes by Leonard Whibley. Cambridge: Cambridge University Press, 1932.",110,1780,1800,WMASON,HURD_056,1795
HURD_057,Hurd,1780-1800,RHURD,Richard,Hurd,M,Clergy Upper,CU,bishop of Worcester,75.0,1720.0,70-79,London,U,Higher: Oxbridge,http://www.oxforddnb.com/view/article/14249,WMASON,William,Mason,M,CL,CL,"clergy lower, scholar, poet",http://www.oxforddnb.com/view/article/18293,Close Friend,friends,A,1795,N,N,N,,,451,"The Correspondence of Richard Hurd & William Mason And Letters of Richard Hurd to Thomas Gray. Intr. & notes by Ernest Harold Pearce. Ed. with notes by Leonard Whibley. Cambridge: Cambridge University Press, 1932.",113,1780,1800,RHURD,HURD_057,1795
HURD_059,Hurd,1780-1800,WMASON,William,Mason,M,Clergy Lower,CL,"clergy lower, scholar, poet",71.0,1725.0,70-79,Northern England,N,Higher: Oxbridge,http://www.oxforddnb.com/view/article/18293,RHURD,Richard,Hurd,M,CU,CU,bishop of Worcester,http://www.oxforddnb.com/view/article/14249,Close Friend,friends,A,1796,N,N,N,,,847,"The Correspondence of Richard Hurd & William Mason And Letters of Richard Hurd to Thomas Gray. Intr. & notes by Ernest Harold Pearce. Ed. with notes by Leonard Whibley. Cambridge: Cambridge University Press, 1932.",120,1780,1800,WMASON,HURD_059,1796
HURD_060,Hurd,1780-1800,WMASON,William,Mason,M,Clergy Lower,CL,"clergy lower, scholar, poet",71.0,1725.0,70-79,Northern England,N,Higher: Oxbridge,http://www.oxforddnb.com/view/article/18293,RHURD,Richard,Hurd,M,CU,CU,bishop of Worcester,http://www.oxforddnb.com/view/article/14249,Close Friend,friends,A,1796,N,N,N,,,355,"The Correspondence of Richard Hurd & William Mason And Letters of Richard Hurd to Thomas Gray. Intr. & notes by Ernest Harold Pearce. Ed. with notes by Leonard Whibley. Cambridge: Cambridge University Press, 1932.",137,1780,1800,WMASON,HURD_060,1796
HURD_062,Hurd,1780-1800,RHURD,Richard,Hurd,M,Clergy Upper,CU,bishop of Worcester,77.0,1720.0,70-79,London,U,Higher: Oxbridge,http://www.oxforddnb.com/view/article/14249,WMASON,William,Mason,M,CL,CL,"clergy lower, scholar, poet",http://www.oxforddnb.com/view/article/18293,Close Friend,friends,A,1797,N,N,N,,,365,"The Correspondence of Richard Hurd & William Mason And Letters of Richard Hurd to Thomas Gray. Intr. & notes by Ernest Harold Pearce. Ed. with notes by Leonard Whibley. Cambridge: Cambridge University Press, 1932.",147,1780,1800,RHURD,HURD_062,1797
HURD_063,Hurd,1780-1800,WMASON,William,Mason,M,Clergy Lower,CL,"clergy lower, scholar, poet",72.0,1725.0,70-79,Northern England,N,Higher: Oxbridge,http://www.oxforddnb.com/view/article/18293,RHURD,Richard,Hurd,M,CU,CU,bishop of Worcester,http://www.oxforddnb.com/view/article/14249,Close Friend,friends,A,1797,N,N,N,,,553,"The Correspondence of Richard Hurd & William Mason And Letters of Richard Hurd to Thomas Gray. Intr. & notes by Ernest Harold Pearce. Ed. with notes by Leonard Whibley. Cambridge: Cambridge University Press, 1932.",149,1780,1800,WMASON,HURD_063,1797
HURD_064,Hurd,1780-1800,WMASON,William,Mason,M,Clergy Lower,CL,"clergy lower, scholar, poet",72.0,1725.0,70-79,Northern England,N,Higher: Oxbridge,http://www.oxforddnb.com/view/article/18293,RHURD,Richard,Hurd,M,CU,CU,bishop of Worcester,http://www.oxforddnb.com/view/article/14249,Close Friend,friends,A,1797,N,N,N,,,183,"The Correspondence of Richard Hurd & William Mason And Letters of Richard Hurd to Thomas Gray. Intr. & notes by Ernest Harold Pearce. Ed. with notes by Leonard Whibley. Cambridge: Cambridge University Press, 1932.",155,1780,1800,WMASON,HURD_064,1797
LENNOX_001,Lennox,1760-1779,SLENNOX,Sarah,Lennox,F,Nobility,N,nobility: duke's daughter,16.0,1745.0,10-19,London,N,Private: Classical,http://www.oxforddnb.com/view/article/48897,SUFOXSTRANGWAYS,Susan,Fox-Strangways,F,N,P,nobility: earl's daughter,,Close Friend,close friends; relatives by marriage (Susan was Sarah's brother-in-law's niece),A,1761,N,N,N,,,694,"The Life and Letters of Lady Sarah Lennox, 1745-1826. Ed. by the countess of Ilchester and Lord Stavordale. 2 vols. London: John Murray, Albemarle Street. 1902.","I, 104",1760,1779,SLENNOX,LENNOX_001,1761
LENNOX_006,Lennox,1760-1779,SLENNOX,Sarah,Lennox,F,Nobility,N,nobility: duke's daughter,16.0,1745.0,10-19,London,N,Private: Classical,http://www.oxforddnb.com/view/article/48897,SUFOXSTRANGWAYS,Susan,Fox-Strangways,F,N,P,nobility: earl's daughter,,Close Friend,close friends; relatives by marriage (Susan was Sarah's brother-in-law's niece),A,1761,N,N,N,,,547,"The Life and Letters of Lady Sarah Lennox, 1745-1826. Ed. by the countess of Ilchester and Lord Stavordale. 2 vols. London: John Murray, Albemarle Street. 1902.","I, 110",1760,1779,SLENNOX,LENNOX_006,1761
LENNOX_007,Lennox,1760-1779,SLENNOX,Sarah,Lennox,F,Nobility,N,nobility: duke's daughter,16.0,1745.0,10-19,London,N,Private: Classical,http://www.oxforddnb.com/view/article/48897,SUFOXSTRANGWAYS,Susan,Fox-Strangways,F,N,P,nobility: earl's daughter,,Close Friend,close friends; relatives by marriage (Susan was Sarah's brother-in-law's niece),A,1761,N,N,N,,,459,"The Life and Letters of Lady Sarah Lennox, 1745-1826. Ed. by the countess of Ilchester and Lord Stavordale. 2 vols. London: John Murray, Albemarle Street. 1902.","I, 112",1760,1779,SLENNOX,LENNOX_007,1761
LENNOX_009,Lennox,1760-1779,SLENNOX,Sarah,Lennox,F,Gentry Lower,N,"gentry lower: wife of Charles Bunbury, esquire",17.0,1745.0,10-19,London,N,Private: Classical,http://www.oxforddnb.com/view/article/48897,SUFOXSTRANGWAYS,Susan,Fox-Strangways,F,N,P,nobility: earl's daughter,,Close Friend,close friends; relatives by marriage (Susan was Sarah's brother-in-law's niece),A,1762,N,N,N,,,838,"The Life and Letters of Lady Sarah Lennox, 1745-1826. Ed. by the countess of Ilchester and Lord Stavordale. 2 vols. London: John Murray, Albemarle Street. 1902.","I, 125",1760,1779,SLENNOX,LENNOX_009,1762
LENNOX_010,Lennox,1760-1779,SLENNOX,Sarah,Lennox,F,Gentry Lower,N,"gentry lower: wife of Charles Bunbury, esquire",17.0,1745.0,10-19,London,N,Private: Classical,http://www.oxforddnb.com/view/article/48897,SUFOXSTRANGWAYS,Susan,Fox-Strangways,F,N,P,nobility: earl's daughter,,Close Friend,close friends; relatives by marriage (Susan was Sarah's brother-in-law's niece),A,1762,N,N,N,,,500,"The Life and Letters of Lady Sarah Lennox, 1745-1826. Ed. by the countess of Ilchester and Lord Stavordale. 2 vols. London: John Murray, Albemarle Street. 1902.","I, 128",1760,1779,SLENNOX,LENNOX_010,1762
LENNOX_011,Lennox,1760-1779,SLENNOX,Sarah,Lennox,F,Gentry Lower,N,"gentry lower: wife of Charles Bunbury, esquire",18.0,1745.0,10-19,London,N,Private: Classical,http://www.oxforddnb.com/view/article/48897,SUFOXSTRANGWAYS,Susan,Fox-Strangways,F,N,P,nobility: earl's daughter,,Close Friend,close friends; relatives by marriage (Susan was Sarah's brother-in-law's niece),A,1763,N,N,N,,,185,"The Life and Letters of Lady Sarah Lennox, 1745-1826. Ed. by the countess of Ilchester and Lord Stavordale. 2 vols. London: John Murray, Albemarle Street. 1902.","I, 132",1760,1779,SLENNOX,LENNOX_011,1763
LENNOX_012,Lennox,1760-1779,SLENNOX,Sarah,Lennox,F,Gentry Lower,N,"gentry lower: wife of Charles Bunbury, esquire",18.0,1745.0,10-19,London,N,Private: Classical,http://www.oxforddnb.com/view/article/48897,SUFOXSTRANGWAYS,Susan,Fox-Strangways,F,N,P,nobility: earl's daughter,,Close Friend,close friends; relatives by marriage (Susan was Sarah's brother-in-law's niece),A,1763,N,N,N,,,693,"The Life and Letters of Lady Sarah Lennox, 1745-1826. Ed. by the countess of Ilchester and Lord Stavordale. 2 vols. London: John Murray, Albemarle Street. 1902.","I, 133",1760,1779,SLENNOX,LENNOX_012,1763
LENNOX_013,Lennox,1760-1779,SLENNOX,Sarah,Lennox,F,Gentry Lower,N,"gentry lower: wife of Charles Bunbury, esquire",19.0,1745.0,10-19,London,N,Private: Classical,http://www.oxforddnb.com/view/article/48897,SUFOXSTRANGWAYS,Susan,Fox-Strangways,F,P,P,professional: wife of William O'Brien,,Close Friend,close friends; relatives by marriage (Susan was Sarah's brother-in-law's niece),A,1764,N,N,N,,,1032,"The Life and Letters of Lady Sarah Lennox, 1745-1826. Ed. by the countess of Ilchester and Lord Stavordale. 2 vols. London: John Murray, Albemarle Street. 1902.","I, 137",1760,1779,SLENNOX,LENNOX_013,1764
LENNOX_014,Lennox,1760-1779,SLENNOX,Sarah,Lennox,F,Gentry Upper,N,gentry upper: wife of Sir Charles Bunbury,19.0,1745.0,10-19,London,N,Private: Classical,http://www.oxforddnb.com/view/article/48897,SUFOXSTRANGWAYS,Susan,Fox-Strangways,F,P,P,professional: wife of William O'Brien,,Close Friend,close friends; relatives by marriage (Susan was Sarah's brother-in-law's niece),A,1764,N,N,N,unsigned,,1133,"The Life and Letters of Lady Sarah Lennox, 1745-1826. Ed. by the countess of Ilchester and Lord Stavordale. 2 vols. London: John Murray, Albemarle Street. 1902.","I, 142",1760,1779,SLENNOX,LENNOX_014,1764
LENNOX_015,Lennox,1760-1779,SLENNOX,Sarah,Lennox,F,Gentry Upper,N,gentry upper: wife of Sir Charles Bunbury,20.0,1745.0,20-29,London,N,Private: Classical,http://www.oxforddnb.com/view/article/48897,SUFOXSTRANGWAYS,Susan,Fox-Strangways,F,P,P,professional: wife of William O'Brien,,Close Friend,close friends; relatives by marriage (Susan was Sarah's brother-in-law's niece),A,1765,N,N,N,,,561,"The Life and Letters of Lady Sarah Lennox, 1745-1826. Ed. by the countess of Ilchester and Lord Stavordale. 2 vols. London: John Murray, Albemarle Street. 1902.","I, 159",1760,1779,SLENNOX,LENNOX_015,1765
LENNOX_016,Lennox,1760-1779,SLENNOX,Sarah,Lennox,F,Gentry Upper,N,gentry upper: wife of Sir Charles Bunbury,20.0,1745.0,20-29,London,N,Private: Classical,http://www.oxforddnb.com/view/article/48897,SUFOXSTRANGWAYS,Susan,Fox-Strangways,F,P,P,professional: wife of William O'Brien,,Close Friend,close friends; relatives by marriage (Susan was Sarah's brother-in-law's niece),A,1765,N,N,N,,,484,"The Life and Letters of Lady Sarah Lennox, 1745-1826. Ed. by the countess of Ilchester and Lord Stavordale. 2 vols. London: John Murray, Albemarle Street. 1902.","I, 161",1760,1779,SLENNOX,LENNOX_016,1765
LENNOX_017,Lennox,1760-1779,SLENNOX,Sarah,Lennox,F,Gentry Upper,N,gentry upper: wife of Sir Charles Bunbury,20.0,1745.0,20-29,London,N,Private: Classical,http://www.oxforddnb.com/view/article/48897,SUFOXSTRANGWAYS,Susan,Fox-Strangways,F,P,P,professional: wife of William O'Brien,,Close Friend,close friends; relatives by marriage (Susan was Sarah's brother-in-law's niece),A,1765,N,N,N,"The last part of the letter, written at a different time and place, has been left out.",,1257,"The Life and Letters of Lady Sarah Lennox, 1745-1826. Ed. by the countess of Ilchester and Lord Stavordale. 2 vols. London: John Murray, Albemarle Street. 1902.","I, 167",1760,1779,SLENNOX,LENNOX_017,1765
LENNOX_018,Lennox,1760-1779,SLENNOX,Sarah,Lennox,F,Gentry Upper,N,gentry upper: wife of Sir Charles Bunbury,21.0,1745.0,20-29,London,N,Private: Classical,http://www.oxforddnb.com/view/article/48897,SUFOXSTRANGWAYS,Susan,Fox-Strangways,F,P,P,professional: wife of William O'Brien,,Close Friend,close friends; relatives by marriage (Susan was Sarah's brother-in-law's niece),A,1766,N,N,N,,,959,"The Life and Letters of Lady Sarah Lennox, 1745-1826. Ed. by the countess of Ilchester and Lord Stavordale. 2 vols. London: John Murray, Albemarle Street. 1902.","I, 188",1760,1779,SLENNOX,LENNOX_018,1766
LENNOX_019,Lennox,1760-1779,SLENNOX,Sarah,Lennox,F,Gentry Upper,N,gentry upper: wife of Sir Charles Bunbury,21.0,1745.0,20-29,London,N,Private: Classical,http://www.oxforddnb.com/view/article/48897,SUFOXSTRANGWAYS,Susan,Fox-Strangways,F,P,P,professional: wife of William O'Brien,,Close Friend,close friends; relatives by marriage (Susan was Sarah's brother-in-law's niece),A,1766,N,N,N,,,431,"The Life and Letters of Lady Sarah Lennox, 1745-1826. Ed. by the countess of Ilchester and Lord Stavordale. 2 vols. London: John Murray, Albemarle Street. 1902.","I, 196",1760,1779,SLENNOX,LENNOX_019,1766
LENNOX_020,Lennox,1760-1779,SLENNOX,Sarah,Lennox,F,Gentry Upper,N,gentry upper: wife of Sir Charles Bunbury,21.0,1745.0,20-29,London,N,Private: Classical,http://www.oxforddnb.com/view/article/48897,SUFOXSTRANGWAYS,Susan,Fox-Strangways,F,P,P,professional: wife of William O'Brien,,Close Friend,close friends; relatives by marriage (Susan was Sarah's brother-in-law's niece),A,1766,N,N,N,,,374,"The Life and Letters of Lady Sarah Lennox, 1745-1826. Ed. by the countess of Ilchester and Lord Stavordale. 2 vols. London: John Murray, Albemarle Street. 1902.","I, 199",1760,1779,SLENNOX,LENNOX_020,1766
LENNOX_021,Lennox,1760-1779,SLENNOX,Sarah,Lennox,F,Gentry Upper,N,gentry upper: wife of Sir Charles Bunbury,22.0,1745.0,20-29,London,N,Private: Classical,http://www.oxforddnb.com/view/article/48897,SUFOXSTRANGWAYS,Susan,Fox-Strangways,F,P,P,professional: wife of William O'Brien,,Close Friend,close friends; relatives by marriage (Susan was Sarah's brother-in-law's niece),A,1767,N,N,N,,,1662,"The Life and Letters of Lady Sarah Lennox, 1745-1826. Ed. by the countess of Ilchester and Lord Stavordale. 2 vols. London: John Murray, Albemarle Street. 1902.","I, 208",1760,1779,SLENNOX,LENNOX_021,1767
LENNOX_022,Lennox,1760-1779,SLENNOX,Sarah,Lennox,F,Gentry Upper,N,gentry upper: wife of Sir Charles Bunbury,22.0,1745.0,20-29,London,N,Private: Classical,http://www.oxforddnb.com/view/article/48897,SUFOXSTRANGWAYS,Susan,Fox-Strangways,F,P,P,professional: wife of William O'Brien,,Close Friend,close friends; relatives by marriage (Susan was Sarah's brother-in-law's niece),A,1767,N,N,N,,,949,"The Life and Letters of Lady Sarah Lennox, 1745-1826. Ed. by the countess of Ilchester and Lord Stavordale. 2 vols. London: John Murray, Albemarle Street. 1902.","I, 213",1760,1779,SLENNOX,LENNOX_022,1767
LENNOX_023,Lennox,1760-1779,SLENNOX,Sarah,Lennox,F,Gentry Upper,N,gentry upper: wife of Sir Charles Bunbury,23.0,1745.0,20-29,London,N,Private: Classical,http://www.oxforddnb.com/view/article/48897,SUFOXSTRANGWAYS,Susan,Fox-Strangways,F,P,P,professional: wife of William O'Brien,,Close Friend,close friends; relatives by marriage (Susan was Sarah's brother-in-law's niece),A,1768,N,N,N,unsigned,,311,"The Life and Letters of Lady Sarah Lennox, 1745-1826. Ed. by the countess of Ilchester and Lord Stavordale. 2 vols. London: John Murray, Albemarle Street. 1902.","I, 216",1760,1779,SLENNOX,LENNOX_023,1768
LENNOX_024,Lennox,1760-1779,SLENNOX,Sarah,Lennox,F,Gentry Upper,N,gentry upper: wife of Sir Charles Bunbury,23.0,1745.0,20-29,London,N,Private: Classical,http://www.oxforddnb.com/view/article/48897,SUFOXSTRANGWAYS,Susan,Fox-Strangways,F,P,P,professional: wife of William O'Brien,,Close Friend,close friends; relatives by marriage (Susan was Sarah's brother-in-law's niece),A,1768,N,N,N,,,486,"The Life and Letters of Lady Sarah Lennox, 1745-1826. Ed. by the countess of Ilchester and Lord Stavordale. 2 vols. London: John Murray, Albemarle Street. 1902.","I, 218",1760,1779,SLENNOX,LENNOX_024,1768
LENNOX_025,Lennox,1760-1779,SLENNOX,Sarah,Lennox,F,Gentry Upper,N,gentry upper: wife of Sir Charles Bunbury,23.0,1745.0,20-29,London,N,Private: Classical,http://www.oxforddnb.com/view/article/48897,SUFOXSTRANGWAYS,Susan,Fox-Strangways,F,P,P,professional: wife of William O'Brien,,Close Friend,close friends; relatives by marriage (Susan was Sarah's brother-in-law's niece),A,1768,N,N,N,,,940,"The Life and Letters of Lady Sarah Lennox, 1745-1826. Ed. by the countess of Ilchester and Lord Stavordale. 2 vols. London: John Murray, Albemarle Street. 1902.","I, 220",1760,1779,SLENNOX,LENNOX_025,1768
LENNOX_026,Lennox,1760-1779,SLENNOX,Sarah,Lennox,F,Gentry Upper,N,gentry upper: wife of Sir Charles Bunbury (separated),30.0,1745.0,30-39,London,N,Private: Classical,http://www.oxforddnb.com/view/article/48897,SUFOXSTRANGWAYS,Susan,Fox-Strangways,F,P,P,professional: wife of William O'Brien,,Close Friend,close friends; relatives by marriage (Susan was Sarah's brother-in-law's niece),A,1775,N,N,N,,,2234,"The Life and Letters of Lady Sarah Lennox, 1745-1826. Ed. by the countess of Ilchester and Lord Stavordale. 2 vols. London: John Murray, Albemarle Street. 1902.","I, 224",1760,1779,SLENNOX,LENNOX_026,1775
LENNOX_027,Lennox,1760-1779,SLENNOX,Sarah,Lennox,F,Gentry Upper,N,gentry upper: wife of Sir Charles Bunbury (separated),30.0,1745.0,30-39,London,N,Private: Classical,http://www.oxforddnb.com/view/article/48897,SUFOXSTRANGWAYS,Susan,Fox-Strangways,F,P,P,professional: wife of William O'Brien,,Close Friend,close friends; relatives by marriage (Susan was Sarah's brother-in-law's niece),A,1775,N,N,N,unsigned (letter unfinished),,1249,"The Life and Letters of Lady Sarah Lennox, 1745-1826. Ed. by the countess of Ilchester and Lord Stavordale. 2 vols. London: John Murray, Albemarle Street. 1902.","I, 234",1760,1779,SLENNOX,LENNOX_027,1775
LENNOX_028,Lennox,1760-1779,SLENNOX,Sarah,Lennox,F,Gentry Upper,N,gentry upper: wife of Sir Charles Bunbury (separated),30.0,1745.0,30-39,London,N,Private: Classical,http://www.oxforddnb.com/view/article/48897,SUFOXSTRANGWAYS,Susan,Fox-Strangways,F,P,P,professional: wife of William O'Brien,,Close Friend,close friends; relatives by marriage (Susan was Sarah's brother-in-law's niece),A,1775,N,N,N,,,1145,"The Life and Letters of Lady Sarah Lennox, 1745-1826. Ed. by the countess of Ilchester and Lord Stavordale. 2 vols. London: John Murray, Albemarle Street. 1902.","I, 239",1760,1779,SLENNOX,LENNOX_028,1775
LENNOX_029,Lennox,1760-1779,SLENNOX,Sarah,Lennox,F,Gentry Upper,N,gentry upper: wife of Sir Charles Bunbury (separated),30.0,1745.0,30-39,London,N,Private: Classical,http://www.oxforddnb.com/view/article/48897,SUFOXSTRANGWAYS,Susan,Fox-Strangways,F,P,P,professional: wife of William O'Brien,,Close Friend,close friends; relatives by marriage (Susan was Sarah's brother-in-law's niece),A,1775,N,N,N,unsigned,,1216,"The Life and Letters of Lady Sarah Lennox, 1745-1826. Ed. by the countess of Ilchester and Lord Stavordale. 2 vols. London: John Murray, Albemarle Street. 1902.","I, 243",1760,1779,SLENNOX,LENNOX_029,1775
LENNOX_030,Lennox,1760-1779,SLENNOX,Sarah,Lennox,F,Gentry Upper,N,gentry upper: wife of Sir Charles Bunbury (separated),31.0,1745.0,30-39,London,N,Private: Classical,http://www.oxforddnb.com/view/article/48897,SUFOXSTRANGWAYS,Susan,Fox-Strangways,F,P,P,professional: wife of William O'Brien,,Close Friend,close friends; relatives by marriage (Susan was Sarah's brother-in-law's niece),A,1776,N,N,N,,,574,"The Life and Letters of Lady Sarah Lennox, 1745-1826. Ed. by the countess of Ilchester and Lord Stavordale. 2 vols. London: John Murray, Albemarle Street. 1902.","I, 247",1760,1779,SLENNOX,LENNOX_030,1776
LENNOX_031,Lennox,1760-1779,SLENNOX,Sarah,Lennox,F,Gentry Upper,N,gentry upper: ex-wife of Sir Charles Bunbury (or nobility: duke's daughter),31.0,1745.0,30-39,London,N,Private: Classical,http://www.oxforddnb.com/view/article/48897,SUFOXSTRANGWAYS,Susan,Fox-Strangways,F,P,P,professional: wife of William O'Brien,,Close Friend,close friends; relatives by marriage (Susan was Sarah's brother-in-law's niece),A,1776,N,N,N,,,1242,"The Life and Letters of Lady Sarah Lennox, 1745-1826. Ed. by the countess of Ilchester and Lord Stavordale. 2 vols. London: John Murray, Albemarle Street. 1902.","I, 249",1760,1779,SLENNOX,LENNOX_031,1776
LENNOX_032,Lennox,1760-1779,SLENNOX,Sarah,Lennox,F,Gentry Upper,N,gentry upper: ex-wife of Sir Charles Bunbury (or nobility: duke's daughter),31.0,1745.0,30-39,London,N,Private: Classical,http://www.oxforddnb.com/view/article/48897,SUFOXSTRANGWAYS,Susan,Fox-Strangways,F,P,P,professional: wife of William O'Brien,,Close Friend,close friends; relatives by marriage (Susan was Sarah's brother-in-law's niece),A,1776,N,N,N,,,388,"The Life and Letters of Lady Sarah Lennox, 1745-1826. Ed. by the countess of Ilchester and Lord Stavordale. 2 vols. London: John Murray, Albemarle Street. 1902.","I, 253",1760,1779,SLENNOX,LENNOX_032,1776
LENNOX_033,Lennox,1760-1779,SLENNOX,Sarah,Lennox,F,Gentry Upper,N,gentry upper: ex-wife of Sir Charles Bunbury (or nobility: duke's daughter),31.0,1745.0,30-39,London,N,Private: Classical,http://www.oxforddnb.com/view/article/48897,SUFOXSTRANGWAYS,Susan,Fox-Strangways,F,P,P,professional: wife of William O'Brien,,Close Friend,close friends; relatives by marriage (Susan was Sarah's brother-in-law's niece),A,1776,N,N,N,,,581,"The Life and Letters of Lady Sarah Lennox, 1745-1826. Ed. by the countess of Ilchester and Lord Stavordale. 2 vols. London: John Murray, Albemarle Street. 1902.","I, 255",1760,1779,SLENNOX,LENNOX_033,1776
LENNOX_034,Lennox,1760-1779,SLENNOX,Sarah,Lennox,F,Gentry Upper,N,gentry upper: ex-wife of Sir Charles Bunbury (or nobility: duke's daughter),32.0,1745.0,30-39,London,N,Private: Classical,http://www.oxforddnb.com/view/article/48897,SUFOXSTRANGWAYS,Susan,Fox-Strangways,F,P,P,professional: wife of William O'Brien,,Close Friend,close friends; relatives by marriage (Susan was Sarah's brother-in-law's niece),A,1777,N,N,N,,,1565,"The Life and Letters of Lady Sarah Lennox, 1745-1826. Ed. by the countess of Ilchester and Lord Stavordale. 2 vols. London: John Murray, Albemarle Street. 1902.","I, 257",1760,1779,SLENNOX,LENNOX_034,1777
LENNOX_035,Lennox,1760-1779,SLENNOX,Sarah,Lennox,F,Gentry Upper,N,gentry upper: ex-wife of Sir Charles Bunbury (or nobility: duke's daughter),32.0,1745.0,30-39,London,N,Private: Classical,http://www.oxforddnb.com/view/article/48897,SUFOXSTRANGWAYS,Susan,Fox-Strangways,F,P,P,professional: wife of William O'Brien,,Close Friend,close friends; relatives by marriage (Susan was Sarah's brother-in-law's niece),A,1777,N,N,N,,,618,"The Life and Letters of Lady Sarah Lennox, 1745-1826. Ed. by the countess of Ilchester and Lord Stavordale. 2 vols. London: John Murray, Albemarle Street. 1902.","I, 263",1760,1779,SLENNOX,LENNOX_035,1777
LENNOX_036,Lennox,1760-1779,SLENNOX,Sarah,Lennox,F,Gentry Upper,N,gentry upper: ex-wife of Sir Charles Bunbury (or nobility: duke's daughter),33.0,1745.0,30-39,London,N,Private: Classical,http://www.oxforddnb.com/view/article/48897,SUFOXSTRANGWAYS,Susan,Fox-Strangways,F,P,P,professional: wife of William O'Brien,,Close Friend,close friends; relatives by marriage (Susan was Sarah's brother-in-law's niece),A,1778,N,N,N,,,820,"The Life and Letters of Lady Sarah Lennox, 1745-1826. Ed. by the countess of Ilchester and Lord Stavordale. 2 vols. London: John Murray, Albemarle Street. 1902.","I, 271",1760,1779,SLENNOX,LENNOX_036,1778
LENNOX_038,Lennox,1760-1779,SLENNOX,Sarah,Lennox,F,Gentry Upper,N,gentry upper: ex-wife of Sir Charles Bunbury (or nobility: duke's daughter),33.0,1745.0,30-39,London,N,Private: Classical,http://www.oxforddnb.com/view/article/48897,SUFOXSTRANGWAYS,Susan,Fox-Strangways,F,P,P,professional: wife of William O'Brien,,Close Friend,close friends; relatives by marriage (Susan was Sarah's brother-in-law's niece),A,1778,N,N,N,,,878,"The Life and Letters of Lady Sarah Lennox, 1745-1826. Ed. by the countess of Ilchester and Lord Stavordale. 2 vols. London: John Murray, Albemarle Street. 1902.","I, 285",1760,1779,SLENNOX,LENNOX_038,1778
LENNOX_039,Lennox,1760-1779,SLENNOX,Sarah,Lennox,F,Gentry Upper,N,gentry upper: ex-wife of Sir Charles Bunbury (or nobility: duke's daughter),34.0,1745.0,30-39,London,N,Private: Classical,http://www.oxforddnb.com/view/article/48897,SUFOXSTRANGWAYS,Susan,Fox-Strangways,F,P,P,professional: wife of William O'Brien,,Close Friend,close friends; relatives by marriage (Susan was Sarah's brother-in-law's niece),A,1779,N,N,N,unsigned,,1554,"The Life and Letters of Lady Sarah Lennox, 1745-1826. Ed. by the countess of Ilchester and Lord Stavordale. 2 vols. London: John Murray, Albemarle Street. 1902.","I, 287",1760,1779,SLENNOX,LENNOX_039,1779
LENNOX_040,Lennox,1760-1779,SLENNOX,Sarah,Lennox,F,Gentry Upper,N,gentry upper: ex-wife of Sir Charles Bunbury (or nobility: duke's daughter),34.0,1745.0,30-39,London,N,Private: Classical,http://www.oxforddnb.com/view/article/48897,SUFOXSTRANGWAYS,Susan,Fox-Strangways,F,P,P,professional: wife of William O'Brien,,Close Friend,close friends; relatives by marriage (Susan was Sarah's brother-in-law's niece),A,1779,N,N,N,unsigned,,593,"The Life and Letters of Lady Sarah Lennox, 1745-1826. Ed. by the countess of Ilchester and Lord Stavordale. 2 vols. London: John Murray, Albemarle Street. 1902.","I, 293",1760,1779,SLENNOX,LENNOX_040,1779
LENNOX_041,Lennox,1760-1779,SLENNOX,Sarah,Lennox,F,Gentry Upper,N,gentry upper: ex-wife of Sir Charles Bunbury (or nobility: duke's daughter),34.0,1745.0,30-39,London,N,Private: Classical,http://www.oxforddnb.com/view/article/48897,SUFOXSTRANGWAYS,Susan,Fox-Strangways,F,P,P,professional: wife of William O'Brien,,Close Friend,close friends; relatives by marriage (Susan was Sarah's brother-in-law's niece),A,1779,N,N,N,,,1067,"The Life and Letters of Lady Sarah Lennox, 1745-1826. Ed. by the countess of Ilchester and Lord Stavordale. 2 vols. London: John Murray, Albemarle Street. 1902.","I, 295",1760,1779,SLENNOX,LENNOX_041,1779
LENNOX_042,Lennox,1760-1779,SLENNOX,Sarah,Lennox,F,Gentry Upper,N,gentry upper: ex-wife of Sir Charles Bunbury (or nobility: duke's daughter),34.0,1745.0,30-39,London,N,Private: Classical,http://www.oxforddnb.com/view/article/48897,SUFOXSTRANGWAYS,Susan,Fox-Strangways,F,P,P,professional: wife of William O'Brien,,Close Friend,close friends; relatives by marriage (Susan was Sarah's brother-in-law's niece),A,1779,N,N,N,,,467,"The Life and Letters of Lady Sarah Lennox, 1745-1826. Ed. by the countess of Ilchester and Lord Stavordale. 2 vols. London: John Murray, Albemarle Street. 1902.","I, 298",1760,1779,SLENNOX,LENNOX_042,1779
LENNOX_043,Lennox,1780-1800,SLENNOX,Sarah,Lennox,F,Gentry Upper,N,gentry upper: ex-wife of Sir Charles Bunbury (or nobility: duke's daughter),35.0,1745.0,30-39,London,N,Private: Classical,http://www.oxforddnb.com/view/article/48897,SUFOXSTRANGWAYS,Susan,Fox-Strangways,F,P,P,professional: wife of William O'Brien,,Close Friend,close friends; relatives by marriage (Susan was Sarah's brother-in-law's niece),A,1780,N,N,N,unsigned,,1609,"The Life and Letters of Lady Sarah Lennox, 1745-1826. Ed. by the countess of Ilchester and Lord Stavordale. 2 vols. London: John Murray, Albemarle Street. 1902.","I, 301",1780,1800,SLENNOX,LENNOX_043,1780
LENNOX_044,Lennox,1780-1800,SLENNOX,Sarah,Lennox,F,Gentry Upper,N,gentry upper: ex-wife of Sir Charles Bunbury (or nobility: duke's daughter),35.0,1745.0,30-39,London,N,Private: Classical,http://www.oxforddnb.com/view/article/48897,SUFOXSTRANGWAYS,Susan,Fox-Strangways,F,P,P,professional: wife of William O'Brien,,Close Friend,close friends; relatives by marriage (Susan was Sarah's brother-in-law's niece),A,1780,N,N,N,,,950,"The Life and Letters of Lady Sarah Lennox, 1745-1826. Ed. by the countess of Ilchester and Lord Stavordale. 2 vols. London: John Murray, Albemarle Street. 1902.","I, 312",1780,1800,SLENNOX,LENNOX_044,1780
LENNOX_045,Lennox,1780-1800,SLENNOX,Sarah,Lennox,F,Gentry Upper,N,gentry upper: ex-wife of Sir Charles Bunbury (or nobility: duke's daughter),35.0,1745.0,30-39,London,N,Private: Classical,http://www.oxforddnb.com/view/article/48897,SUFOXSTRANGWAYS,Susan,Fox-Strangways,F,P,P,professional: wife of William O'Brien,,Close Friend,close friends; relatives by marriage (Susan was Sarah's brother-in-law's niece),A,1780,N,N,N,,,937,"The Life and Letters of Lady Sarah Lennox, 1745-1826. Ed. by the countess of Ilchester and Lord Stavordale. 2 vols. London: John Murray, Albemarle Street. 1902.","I, 315",1780,1800,SLENNOX,LENNOX_045,1780
LENNOX_046,Lennox,1780-1800,SLENNOX,Sarah,Lennox,F,Gentry Upper,N,gentry upper: ex-wife of Sir Charles Bunbury (or nobility: duke's daughter),36.0,1745.0,30-39,London,N,Private: Classical,http://www.oxforddnb.com/view/article/48897,SUFOXSTRANGWAYS,Susan,Fox-Strangways,F,P,P,professional: wife of William O'Brien,,Close Friend,close friends; relatives by marriage (Susan was Sarah's brother-in-law's niece),A,1781,N,N,N,,,1150,"The Life and Letters of Lady Sarah Lennox, 1745-1826. Ed. by the countess of Ilchester and Lord Stavordale. 2 vols. London: John Murray, Albemarle Street. 1902.","I, 319",1780,1800,SLENNOX,LENNOX_046,1781
LENNOX_047,Lennox,1780-1800,SLENNOX,Sarah,Lennox,F,Gentry Upper,N,gentry upper: ex-wife of Sir Charles Bunbury (or nobility: duke's daughter),36.0,1745.0,30-39,London,N,Private: Classical,http://www.oxforddnb.com/view/article/48897,SUFOXSTRANGWAYS,Susan,Fox-Strangways,F,P,P,professional: wife of William O'Brien,,Close Friend,close friends; relatives by marriage (Susan was Sarah's brother-in-law's niece),A,1781,N,N,N,,,2240,"The Life and Letters of Lady Sarah Lennox, 1745-1826. Ed. by the countess of Ilchester and Lord Stavordale. 2 vols. London: John Murray, Albemarle Street. 1902.","II, 3",1780,1800,SLENNOX,LENNOX_047,1781
LENNOX_048,Lennox,1780-1800,SLENNOX,Sarah,Lennox,F,Professional,N,professional: wife of George Napier,37.0,1745.0,30-39,London,N,Private: Classical,http://www.oxforddnb.com/view/article/48897,SUFOXSTRANGWAYS,Susan,Fox-Strangways,F,P,P,professional: wife of William O'Brien,,Close Friend,close friends; relatives by marriage (Susan was Sarah's brother-in-law's niece),A,1782,N,N,N,,,682,"The Life and Letters of Lady Sarah Lennox, 1745-1826. Ed. by the countess of Ilchester and Lord Stavordale. 2 vols. London: John Murray, Albemarle Street. 1902.","II, 21",1780,1800,SLENNOX,LENNOX_048,1782
LENNOX_049,Lennox,1780-1800,SLENNOX,Sarah,Lennox,F,Professional,N,professional: wife of George Napier,37.0,1745.0,30-39,London,N,Private: Classical,http://www.oxforddnb.com/view/article/48897,SUFOXSTRANGWAYS,Susan,Fox-Strangways,F,P,P,professional: wife of William O'Brien,,Close Friend,close friends; relatives by marriage (Susan was Sarah's brother-in-law's niece),A,1782,N,N,N,,,689,"The Life and Letters of Lady Sarah Lennox, 1745-1826. Ed. by the countess of Ilchester and Lord Stavordale. 2 vols. London: John Murray, Albemarle Street. 1902.","II, 24",1780,1800,SLENNOX,LENNOX_049,1782
LENNOX_050,Lennox,1780-1800,SLENNOX,Sarah,Lennox,F,Professional,N,professional: wife of George Napier,38.0,1745.0,30-39,London,N,Private: Classical,http://www.oxforddnb.com/view/article/48897,SUFOXSTRANGWAYS,Susan,Fox-Strangways,F,P,P,professional: wife of William O'Brien,,Close Friend,close friends; relatives by marriage (Susan was Sarah's brother-in-law's niece),A,1783,N,N,N,,,461,"The Life and Letters of Lady Sarah Lennox, 1745-1826. Ed. by the countess of Ilchester and Lord Stavordale. 2 vols. London: John Murray, Albemarle Street. 1902.","II, 26",1780,1800,SLENNOX,LENNOX_050,1783
LENNOX_051,Lennox,1780-1800,SLENNOX,Sarah,Lennox,F,Professional,N,professional: wife of George Napier,38.0,1745.0,30-39,London,N,Private: Classical,http://www.oxforddnb.com/view/article/48897,SUFOXSTRANGWAYS,Susan,Fox-Strangways,F,P,P,professional: wife of William O'Brien,,Close Friend,close friends; relatives by marriage (Susan was Sarah's brother-in-law's niece),A,1783,N,N,N,,,1063,"The Life and Letters of Lady Sarah Lennox, 1745-1826. Ed. by the countess of Ilchester and Lord Stavordale. 2 vols. London: John Murray, Albemarle Street. 1902.","II, 33",1780,1800,SLENNOX,LENNOX_051,1783
LENNOX_052,Lennox,1780-1800,SLENNOX,Sarah,Lennox,F,Professional,N,professional: wife of George Napier,38.0,1745.0,30-39,London,N,Private: Classical,http://www.oxforddnb.com/view/article/48897,SUFOXSTRANGWAYS,Susan,Fox-Strangways,F,P,P,professional: wife of William O'Brien,,Close Friend,close friends; relatives by marriage (Susan was Sarah's brother-in-law's niece),A,1783,N,N,N,,,875,"The Life and Letters of Lady Sarah Lennox, 1745-1826. Ed. by the countess of Ilchester and Lord Stavordale. 2 vols. London: John Murray, Albemarle Street. 1902.","II, 39",1780,1800,SLENNOX,LENNOX_052,1783
LENNOX_053,Lennox,1780-1800,SLENNOX,Sarah,Lennox,F,Professional,N,professional: wife of George Napier,39.0,1745.0,30-39,London,N,Private: Classical,http://www.oxforddnb.com/view/article/48897,SUFOXSTRANGWAYS,Susan,Fox-Strangways,F,P,P,professional: wife of William O'Brien,,Close Friend,close friends; relatives by marriage (Susan was Sarah's brother-in-law's niece),A,1784,N,N,N,,,404,"The Life and Letters of Lady Sarah Lennox, 1745-1826. Ed. by the countess of Ilchester and Lord Stavordale. 2 vols. London: John Murray, Albemarle Street. 1902.","II, 46",1780,1800,SLENNOX,LENNOX_053,1784
LENNOX_054,Lennox,1780-1800,SLENNOX,Sarah,Lennox,F,Professional,N,professional: wife of George Napier,39.0,1745.0,30-39,London,N,Private: Classical,http://www.oxforddnb.com/view/article/48897,SUFOXSTRANGWAYS,Susan,Fox-Strangways,F,P,P,professional: wife of William O'Brien,,Close Friend,close friends; relatives by marriage (Susan was Sarah's brother-in-law's niece),A,1784,N,N,N,,,244,"The Life and Letters of Lady Sarah Lennox, 1745-1826. Ed. by the countess of Ilchester and Lord Stavordale. 2 vols. London: John Murray, Albemarle Street. 1902.","II, 48",1780,1800,SLENNOX,LENNOX_054,1784
LENNOX_055,Lennox,1780-1800,SLENNOX,Sarah,Lennox,F,Professional,N,professional: wife of George Napier,39.0,1745.0,30-39,London,N,Private: Classical,http://www.oxforddnb.com/view/article/48897,SUFOXSTRANGWAYS,Susan,Fox-Strangways,F,P,P,professional: wife of William O'Brien,,Close Friend,close friends; relatives by marriage (Susan was Sarah's brother-in-law's niece),A,1784,N,N,N,,,217,"The Life and Letters of Lady Sarah Lennox, 1745-1826. Ed. by the countess of Ilchester and Lord Stavordale. 2 vols. London: John Murray, Albemarle Street. 1902.","II, 49",1780,1800,SLENNOX,LENNOX_055,1784
LENNOX_056,Lennox,1780-1800,SLENNOX,Sarah,Lennox,F,Professional,N,professional: wife of George Napier,40.0,1745.0,40-49,London,N,Private: Classical,http://www.oxforddnb.com/view/article/48897,SUFOXSTRANGWAYS,Susan,Fox-Strangways,F,P,P,professional: wife of William O'Brien,,Close Friend,close friends; relatives by marriage (Susan was Sarah's brother-in-law's niece),A,1785,N,N,N,,,974,"The Life and Letters of Lady Sarah Lennox, 1745-1826. Ed. by the countess of Ilchester and Lord Stavordale. 2 vols. London: John Murray, Albemarle Street. 1902.","II, 52",1780,1800,SLENNOX,LENNOX_056,1785
LENNOX_057,Lennox,1780-1800,SLENNOX,Sarah,Lennox,F,Professional,N,professional: wife of George Napier,40.0,1745.0,40-49,London,N,Private: Classical,http://www.oxforddnb.com/view/article/48897,SUFOXSTRANGWAYS,Susan,Fox-Strangways,F,P,P,professional: wife of William O'Brien,,Close Friend,close friends; relatives by marriage (Susan was Sarah's brother-in-law's niece),A,1785,N,N,N,,,448,"The Life and Letters of Lady Sarah Lennox, 1745-1826. Ed. by the countess of Ilchester and Lord Stavordale. 2 vols. London: John Murray, Albemarle Street. 1902.","II, 55",1780,1800,SLENNOX,LENNOX_057,1785
LENNOX_058,Lennox,1780-1800,SLENNOX,Sarah,Lennox,F,Professional,N,professional: wife of George Napier,41.0,1745.0,40-49,London,N,Private: Classical,http://www.oxforddnb.com/view/article/48897,SUFOXSTRANGWAYS,Susan,Fox-Strangways,F,P,P,professional: wife of William O'Brien,,Close Friend,close friends; relatives by marriage (Susan was Sarah's brother-in-law's niece),A,1786,N,N,N,,,742,"The Life and Letters of Lady Sarah Lennox, 1745-1826. Ed. by the countess of Ilchester and Lord Stavordale. 2 vols. London: John Murray, Albemarle Street. 1902.","II, 56",1780,1800,SLENNOX,LENNOX_058,1786
LENNOX_059,Lennox,1780-1800,SLENNOX,Sarah,Lennox,F,Professional,N,professional: wife of George Napier,41.0,1745.0,40-49,London,N,Private: Classical,http://www.oxforddnb.com/view/article/48897,SUFOXSTRANGWAYS,Susan,Fox-Strangways,F,P,P,professional: wife of William O'Brien,,Close Friend,close friends; relatives by marriage (Susan was Sarah's brother-in-law's niece),A,1786,N,N,N,,,351,"The Life and Letters of Lady Sarah Lennox, 1745-1826. Ed. by the countess of Ilchester and Lord Stavordale. 2 vols. London: John Murray, Albemarle Street. 1902.","II, 59",1780,1800,SLENNOX,LENNOX_059,1786
LENNOX_060,Lennox,1780-1800,SLENNOX,Sarah,Lennox,F,Professional,N,professional: wife of George Napier,42.0,1745.0,40-49,London,N,Private: Classical,http://www.oxforddnb.com/view/article/48897,SUFOXSTRANGWAYS,Susan,Fox-Strangways,F,P,P,professional: wife of William O'Brien,,Close Friend,close friends; relatives by marriage (Susan was Sarah's brother-in-law's niece),A,1787,N,N,N,,,596,"The Life and Letters of Lady Sarah Lennox, 1745-1826. Ed. by the countess of Ilchester and Lord Stavordale. 2 vols. London: John Murray, Albemarle Street. 1902.","II, 60",1780,1800,SLENNOX,LENNOX_060,1787
LENNOX_061,Lennox,1780-1800,SLENNOX,Sarah,Lennox,F,Professional,N,professional: wife of George Napier,42.0,1745.0,40-49,London,N,Private: Classical,http://www.oxforddnb.com/view/article/48897,SUFOXSTRANGWAYS,Susan,Fox-Strangways,F,P,P,professional: wife of William O'Brien,,Close Friend,close friends; relatives by marriage (Susan was Sarah's brother-in-law's niece),A,1787,N,N,N,,,894,"The Life and Letters of Lady Sarah Lennox, 1745-1826. Ed. by the countess of Ilchester and Lord Stavordale. 2 vols. London: John Murray, Albemarle Street. 1902.","II, 62",1780,1800,SLENNOX,LENNOX_061,1787
LENNOX_062,Lennox,1780-1800,SLENNOX,Sarah,Lennox,F,Professional,N,professional: wife of George Napier,44.0,1745.0,40-49,London,N,Private: Classical,http://www.oxforddnb.com/view/article/48897,SUFOXSTRANGWAYS,Susan,Fox-Strangways,F,P,P,professional: wife of William O'Brien,,Close Friend,close friends; relatives by marriage (Susan was Sarah's brother-in-law's niece),A,1789,N,N,N,,,1713,"The Life and Letters of Lady Sarah Lennox, 1745-1826. Ed. by the countess of Ilchester and Lord Stavordale. 2 vols. London: John Murray, Albemarle Street. 1902.","II, 67",1780,1800,SLENNOX,LENNOX_062,1789
LENNOX_063,Lennox,1780-1800,SLENNOX,Sarah,Lennox,F,Professional,N,professional: wife of George Napier,44.0,1745.0,40-49,London,N,Private: Classical,http://www.oxforddnb.com/view/article/48897,SUFOXSTRANGWAYS,Susan,Fox-Strangways,F,P,P,professional: wife of William O'Brien,,Close Friend,close friends; relatives by marriage (Susan was Sarah's brother-in-law's niece),A,1789,N,N,N,,,317,"The Life and Letters of Lady Sarah Lennox, 1745-1826. Ed. by the countess of Ilchester and Lord Stavordale. 2 vols. London: John Murray, Albemarle Street. 1902.","II, 73",1780,1800,SLENNOX,LENNOX_063,1789
LENNOX_064,Lennox,1780-1800,SLENNOX,Sarah,Lennox,F,Professional,N,professional: wife of George Napier,45.0,1745.0,40-49,London,N,Private: Classical,http://www.oxforddnb.com/view/article/48897,SUFOXSTRANGWAYS,Susan,Fox-Strangways,F,P,P,professional: wife of William O'Brien,,Close Friend,close friends; relatives by marriage (Susan was Sarah's brother-in-law's niece),A,1790,N,N,N,,,818,"The Life and Letters of Lady Sarah Lennox, 1745-1826. Ed. by the countess of Ilchester and Lord Stavordale. 2 vols. London: John Murray, Albemarle Street. 1902.","II, 74",1780,1800,SLENNOX,LENNOX_064,1790
LENNOX_065,Lennox,1780-1800,SLENNOX,Sarah,Lennox,F,Professional,N,professional: wife of George Napier,45.0,1745.0,40-49,London,N,Private: Classical,http://www.oxforddnb.com/view/article/48897,SUFOXSTRANGWAYS,Susan,Fox-Strangways,F,P,P,professional: wife of William O'Brien,,Close Friend,close friends; relatives by marriage (Susan was Sarah's brother-in-law's niece),A,1790,N,N,N,,,950,"The Life and Letters of Lady Sarah Lennox, 1745-1826. Ed. by the countess of Ilchester and Lord Stavordale. 2 vols. London: John Murray, Albemarle Street. 1902.","II, 77",1780,1800,SLENNOX,LENNOX_065,1790
LENNOX_066,Lennox,1780-1800,SLENNOX,Sarah,Lennox,F,Professional,N,professional: wife of George Napier,47.0,1745.0,40-49,London,N,Private: Classical,http://www.oxforddnb.com/view/article/48897,SUFOXSTRANGWAYS,Susan,Fox-Strangways,F,P,P,professional: wife of William O'Brien,,Close Friend,close friends; relatives by marriage (Susan was Sarah's brother-in-law's niece),A,1792,N,N,N,,,489,"The Life and Letters of Lady Sarah Lennox, 1745-1826. Ed. by the countess of Ilchester and Lord Stavordale. 2 vols. London: John Murray, Albemarle Street. 1902.","II, 80",1780,1800,SLENNOX,LENNOX_066,1792
LENNOX_067,Lennox,1780-1800,SLENNOX,Sarah,Lennox,F,Professional,N,professional: wife of George Napier,47.0,1745.0,40-49,London,N,Private: Classical,http://www.oxforddnb.com/view/article/48897,SUFOXSTRANGWAYS,Susan,Fox-Strangways,F,P,P,professional: wife of William O'Brien,,Close Friend,close friends; relatives by marriage (Susan was Sarah's brother-in-law's niece),A,1792,N,N,N,,,398,"The Life and Letters of Lady Sarah Lennox, 1745-1826. Ed. by the countess of Ilchester and Lord Stavordale. 2 vols. London: John Murray, Albemarle Street. 1902.","II, 82",1780,1800,SLENNOX,LENNOX_067,1792
LENNOX_068,Lennox,1780-1800,SLENNOX,Sarah,Lennox,F,Professional,N,professional: wife of George Napier,47.0,1745.0,40-49,London,N,Private: Classical,http://www.oxforddnb.com/view/article/48897,SUFOXSTRANGWAYS,Susan,Fox-Strangways,F,P,P,professional: wife of William O'Brien,,Close Friend,close friends; relatives by marriage (Susan was Sarah's brother-in-law's niece),A,1792,N,N,N,,,702,"The Life and Letters of Lady Sarah Lennox, 1745-1826. Ed. by the countess of Ilchester and Lord Stavordale. 2 vols. London: John Murray, Albemarle Street. 1902.","II, 83",1780,1800,SLENNOX,LENNOX_068,1792
LENNOX_069,Lennox,1780-1800,SLENNOX,Sarah,Lennox,F,Professional,N,professional: wife of George Napier,47.0,1745.0,40-49,London,N,Private: Classical,http://www.oxforddnb.com/view/article/48897,SUFOXSTRANGWAYS,Susan,Fox-Strangways,F,P,P,professional: wife of William O'Brien,,Close Friend,close friends; relatives by marriage (Susan was Sarah's brother-in-law's niece),A,1792,N,N,N,,,493,"The Life and Letters of Lady Sarah Lennox, 1745-1826. Ed. by the countess of Ilchester and Lord Stavordale. 2 vols. London: John Murray, Albemarle Street. 1902.","II, 86",1780,1800,SLENNOX,LENNOX_069,1792
LENNOX_070,Lennox,1780-1800,SLENNOX,Sarah,Lennox,F,Professional,N,professional: wife of George Napier,48.0,1745.0,40-49,London,N,Private: Classical,http://www.oxforddnb.com/view/article/48897,SUFOXSTRANGWAYS,Susan,Fox-Strangways,F,P,P,professional: wife of William O'Brien,,Close Friend,close friends; relatives by marriage (Susan was Sarah's brother-in-law's niece),A,1793,N,N,N,,,570,"The Life and Letters of Lady Sarah Lennox, 1745-1826. Ed. by the countess of Ilchester and Lord Stavordale. 2 vols. London: John Murray, Albemarle Street. 1902.","II, 87",1780,1800,SLENNOX,LENNOX_070,1793
LENNOX_071,Lennox,1780-1800,SLENNOX,Sarah,Lennox,F,Professional,N,professional: wife of George Napier,48.0,1745.0,40-49,London,N,Private: Classical,http://www.oxforddnb.com/view/article/48897,SUFOXSTRANGWAYS,Susan,Fox-Strangways,F,P,P,professional: wife of William O'Brien,,Close Friend,close friends; relatives by marriage (Susan was Sarah's brother-in-law's niece),A,1793,N,N,N,,,759,"The Life and Letters of Lady Sarah Lennox, 1745-1826. Ed. by the countess of Ilchester and Lord Stavordale. 2 vols. London: John Murray, Albemarle Street. 1902.","II, 90",1780,1800,SLENNOX,LENNOX_071,1793
LENNOX_072,Lennox,1780-1800,SLENNOX,Sarah,Lennox,F,Professional,N,professional: wife of George Napier,48.0,1745.0,40-49,London,N,Private: Classical,http://www.oxforddnb.com/view/article/48897,SUFOXSTRANGWAYS,Susan,Fox-Strangways,F,P,P,professional: wife of William O'Brien,,Close Friend,close friends; relatives by marriage (Susan was Sarah's brother-in-law's niece),A,1793,N,N,N,,,920,"The Life and Letters of Lady Sarah Lennox, 1745-1826. Ed. by the countess of Ilchester and Lord Stavordale. 2 vols. London: John Murray, Albemarle Street. 1902.","II, 92",1780,1800,SLENNOX,LENNOX_072,1793
LENNOX_073,Lennox,1780-1800,SLENNOX,Sarah,Lennox,F,Professional,N,professional: wife of George Napier,49.0,1745.0,40-49,London,N,Private: Classical,http://www.oxforddnb.com/view/article/48897,SUFOXSTRANGWAYS,Susan,Fox-Strangways,F,P,P,professional: wife of William O'Brien,,Close Friend,close friends; relatives by marriage (Susan was Sarah's brother-in-law's niece),A,1794,N,N,N,,,250,"The Life and Letters of Lady Sarah Lennox, 1745-1826. Ed. by the countess of Ilchester and Lord Stavordale. 2 vols. London: John Murray, Albemarle Street. 1902.","II, 96",1780,1800,SLENNOX,LENNOX_073,1794
LENNOX_074,Lennox,1780-1800,SLENNOX,Sarah,Lennox,F,Professional,N,professional: wife of George Napier,49.0,1745.0,40-49,London,N,Private: Classical,http://www.oxforddnb.com/view/article/48897,SUFOXSTRANGWAYS,Susan,Fox-Strangways,F,P,P,professional: wife of William O'Brien,,Close Friend,close friends; relatives by marriage (Susan was Sarah's brother-in-law's niece),A,1794,N,N,N,,,930,"The Life and Letters of Lady Sarah Lennox, 1745-1826. Ed. by the countess of Ilchester and Lord Stavordale. 2 vols. London: John Murray, Albemarle Street. 1902.","II, 97",1780,1800,SLENNOX,LENNOX_074,1794
LENNOX_075,Lennox,1780-1800,SLENNOX,Sarah,Lennox,F,Professional,N,professional: wife of George Napier,49.0,1745.0,40-49,London,N,Private: Classical,http://www.oxforddnb.com/view/article/48897,SUFOXSTRANGWAYS,Susan,Fox-Strangways,F,P,P,professional: wife of William O'Brien,,Close Friend,close friends; relatives by marriage (Susan was Sarah's brother-in-law's niece),A,1794,N,N,N,,,394,"The Life and Letters of Lady Sarah Lennox, 1745-1826. Ed. by the countess of Ilchester and Lord Stavordale. 2 vols. London: John Murray, Albemarle Street. 1902.","II, 102",1780,1800,SLENNOX,LENNOX_075,1794
LENNOX_076,Lennox,1780-1800,SLENNOX,Sarah,Lennox,F,Professional,N,professional: wife of George Napier,49.0,1745.0,40-49,London,N,Private: Classical,http://www.oxforddnb.com/view/article/48897,SUFOXSTRANGWAYS,Susan,Fox-Strangways,F,P,P,professional: wife of William O'Brien,,Close Friend,close friends; relatives by marriage (Susan was Sarah's brother-in-law's niece),A,1794,N,N,N,,,529,"The Life and Letters of Lady Sarah Lennox, 1745-1826. Ed. by the countess of Ilchester and Lord Stavordale. 2 vols. London: John Murray, Albemarle Street. 1902.","II, 109",1780,1800,SLENNOX,LENNOX_076,1794
LENNOX_077,Lennox,1780-1800,SLENNOX,Sarah,Lennox,F,Professional,N,professional: wife of George Napier,49.0,1745.0,40-49,London,N,Private: Classical,http://www.oxforddnb.com/view/article/48897,SUFOXSTRANGWAYS,Susan,Fox-Strangways,F,P,P,professional: wife of William O'Brien,,Close Friend,close friends; relatives by marriage (Susan was Sarah's brother-in-law's niece),A,1794,N,N,N,unsigned,,1095,"The Life and Letters of Lady Sarah Lennox, 1745-1826. Ed. by the countess of Ilchester and Lord Stavordale. 2 vols. London: John Murray, Albemarle Street. 1902.","II, 113",1780,1800,SLENNOX,LENNOX_077,1794
LENNOX_078,Lennox,1780-1800,SLENNOX,Sarah,Lennox,F,Professional,N,professional: wife of George Napier,49.0,1745.0,40-49,London,N,Private: Classical,http://www.oxforddnb.com/view/article/48897,SUFOXSTRANGWAYS,Susan,Fox-Strangways,F,P,P,professional: wife of William O'Brien,,Close Friend,close friends; relatives by marriage (Susan was Sarah's brother-in-law's niece),A,1794,N,N,N,,,739,"The Life and Letters of Lady Sarah Lennox, 1745-1826. Ed. by the countess of Ilchester and Lord Stavordale. 2 vols. London: John Murray, Albemarle Street. 1902.","II, 117",1780,1800,SLENNOX,LENNOX_078,1794
LENNOX_079,Lennox,1780-1800,SLENNOX,Sarah,Lennox,F,Professional,N,professional: wife of George Napier,49.0,1745.0,40-49,London,N,Private: Classical,http://www.oxforddnb.com/view/article/48897,SUFOXSTRANGWAYS,Susan,Fox-Strangways,F,P,P,professional: wife of William O'Brien,,Close Friend,close friends; relatives by marriage (Susan was Sarah's brother-in-law's niece),A,1794,N,N,N,,,448,"The Life and Letters of Lady Sarah Lennox, 1745-1826. Ed. by the countess of Ilchester and Lord Stavordale. 2 vols. London: John Murray, Albemarle Street. 1902.","II, 120",1780,1800,SLENNOX,LENNOX_079,1794
LENNOX_080,Lennox,1780-1800,SLENNOX,Sarah,Lennox,F,Professional,N,professional: wife of George Napier,50.0,1745.0,50-59,London,N,Private: Classical,http://www.oxforddnb.com/view/article/48897,SUFOXSTRANGWAYS,Susan,Fox-Strangways,F,P,P,professional: wife of William O'Brien,,Close Friend,close friends; relatives by marriage (Susan was Sarah's brother-in-law's niece),A,1795,N,N,N,,,1014,"The Life and Letters of Lady Sarah Lennox, 1745-1826. Ed. by the countess of Ilchester and Lord Stavordale. 2 vols. London: John Murray, Albemarle Street. 1902.","II, 121",1780,1800,SLENNOX,LENNOX_080,1795
LENNOX_081,Lennox,1780-1800,SLENNOX,Sarah,Lennox,F,Professional,N,professional: wife of George Napier,51.0,1745.0,50-59,London,N,Private: Classical,http://www.oxforddnb.com/view/article/48897,SUFOXSTRANGWAYS,Susan,Fox-Strangways,F,P,P,professional: wife of William O'Brien,,Close Friend,close friends; relatives by marriage (Susan was Sarah's brother-in-law's niece),A,1796,N,N,N,,,1384,"The Life and Letters of Lady Sarah Lennox, 1745-1826. Ed. by the countess of Ilchester and Lord Stavordale. 2 vols. London: John Murray, Albemarle Street. 1902.","II, 125",1780,1800,SLENNOX,LENNOX_081,1796
LENNOX_082,Lennox,1780-1800,SLENNOX,Sarah,Lennox,F,Professional,N,professional: wife of George Napier,52.0,1745.0,50-59,London,N,Private: Classical,http://www.oxforddnb.com/view/article/48897,SUFOXSTRANGWAYS,Susan,Fox-Strangways,F,P,P,professional: wife of William O'Brien,,Close Friend,close friends; relatives by marriage (Susan was Sarah's brother-in-law's niece),A,1797,N,N,N,,,747,"The Life and Letters of Lady Sarah Lennox, 1745-1826. Ed. by the countess of Ilchester and Lord Stavordale. 2 vols. London: John Murray, Albemarle Street. 1902.","II, 129",1780,1800,SLENNOX,LENNOX_082,1797
LENNOX_083,Lennox,1780-1800,SLENNOX,Sarah,Lennox,F,Professional,N,professional: wife of George Napier,53.0,1745.0,50-59,London,N,Private: Classical,http://www.oxforddnb.com/view/article/48897,SUFOXSTRANGWAYS,Susan,Fox-Strangways,F,P,P,professional: wife of William O'Brien,,Close Friend,close friends; relatives by marriage (Susan was Sarah's brother-in-law's niece),A,1798,N,N,N,,,851,"The Life and Letters of Lady Sarah Lennox, 1745-1826. Ed. by the countess of Ilchester and Lord Stavordale. 2 vols. London: John Murray, Albemarle Street. 1902.","II, 132",1780,1800,SLENNOX,LENNOX_083,1798
LENNOX_084,Lennox,1780-1800,SLENNOX,Sarah,Lennox,F,Professional,N,professional: wife of George Napier,54.0,1745.0,50-59,London,N,Private: Classical,http://www.oxforddnb.com/view/article/48897,SUFOXSTRANGWAYS,Susan,Fox-Strangways,F,P,P,professional: wife of William O'Brien,,Close Friend,close friends; relatives by marriage (Susan was Sarah's brother-in-law's niece),A,1799,N,N,N,,,2127,"The Life and Letters of Lady Sarah Lennox, 1745-1826. Ed. by the countess of Ilchester and Lord Stavordale. 2 vols. London: John Murray, Albemarle Street. 1902.","II, 135",1780,1800,SLENNOX,LENNOX_084,1799
LENNOX_085,Lennox,1780-1800,SLENNOX,Sarah,Lennox,F,Professional,N,professional: wife of George Napier,55.0,1745.0,50-59,London,N,Private: Classical,http://www.oxforddnb.com/view/article/48897,SUFOXSTRANGWAYS,Susan,Fox-Strangways,F,P,P,professional: wife of William O'Brien,,Close Friend,close friends; relatives by marriage (Susan was Sarah's brother-in-law's niece),A,1800,N,N,N,,,482,"The Life and Letters of Lady Sarah Lennox, 1745-1826. Ed. by the countess of Ilchester and Lord Stavordale. 2 vols. London: John Murray, Albemarle Street. 1902.","II, 149",1780,1800,SLENNOX,LENNOX_085,1800
PRIDEA2_001,Prideaux 2,1680-1699,HPRIDEAU,HUMPHREY,PRIDEAUX,M,Clergy Lower,CU,"clergy lower; Prebendary of Norwich, scholar",33.0,1648.0,30-39,Other,U,Higher: Oxbridge,http://www.oxforddnb.com/view/article/22784,JELLIS,John,Ellis,M,P,P,?,http://www.oxforddnb.com/view/article/8702,Close Friend,?,A,1681,N,N,N,,,565,Letters of Humphrey Prideaux Sometime Dean of Norwich to John Ellis Sometime Under-Secretary of State 1674-1722. Ed. by Edward Maunde Thompson. Camden Society New Series XV. 1875.,90-92,1680,1699,HPRIDEAU,PRIDEA2_001,1681
PRIDEA2_002,Prideaux 2,1680-1699,HPRIDEAU,HUMPHREY,PRIDEAUX,M,Clergy Lower,CU,"clergy lower; Prebendary of Norwich, scholar",33.0,1648.0,30-39,Other,U,Higher: Oxbridge,http://www.oxforddnb.com/view/article/22784,JELLIS,John,Ellis,M,P,P,?,http://www.oxforddnb.com/view/article/8702,Close Friend,?,A,1681,N,N,N,,,663,Letters of Humphrey Prideaux Sometime Dean of Norwich to John Ellis Sometime Under-Secretary of State 1674-1722. Ed. by Edward Maunde Thompson. Camden Society New Series XV. 1875.,95-97,1680,1699,HPRIDEAU,PRIDEA2_002,1681
PRIDEA2_003,Prideaux 2,1680-1699,HPRIDEAU,HUMPHREY,PRIDEAUX,M,Clergy Lower,CU,"clergy lower; Prebendary of Norwich, scholar",33.0,1648.0,30-39,Other,U,Higher: Oxbridge,http://www.oxforddnb.com/view/article/22784,JELLIS,John,Ellis,M,P,P,?,http://www.oxforddnb.com/view/article/8702,Close Friend,?,A,1681,N,N,N,,,467,Letters of Humphrey Prideaux Sometime Dean of Norwich to John Ellis Sometime Under-Secretary of State 1674-1722. Ed. by Edward Maunde Thompson. Camden Society New Series XV. 1875.,100-101,1680,1699,HPRIDEAU,PRIDEA2_003,1681
PRIDEA2_004,Prideaux 2,1680-1699,HPRIDEAU,HUMPHREY,PRIDEAUX,M,Clergy Lower,CU,"clergy lower; Prebendary of Norwich, scholar",33.0,1648.0,30-39,Other,U,Higher: Oxbridge,http://www.oxforddnb.com/view/article/22784,JELLIS,John,Ellis,M,P,P,?,http://www.oxforddnb.com/view/article/8702,Close Friend,?,A,1681,N,N,N,,,667,Letters of Humphrey Prideaux Sometime Dean of Norwich to John Ellis Sometime Under-Secretary of State 1674-1722. Ed. by Edward Maunde Thompson. Camden Society New Series XV. 1875.,109-111,1680,1699,HPRIDEAU,PRIDEA2_004,1681
PRIDEA2_005,Prideaux 2,1680-1699,HPRIDEAU,HUMPHREY,PRIDEAUX,M,Clergy Lower,CU,"clergy lower; Prebendary of Norwich, scholar",34.0,1648.0,30-39,Other,U,Higher: Oxbridge,http://www.oxforddnb.com/view/article/22784,JELLIS,John,Ellis,M,P,P,?,http://www.oxforddnb.com/view/article/8702,Close Friend,?,A,1682,N,N,N,,,390,Letters of Humphrey Prideaux Sometime Dean of Norwich to John Ellis Sometime Under-Secretary of State 1674-1722. Ed. by Edward Maunde Thompson. Camden Society New Series XV. 1875.,125-126,1680,1699,HPRIDEAU,PRIDEA2_005,1682
PRIDEA2_006,Prideaux 2,1680-1699,HPRIDEAU,HUMPHREY,PRIDEAUX,M,Clergy Lower,CU,"clergy lower; Prebendary of Norwich, scholar",34.0,1648.0,30-39,Other,U,Higher: Oxbridge,http://www.oxforddnb.com/view/article/22784,JELLIS,John,Ellis,M,P,P,?,http://www.oxforddnb.com/view/article/8702,Close Friend,?,A,1682,N,N,N,,,838,Letters of Humphrey Prideaux Sometime Dean of Norwich to John Ellis Sometime Under-Secretary of State 1674-1722. Ed. by Edward Maunde Thompson. Camden Society New Series XV. 1875.,126-128,1680,1699,HPRIDEAU,PRIDEA2_006,1682
PRIDEA2_007,Prideaux 2,1680-1699,HPRIDEAU,HUMPHREY,PRIDEAUX,M,Clergy Lower,CU,"clergy lower; Prebendary of Norwich, scholar",36.0,1648.0,30-39,Other,U,Higher: Oxbridge,http://www.oxforddnb.com/view/article/22784,JELLIS,John,Ellis,M,P,P,?,http://www.oxforddnb.com/view/article/8702,Close Friend,?,A,1684,N,N,N,,,783,Letters of Humphrey Prideaux Sometime Dean of Norwich to John Ellis Sometime Under-Secretary of State 1674-1722. Ed. by Edward Maunde Thompson. Camden Society New Series XV. 1875.,136-138,1680,1699,HPRIDEAU,PRIDEA2_007,1684
PRIDEA2_008,Prideaux 2,1680-1699,HPRIDEAU,HUMPHREY,PRIDEAUX,M,Clergy Lower,CU,"clergy lower; Prebendary of Norwich, scholar",37.0,1648.0,30-39,Other,U,Higher: Oxbridge,http://www.oxforddnb.com/view/article/22784,JELLIS,John,Ellis,M,P,P,?,http://www.oxforddnb.com/view/article/8702,Close Friend,?,A,1685,N,N,N,,,528,Letters of Humphrey Prideaux Sometime Dean of Norwich to John Ellis Sometime Under-Secretary of State 1674-1722. Ed. by Edward Maunde Thompson. Camden Society New Series XV. 1875.,142-144,1680,1699,HPRIDEAU,PRIDEA2_008,1685
PRIDEA2_009,Prideaux 2,1680-1699,HPRIDEAU,HUMPHREY,PRIDEAUX,M,Clergy Lower,CU,"clergy lower; Prebendary of Norwich, scholar",38.0,1648.0,30-39,Other,U,Higher: Oxbridge,http://www.oxforddnb.com/view/article/22784,JELLIS,John,Ellis,M,P,P,?,http://www.oxforddnb.com/view/article/8702,Close Friend,?,A,1686,N,N,N,,,232,Letters of Humphrey Prideaux Sometime Dean of Norwich to John Ellis Sometime Under-Secretary of State 1674-1722. Ed. by Edward Maunde Thompson. Camden Society New Series XV. 1875.,146,1680,1699,HPRIDEAU,PRIDEA2_009,1686
PRIDEA2_010,Prideaux 2,1680-1699,HPRIDEAU,HUMPHREY,PRIDEAUX,M,Clergy Lower,CU,"clergy lower; Prebendary of Norwich, scholar",40.0,1648.0,40-49,Other,U,Higher: Oxbridge,http://www.oxforddnb.com/view/article/22784,JELLIS,John,Ellis,M,P,P,?,http://www.oxforddnb.com/view/article/8702,Close Friend,?,A,1688,N,N,N,,,415,Letters of Humphrey Prideaux Sometime Dean of Norwich to John Ellis Sometime Under-Secretary of State 1674-1722. Ed. by Edward Maunde Thompson. Camden Society New Series XV. 1875.,147-148,1680,1699,HPRIDEAU,PRIDEA2_010,1688
PRIDEA2_011,Prideaux 2,1680-1699,HPRIDEAU,HUMPHREY,PRIDEAUX,M,Clergy Lower,CU,"clergy lower; Prebendary of Norwich, scholar",43.0,1648.0,40-49,Other,U,Higher: Oxbridge,http://www.oxforddnb.com/view/article/22784,JELLIS,John,Ellis,M,P,P,?,http://www.oxforddnb.com/view/article/8702,Close Friend,?,A,1691,N,N,N,,,365,Letters of Humphrey Prideaux Sometime Dean of Norwich to John Ellis Sometime Under-Secretary of State 1674-1722. Ed. by Edward Maunde Thompson. Camden Society New Series XV. 1875.,148-149,1680,1699,HPRIDEAU,PRIDEA2_011,1691
PRIDEA2_012,Prideaux 2,1680-1699,HPRIDEAU,HUMPHREY,PRIDEAUX,M,Clergy Lower,CU,"clergy lower; Prebendary of Norwich, scholar",43.0,1648.0,40-49,Other,U,Higher: Oxbridge,http://www.oxforddnb.com/view/article/22784,JELLIS,John,Ellis,M,P,P,?,http://www.oxforddnb.com/view/article/8702,Close Friend,?,A,1691,N,N,N,,,285,Letters of Humphrey Prideaux Sometime Dean of Norwich to John Ellis Sometime Under-Secretary of State 1674-1722. Ed. by Edward Maunde Thompson. Camden Society New Series XV. 1875.,150-151,1680,1699,HPRIDEAU,PRIDEA2_012,1691
PRIDEA2_013,Prideaux 2,1680-1699,HPRIDEAU,HUMPHREY,PRIDEAUX,M,Clergy Lower,CU,"clergy lower; Prebendary of Norwich, scholar",44.0,1648.0,40-49,Other,U,Higher: Oxbridge,http://www.oxforddnb.com/view/article/22784,JELLIS,John,Ellis,M,P,P,?,http://www.oxforddnb.com/view/article/8702,Close Friend,?,A,1692,N,N,N,,,548,Letters of Humphrey Prideaux Sometime Dean of Norwich to John Ellis Sometime Under-Secretary of State 1674-1722. Ed. by Edward Maunde Thompson. Camden Society New Series XV. 1875.,151-152,1680,1699,HPRIDEAU,PRIDEA2_013,1692
PRIDEA2_014,Prideaux 2,1680-1699,HPRIDEAU,HUMPHREY,PRIDEAUX,M,Clergy Lower,CU,"clergy lower; Prebendary of Norwich, scholar",44.0,1648.0,40-49,Other,U,Higher: Oxbridge,http://www.oxforddnb.com/view/article/22784,JELLIS,John,Ellis,M,P,P,?,http://www.oxforddnb.com/view/article/8702,Close Friend,?,A,1692,N,N,N,,,546,Letters of Humphrey Prideaux Sometime Dean of Norwich to John Ellis Sometime Under-Secretary of State 1674-1722. Ed. by Edward Maunde Thompson. Camden Society New Series XV. 1875.,152-154,1680,1699,HPRIDEAU,PRIDEA2_014,1692
PRIDEA2_015,Prideaux 2,1680-1699,HPRIDEAU,HUMPHREY,PRIDEAUX,M,Clergy Lower,CU,"clergy lower; Prebendary of Norwich, scholar",45.0,1648.0,40-49,Other,U,Higher: Oxbridge,http://www.oxforddnb.com/view/article/22784,JELLIS,John,Ellis,M,P,P,?,http://www.oxforddnb.com/view/article/8702,Close Friend,?,A,1693,N,N,N,,,519,Letters of Humphrey Prideaux Sometime Dean of Norwich to John Ellis Sometime Under-Secretary of State 1674-1722. Ed. by Edward Maunde Thompson. Camden Society New Series XV. 1875.,156-157,1680,1699,HPRIDEAU,PRIDEA2_015,1693
PRIDEA2_016,Prideaux 2,1680-1699,HPRIDEAU,HUMPHREY,PRIDEAUX,M,Clergy Lower,CU,"clergy lower; Prebendary of Norwich, scholar",45.0,1648.0,40-49,Other,U,Higher: Oxbridge,http://www.oxforddnb.com/view/article/22784,JELLIS,John,Ellis,M,P,P,?,http://www.oxforddnb.com/view/article/8702,Close Friend,?,A,1693,N,N,N,,,820,Letters of Humphrey Prideaux Sometime Dean of Norwich to John Ellis Sometime Under-Secretary of State 1674-1722. Ed. by Edward Maunde Thompson. Camden Society New Series XV. 1875.,160-163,1680,1699,HPRIDEAU,PRIDEA2_016,1693
PRIDEA2_017,Prideaux 2,1680-1699,HPRIDEAU,HUMPHREY,PRIDEAUX,M,Clergy Lower,CU,"clergy lower; Prebendary of Norwich, scholar",48.0,1648.0,40-49,Other,U,Higher: Oxbridge,http://www.oxforddnb.com/view/article/22784,JELLIS,John,Ellis,M,P,P,?,http://www.oxforddnb.com/view/article/8702,Close Friend,?,A,1696,N,N,N,,,498,Letters of Humphrey Prideaux Sometime Dean of Norwich to John Ellis Sometime Under-Secretary of State 1674-1722. Ed. by Edward Maunde Thompson. Camden Society New Series XV. 1875.,169-170,1680,1699,HPRIDEAU,PRIDEA2_017,1696
PRIDEA2_018,Prideaux 2,1680-1699,HPRIDEAU,HUMPHREY,PRIDEAUX,M,Clergy Lower,CU,"clergy lower; Prebendary of Norwich, scholar",48.0,1648.0,40-49,Other,U,Higher: Oxbridge,http://www.oxforddnb.com/view/article/22784,JELLIS,John,Ellis,M,P,P,?,http://www.oxforddnb.com/view/article/8702,Close Friend,?,A,1696,N,N,N,,,288,Letters of Humphrey Prideaux Sometime Dean of Norwich to John Ellis Sometime Under-Secretary of State 1674-1722. Ed. by Edward Maunde Thompson. Camden Society New Series XV. 1875.,170-171,1680,1699,HPRIDEAU,PRIDEA2_018,1696
PRIDEA2_019,Prideaux 2,1680-1699,HPRIDEAU,HUMPHREY,PRIDEAUX,M,Clergy Lower,CU,"clergy lower; Prebendary of Norwich, scholar",48.0,1648.0,40-49,Other,U,Higher: Oxbridge,http://www.oxforddnb.com/view/article/22784,JELLIS,John,Ellis,M,P,P,?,http://www.oxforddnb.com/view/article/8702,Close Friend,?,A,1696,N,N,N,,,475,Letters of Humphrey Prideaux Sometime Dean of Norwich to John Ellis Sometime Under-Secretary of State 1674-1722. Ed. by Edward Maunde Thompson. Camden Society New Series XV. 1875.,171-172,1680,1699,HPRIDEAU,PRIDEA2_019,1696
PRIDEA2_020,Prideaux 2,1680-1699,HPRIDEAU,HUMPHREY,PRIDEAUX,M,Clergy Lower,CU,"clergy lower; Prebendary of Norwich, scholar",48.0,1648.0,40-49,Other,U,Higher: Oxbridge,http://www.oxforddnb.com/view/article/22784,JELLIS,John,Ellis,M,P,P,?,http://www.oxforddnb.com/view/article/8702,Close Friend,?,A,1696,N,N,N,,,227,Letters of Humphrey Prideaux Sometime Dean of Norwich to John Ellis Sometime Under-Secretary of State 1674-1722. Ed. by Edward Maunde Thompson. Camden Society New Series XV. 1875.,175-176,1680,1699,HPRIDEAU,PRIDEA2_020,1696
PRIDEA2_021,Prideaux 2,1680-1699,HPRIDEAU,HUMPHREY,PRIDEAUX,M,Clergy Lower,CU,"clergy lower; Prebendary of Norwich, scholar",48.0,1648.0,40-49,Other,U,Higher: Oxbridge,http://www.oxforddnb.com/view/article/22784,JELLIS,John,Ellis,M,P,P,?,http://www.oxforddnb.com/view/article/8702,Close Friend,?,A,1696,N,N,N,,,409,Letters of Humphrey Prideaux Sometime Dean of Norwich to John Ellis Sometime Under-Secretary of State 1674-1722. Ed. by Edward Maunde Thompson. Camden Society New Series XV. 1875.,181-182,1680,1699,HPRIDEAU,PRIDEA2_021,1696
PRIDEA2_022,Prideaux 2,1680-1699,HPRIDEAU,HUMPHREY,PRIDEAUX,M,Clergy Lower,CU,"clergy lower; Prebendary of Norwich, scholar",48.0,1648.0,40-49,Other,U,Higher: Oxbridge,http://www.oxforddnb.com/view/article/22784,JELLIS,John,Ellis,M,P,P,?,http://www.oxforddnb.com/view/article/8702,Close Friend,?,A,1696,N,N,N,,,652,Letters of Humphrey Prideaux Sometime Dean of Norwich to John Ellis Sometime Under-Secretary of State 1674-1722. Ed. by Edward Maunde Thompson. Camden Society New Series XV. 1875.,182-184,1680,1699,HPRIDEAU,PRIDEA2_022,1696
PRIDEA2_023,Prideaux 2,1680-1699,HPRIDEAU,HUMPHREY,PRIDEAUX,M,Clergy Lower,CU,"clergy lower; Prebendary of Norwich, scholar",49.0,1648.0,40-49,Other,U,Higher: Oxbridge,http://www.oxforddnb.com/view/article/22784,JELLIS,John,Ellis,M,P,P,?,http://www.oxforddnb.com/view/article/8702,Close Friend,?,A,1697,N,N,N,,,294,Letters of Humphrey Prideaux Sometime Dean of Norwich to John Ellis Sometime Under-Secretary of State 1674-1722. Ed. by Edward Maunde Thompson. Camden Society New Series XV. 1875.,186-187,1680,1699,HPRIDEAU,PRIDEA2_023,1697
PRIDEA2_024,Prideaux 2,1680-1699,HPRIDEAU,HUMPHREY,PRIDEAUX,M,Clergy Lower,CU,"clergy lower; Prebendary of Norwich, scholar",49.0,1648.0,40-49,Other,U,Higher: Oxbridge,http://www.oxforddnb.com/view/article/22784,JELLIS,John,Ellis,M,P,P,?,http://www.oxforddnb.com/view/article/8702,Close Friend,?,A,1697,N,N,N,,,176,Letters of Humphrey Prideaux Sometime Dean of Norwich to John Ellis Sometime Under-Secretary of State 1674-1722. Ed. by Edward Maunde Thompson. Camden Society New Series XV. 1875.,187-188,1680,1699,HPRIDEAU,PRIDEA2_024,1697
PRIDEA2_025,Prideaux 2,1680-1699,HPRIDEAU,HUMPHREY,PRIDEAUX,M,Clergy Lower,CU,"clergy lower; Prebendary of Norwich, scholar",49.0,1648.0,40-49,Other,U,Higher: Oxbridge,http://www.oxforddnb.com/view/article/22784,JELLIS,John,Ellis,M,P,P,?,http://www.oxforddnb.com/view/article/8702,Close Friend,?,A,1697,N,N,N,,,372,Letters of Humphrey Prideaux Sometime Dean of Norwich to John Ellis Sometime Under-Secretary of State 1674-1722. Ed. by Edward Maunde Thompson. Camden Society New Series XV. 1875.,188-189,1680,1699,HPRIDEAU,PRIDEA2_025,1697
PRIDEA2_026,Prideaux 2,1680-1699,HPRIDEAU,HUMPHREY,PRIDEAUX,M,Clergy Lower,CU,"clergy lower; Prebendary of Norwich, scholar",50.0,1648.0,50-59,Other,U,Higher: Oxbridge,http://www.oxforddnb.com/view/article/22784,JELLIS,John,Ellis,M,P,P,?,http://www.oxforddnb.com/view/article/8702,Close Friend,?,A,1698,N,N,N,,,340,Letters of Humphrey Prideaux Sometime Dean of Norwich to John Ellis Sometime Under-Secretary of State 1674-1722. Ed. by Edward Maunde Thompson. Camden Society New Series XV. 1875.,191-192,1680,1699,HPRIDEAU,PRIDEA2_026,1698
PRIDEA2_027,Prideaux 2,1700-1719,HPRIDEAU,HUMPHREY,PRIDEAUX,M,Clergy Upper,CU,"clergy upper; Dean of Norwich, scholar",57.0,1648.0,50-59,Other,U,Higher: Oxbridge,http://www.oxforddnb.com/view/article/22784,JELLIS,John,Ellis,M,P,P,?,http://www.oxforddnb.com/view/article/8702,Close Friend,?,A,1705,N,N,N,,,395,Letters of Humphrey Prideaux Sometime Dean of Norwich to John Ellis Sometime Under-Secretary of State 1674-1722. Ed. by Edward Maunde Thompson. Camden Society New Series XV. 1875.,195-196,1700,1719,HPRIDEAU,PRIDEA2_027,1705
PRIDEA2_028,Prideaux 2,1700-1719,HPRIDEAU,HUMPHREY,PRIDEAUX,M,Clergy Upper,CU,"clergy upper; Dean of Norwich, scholar",57.0,1648.0,50-59,Other,U,Higher: Oxbridge,http://www.oxforddnb.com/view/article/22784,JELLIS,John,Ellis,M,P,P,?,http://www.oxforddnb.com/view/article/8702,Close Friend,?,A,1705,N,N,N,,,77,Letters of Humphrey Prideaux Sometime Dean of Norwich to John Ellis Sometime Under-Secretary of State 1674-1722. Ed. by Edward Maunde Thompson. Camden Society New Series XV. 1875.,197,1700,1719,HPRIDEAU,PRIDEA2_028,1705
PRIDEA2_029,Prideaux 2,1700-1719,HPRIDEAU,HUMPHREY,PRIDEAUX,M,Clergy Upper,CU,"clergy upper; Dean of Norwich, scholar",57.0,1648.0,50-59,Other,U,Higher: Oxbridge,http://www.oxforddnb.com/view/article/22784,JELLIS,John,Ellis,M,P,P,?,http://www.oxforddnb.com/view/article/8702,Close Friend,?,A,1705,N,N,N,,,165,Letters of Humphrey Prideaux Sometime Dean of Norwich to John Ellis Sometime Under-Secretary of State 1674-1722. Ed. by Edward Maunde Thompson. Camden Society New Series XV. 1875.,197,1700,1719,HPRIDEAU,PRIDEA2_029,1705
PRIDEA2_030,Prideaux 2,1700-1719,HPRIDEAU,HUMPHREY,PRIDEAUX,M,Clergy Upper,CU,"clergy upper; Dean of Norwich, scholar",59.0,1648.0,50-59,Other,U,Higher: Oxbridge,http://www.oxforddnb.com/view/article/22784,JELLIS,John,Ellis,M,P,P,?,http://www.oxforddnb.com/view/article/8702,Close Friend,?,A,1707,N,N,N,,,188,Letters of Humphrey Prideaux Sometime Dean of Norwich to John Ellis Sometime Under-Secretary of State 1674-1722. Ed. by Edward Maunde Thompson. Camden Society New Series XV. 1875.,198,1700,1719,HPRIDEAU,PRIDEA2_030,1707
PRIDEA2_031,Prideaux 2,1700-1719,HPRIDEAU,HUMPHREY,PRIDEAUX,M,Clergy Upper,CU,"clergy upper; Dean of Norwich, scholar",60.0,1648.0,60-69,Other,U,Higher: Oxbridge,http://www.oxforddnb.com/view/article/22784,JELLIS,John,Ellis,M,P,P,?,http://www.oxforddnb.com/view/article/8702,Close Friend,?,A,1708,N,N,N,,,306,Letters of Humphrey Prideaux Sometime Dean of Norwich to John Ellis Sometime Under-Secretary of State 1674-1722. Ed. by Edward Maunde Thompson. Camden Society New Series XV. 1875.,198-199,1700,1719,HPRIDEAU,PRIDEA2_031,1708
PRIDEA2_032,Prideaux 2,1700-1719,HPRIDEAU,HUMPHREY,PRIDEAUX,M,Clergy Upper,CU,"clergy upper; Dean of Norwich, scholar",60.0,1648.0,60-69,Other,U,Higher: Oxbridge,http://www.oxforddnb.com/view/article/22784,JELLIS,John,Ellis,M,P,P,?,http://www.oxforddnb.com/view/article/8702,Close Friend,?,A,1708,N,N,N,,,418,Letters of Humphrey Prideaux Sometime Dean of Norwich to John Ellis Sometime Under-Secretary of State 1674-1722. Ed. by Edward Maunde Thompson. Camden Society New Series XV. 1875.,199-200,1700,1719,HPRIDEAU,PRIDEA2_032,1708
PRIDEA2_033,Prideaux 2,1700-1719,HPRIDEAU,HUMPHREY,PRIDEAUX,M,Clergy Upper,CU,"clergy upper; Dean of Norwich, scholar",61.0,1648.0,60-69,Other,U,Higher: Oxbridge,http://www.oxforddnb.com/view/article/22784,JELLIS,John,Ellis,M,P,P,?,http://www.oxforddnb.com/view/article/8702,Close Friend,?,A,1709,N,N,N,,,844,Letters of Humphrey Prideaux Sometime Dean of Norwich to John Ellis Sometime Under-Secretary of State 1674-1722. Ed. by Edward Maunde Thompson. Camden Society New Series XV. 1875.,201-203,1700,1719,HPRIDEAU,PRIDEA2_033,1709
PRIDEA2_034,Prideaux 2,1700-1719,HPRIDEAU,HUMPHREY,PRIDEAUX,M,Clergy Upper,CU,"clergy upper; Dean of Norwich, scholar",61.0,1648.0,60-69,Other,U,Higher: Oxbridge,http://www.oxforddnb.com/view/article/22784,JELLIS,John,Ellis,M,P,P,?,http://www.oxforddnb.com/view/article/8702,Close Friend,?,A,1709,N,N,N,,,444,Letters of Humphrey Prideaux Sometime Dean of Norwich to John Ellis Sometime Under-Secretary of State 1674-1722. Ed. by Edward Maunde Thompson. Camden Society New Series XV. 1875.,203-204,1700,1719,HPRIDEAU,PRIDEA2_034,1709
PRIDEA2_035,Prideaux 2,1700-1719,HPRIDEAU,HUMPHREY,PRIDEAUX,M,Clergy Upper,CU,"clergy upper; Dean of Norwich, scholar",62.0,1648.0,60-69,Other,U,Higher: Oxbridge,http://www.oxforddnb.com/view/article/22784,JELLIS,John,Ellis,M,P,P,?,http://www.oxforddnb.com/view/article/8702,Close Friend,?,A,1710,N,N,N,,,323,Letters of Humphrey Prideaux Sometime Dean of Norwich to John Ellis Sometime Under-Secretary of State 1674-1722. Ed. by Edward Maunde Thompson. Camden Society New Series XV. 1875.,205,1700,1719,HPRIDEAU,PRIDEA2_035,1710
PRIDEA2_036,Prideaux 2,1720-1739,HPRIDEAU,HUMPHREY,PRIDEAUX,M,Clergy Upper,CU,"clergy upper; Dean of Norwich, scholar",74.0,1648.0,70-79,Other,U,Higher: Oxbridge,http://www.oxforddnb.com/view/article/22784,JELLIS,John,Ellis,M,P,P,?,http://www.oxforddnb.com/view/article/8702,Close Friend,?,A,1722,N,N,N,,,412,Letters of Humphrey Prideaux Sometime Dean of Norwich to John Ellis Sometime Under-Secretary of State 1674-1722. Ed. by Edward Maunde Thompson. Camden Society New Series XV. 1875.,206-207,1720,1739,HPRIDEAU,PRIDEA2_036,1722
WEDGWOO_001,Wedgwood,1760-1779,J1WEDGWOOD,Josiah Sr,Wedgwood,M,Professional,P,professional: master potter,33.0,1730.0,30-39,Other,N,Apprenticed,http://www.oxforddnb.com/view/article/28966,TBENTLEY,Thomas,Bentley,M,P,P,merchant/professional,http://www.oxforddnb.com/view/article/2175,Close Friend,friends,A,1763,N,N,N,,,270,"Letters of Josiah Wedgwood, 1762 to 1770 (vol. 1); 1771 to 1780 (vol. 2). Ed. by Katherine Euphemia, Lady Farrer. London: privately printed for private circulation. 1903. Reprinted. Manchester: E. J. Morten, for the Trustees of the Wedgwood Museum. 1973.","I, 13",1760,1779,J1WEDGWOOD,WEDGWOO_001,1763
WEDGWOO_002,Wedgwood,1760-1779,J1WEDGWOOD,Josiah Sr,Wedgwood,M,Professional,P,professional: master potter,35.0,1730.0,30-39,Other,N,Apprenticed,http://www.oxforddnb.com/view/article/28966,J3WEDGWOOD,John,Wedgwood,M,P,P,merchant/professional?,,Family: Nuclear,brothers,A,1765,N,N,N,,,582,"Letters of Josiah Wedgwood, 1762 to 1770 (vol. 1); 1771 to 1780 (vol. 2). Ed. by Katherine Euphemia, Lady Farrer. London: privately printed for private circulation. 1903. Reprinted. Manchester: E. J. Morten, for the Trustees of the Wedgwood Museum. 1973.","I, 25",1760,1779,J1WEDGWOOD,WEDGWOO_002,1765
WEDGWOO_003,Wedgwood,1760-1779,J1WEDGWOOD,Josiah Sr,Wedgwood,M,Professional,P,professional: master potter,35.0,1730.0,30-39,Other,N,Apprenticed,http://www.oxforddnb.com/view/article/28966,J3WEDGWOOD,John,Wedgwood,M,P,P,merchant/professional?,,Family: Nuclear,brothers,A,1765,N,N,N,,,356,"Letters of Josiah Wedgwood, 1762 to 1770 (vol. 1); 1771 to 1780 (vol. 2). Ed. by Katherine Euphemia, Lady Farrer. London: privately printed for private circulation. 1903. Reprinted. Manchester: E. J. Morten, for the Trustees of the Wedgwood Museum. 1973.","I, 28",1760,1779,J1WEDGWOOD,WEDGWOO_003,1765
WEDGWOO_004,Wedgwood,1760-1779,J1WEDGWOOD,Josiah Sr,Wedgwood,M,Professional,P,professional: master potter,35.0,1730.0,30-39,Other,N,Apprenticed,http://www.oxforddnb.com/view/article/28966,J3WEDGWOOD,John,Wedgwood,M,P,P,merchant/professional?,,Family: Nuclear,brothers,A,1765,N,N,N,,,434,"Letters of Josiah Wedgwood, 1762 to 1770 (vol. 1); 1771 to 1780 (vol. 2). Ed. by Katherine Euphemia, Lady Farrer. London: privately printed for private circulation. 1903. Reprinted. Manchester: E. J. Morten, for the Trustees of the Wedgwood Museum. 1973.","I, 33",1760,1779,J1WEDGWOOD,WEDGWOO_004,1765
WEDGWOO_005,Wedgwood,1760-1779,J1WEDGWOOD,Josiah Sr,Wedgwood,M,Professional,P,professional: master potter,35.0,1730.0,30-39,Other,N,Apprenticed,http://www.oxforddnb.com/view/article/28966,J3WEDGWOOD,John,Wedgwood,M,P,P,merchant/professional?,,Family: Nuclear,brothers,A,1765,N,N,N,,,662,"Letters of Josiah Wedgwood, 1762 to 1770 (vol. 1); 1771 to 1780 (vol. 2). Ed. by Katherine Euphemia, Lady Farrer. London: privately printed for private circulation. 1903. Reprinted. Manchester: E. J. Morten, for the Trustees of the Wedgwood Museum. 1973.","I, 35",1760,1779,J1WEDGWOOD,WEDGWOO_005,1765
WEDGWOO_008,Wedgwood,1760-1779,J1WEDGWOOD,Josiah Sr,Wedgwood,M,Professional,P,professional: master potter,35.0,1730.0,30-39,Other,N,Apprenticed,http://www.oxforddnb.com/view/article/28966,J3WEDGWOOD,John,Wedgwood,M,P,P,merchant/professional?,,Family: Nuclear,brothers,A,1765,N,N,N,,,548,"Letters of Josiah Wedgwood, 1762 to 1770 (vol. 1); 1771 to 1780 (vol. 2). Ed. by Katherine Euphemia, Lady Farrer. London: privately printed for private circulation. 1903. Reprinted. Manchester: E. J. Morten, for the Trustees of the Wedgwood Museum. 1973.","I, 43",1760,1779,J1WEDGWOOD,WEDGWOO_008,1765
WEDGWOO_009,Wedgwood,1760-1779,J1WEDGWOOD,Josiah Sr,Wedgwood,M,Professional,P,professional: master potter,35.0,1730.0,30-39,Other,N,Apprenticed,http://www.oxforddnb.com/view/article/28966,J3WEDGWOOD,John,Wedgwood,M,P,P,merchant/professional?,,Family: Nuclear,brothers,A,1765,N,N,N,,,490,"Letters of Josiah Wedgwood, 1762 to 1770 (vol. 1); 1771 to 1780 (vol. 2). Ed. by Katherine Euphemia, Lady Farrer. London: privately printed for private circulation. 1903. Reprinted. Manchester: E. J. Morten, for the Trustees of the Wedgwood Museum. 1973.","I, 46",1760,1779,J1WEDGWOOD,WEDGWOO_009,1765
WEDGWOO_010,Wedgwood,1760-1779,J1WEDGWOOD,Josiah Sr,Wedgwood,M,Professional,P,professional: master potter,35.0,1730.0,30-39,Other,N,Apprenticed,http://www.oxforddnb.com/view/article/28966,J3WEDGWOOD,John,Wedgwood,M,P,P,merchant/professional?,,Family: Nuclear,brothers,A,1765,N,N,N,,,455,"Letters of Josiah Wedgwood, 1762 to 1770 (vol. 1); 1771 to 1780 (vol. 2). Ed. by Katherine Euphemia, Lady Farrer. London: privately printed for private circulation. 1903. Reprinted. Manchester: E. J. Morten, for the Trustees of the Wedgwood Museum. 1973.","I, 50",1760,1779,J1WEDGWOOD,WEDGWOO_010,1765
WEDGWOO_011,Wedgwood,1760-1779,J1WEDGWOOD,Josiah Sr,Wedgwood,M,Professional,P,professional: master potter,35.0,1730.0,30-39,Other,N,Apprenticed,http://www.oxforddnb.com/view/article/28966,J3WEDGWOOD,John,Wedgwood,M,P,P,merchant/professional?,,Family: Nuclear,brothers,A,1765,N,N,N,,,201,"Letters of Josiah Wedgwood, 1762 to 1770 (vol. 1); 1771 to 1780 (vol. 2). Ed. by Katherine Euphemia, Lady Farrer. London: privately printed for private circulation. 1903. Reprinted. Manchester: E. J. Morten, for the Trustees of the Wedgwood Museum. 1973.","I, 52",1760,1779,J1WEDGWOOD,WEDGWOO_011,1765
WEDGWOO_012,Wedgwood,1760-1779,J1WEDGWOOD,Josiah Sr,Wedgwood,M,Professional,P,professional: master potter,35.0,1730.0,30-39,Other,N,Apprenticed,http://www.oxforddnb.com/view/article/28966,TBENTLEY,Thomas,Bentley,M,P,P,merchant/professional,http://www.oxforddnb.com/view/article/2175,Close Friend,friends,A,1765,N,N,N,,,468,"Letters of Josiah Wedgwood, 1762 to 1770 (vol. 1); 1771 to 1780 (vol. 2). Ed. by Katherine Euphemia, Lady Farrer. London: privately printed for private circulation. 1903. Reprinted. Manchester: E. J. Morten, for the Trustees of the Wedgwood Museum. 1973.","I, 61",1760,1779,J1WEDGWOOD,WEDGWOO_012,1765
WEDGWOO_013,Wedgwood,1760-1779,J1WEDGWOOD,Josiah Sr,Wedgwood,M,Professional,P,professional: master potter,35.0,1730.0,30-39,Other,N,Apprenticed,http://www.oxforddnb.com/view/article/28966,J3WEDGWOOD,John,Wedgwood,M,P,P,merchant/professional?,,Family: Nuclear,brothers,A,1765,N,N,N,,,171,"Letters of Josiah Wedgwood, 1762 to 1770 (vol. 1); 1771 to 1780 (vol. 2). Ed. by Katherine Euphemia, Lady Farrer. London: privately printed for private circulation. 1903. Reprinted. Manchester: E. J. Morten, for the Trustees of the Wedgwood Museum. 1973.","I, 66",1760,1779,J1WEDGWOOD,WEDGWOO_013,1765
WEDGWOO_014,Wedgwood,1760-1779,J1WEDGWOOD,Josiah Sr,Wedgwood,M,Professional,P,professional: master potter,36.0,1730.0,30-39,Other,N,Apprenticed,http://www.oxforddnb.com/view/article/28966,J3WEDGWOOD,John,Wedgwood,M,P,P,merchant/professional?,,Family: Nuclear,brothers,A,1766,N,N,N,,,355,"Letters of Josiah Wedgwood, 1762 to 1770 (vol. 1); 1771 to 1780 (vol. 2). Ed. by Katherine Euphemia, Lady Farrer. London: privately printed for private circulation. 1903. Reprinted. Manchester: E. J. Morten, for the Trustees of the Wedgwood Museum. 1973.","I, 85",1760,1779,J1WEDGWOOD,WEDGWOO_014,1766
WEDGWOO_015,Wedgwood,1760-1779,J1WEDGWOOD,Josiah Sr,Wedgwood,M,Professional,P,professional: master potter,37.0,1730.0,30-39,Other,N,Apprenticed,http://www.oxforddnb.com/view/article/28966,TBENTLEY,Thomas,Bentley,M,P,P,merchant/professional,http://www.oxforddnb.com/view/article/2175,Close Friend,friends,A,1767,N,N,N,,,800,"Letters of Josiah Wedgwood, 1762 to 1770 (vol. 1); 1771 to 1780 (vol. 2). Ed. by Katherine Euphemia, Lady Farrer. London: privately printed for private circulation. 1903. Reprinted. Manchester: E. J. Morten, for the Trustees of the Wedgwood Museum. 1973.","I, 108",1760,1779,J1WEDGWOOD,WEDGWOO_015,1767
WEDGWOO_016,Wedgwood,1760-1779,J1WEDGWOOD,Josiah Sr,Wedgwood,M,Professional,P,professional: master potter,37.0,1730.0,30-39,Other,N,Apprenticed,http://www.oxforddnb.com/view/article/28966,TBENTLEY,Thomas,Bentley,M,P,P,merchant/professional,http://www.oxforddnb.com/view/article/2175,Close Friend,friends,A,1767,N,N,N,,,598,"Letters of Josiah Wedgwood, 1762 to 1770 (vol. 1); 1771 to 1780 (vol. 2). Ed. by Katherine Euphemia, Lady Farrer. London: privately printed for private circulation. 1903. Reprinted. Manchester: E. J. Morten, for the Trustees of the Wedgwood Museum. 1973.","I, 133",1760,1779,J1WEDGWOOD,WEDGWOO_016,1767
WEDGWOO_017,Wedgwood,1760-1779,J1WEDGWOOD,Josiah Sr,Wedgwood,M,Professional,P,professional: master potter,37.0,1730.0,30-39,Other,N,Apprenticed,http://www.oxforddnb.com/view/article/28966,TBENTLEY,Thomas,Bentley,M,P,P,merchant/professional,http://www.oxforddnb.com/view/article/2175,Close Friend,friends,A,1767,N,N,N,,,406,"Letters of Josiah Wedgwood, 1762 to 1770 (vol. 1); 1771 to 1780 (vol. 2). Ed. by Katherine Euphemia, Lady Farrer. London: privately printed for private circulation. 1903. Reprinted. Manchester: E. J. Morten, for the Trustees of the Wedgwood Museum. 1973.","I, 147",1760,1779,J1WEDGWOOD,WEDGWOO_017,1767
WEDGWOO_018,Wedgwood,1760-1779,J1WEDGWOOD,Josiah Sr,Wedgwood,M,Professional,P,professional: master potter,38.0,1730.0,30-39,Other,N,Apprenticed,http://www.oxforddnb.com/view/article/28966,TBENTLEY,Thomas,Bentley,M,P,P,merchant/professional,http://www.oxforddnb.com/view/article/2175,Close Friend,friends,A,1768,N,N,N,,,360,"Letters of Josiah Wedgwood, 1762 to 1770 (vol. 1); 1771 to 1780 (vol. 2). Ed. by Katherine Euphemia, Lady Farrer. London: privately printed for private circulation. 1903. Reprinted. Manchester: E. J. Morten, for the Trustees of the Wedgwood Museum. 1973.","I, 210",1760,1779,J1WEDGWOOD,WEDGWOO_018,1768
WEDGWOO_020,Wedgwood,1760-1779,J1WEDGWOOD,Josiah Sr,Wedgwood,M,Professional,P,professional: master potter,39.0,1730.0,30-39,Other,N,Apprenticed,http://www.oxforddnb.com/view/article/28966,SA1WEDGWOOD,Sarah,Wedgwood,F,P,P,"professional: wife of Josiah Wedgwood, master potter",,Family: Nuclear,husband - wife,A,1769,N,N,N,,,316,"Letters of Josiah Wedgwood, 1762 to 1770 (vol. 1); 1771 to 1780 (vol. 2). Ed. by Katherine Euphemia, Lady Farrer. London: privately printed for private circulation. 1903. Reprinted. Manchester: E. J. Morten, for the Trustees of the Wedgwood Museum. 1973.","I, 245",1760,1779,J1WEDGWOOD,WEDGWOO_020,1769
WEDGWOO_021,Wedgwood,1760-1779,J1WEDGWOOD,Josiah Sr,Wedgwood,M,Professional,P,professional: master potter,39.0,1730.0,30-39,Other,N,Apprenticed,http://www.oxforddnb.com/view/article/28966,SA1WEDGWOOD,Sarah,Wedgwood,F,P,P,"professional: wife of Josiah Wedgwood, master potter",,Family: Nuclear,husband - wife,A,1769,N,N,N,,,256,"Letters of Josiah Wedgwood, 1762 to 1770 (vol. 1); 1771 to 1780 (vol. 2). Ed. by Katherine Euphemia, Lady Farrer. London: privately printed for private circulation. 1903. Reprinted. Manchester: E. J. Morten, for the Trustees of the Wedgwood Museum. 1973.","I, 250",1760,1779,J1WEDGWOOD,WEDGWOO_021,1769
WEDGWOO_022,Wedgwood,1760-1779,J1WEDGWOOD,Josiah Sr,Wedgwood,M,Professional,P,professional: master potter,39.0,1730.0,30-39,Other,N,Apprenticed,http://www.oxforddnb.com/view/article/28966,TBENTLEY,Thomas,Bentley,M,P,P,professional: pottery manufacturer,http://www.oxforddnb.com/view/article/2175,Close Friend,friends and partners,A,1769,N,N,N,,,580,"Letters of Josiah Wedgwood, 1762 to 1770 (vol. 1); 1771 to 1780 (vol. 2). Ed. by Katherine Euphemia, Lady Farrer. London: privately printed for private circulation. 1903. Reprinted. Manchester: E. J. Morten, for the Trustees of the Wedgwood Museum. 1973.","I, 270",1760,1779,J1WEDGWOOD,WEDGWOO_022,1769
WEDGWOO_023,Wedgwood,1760-1779,J1WEDGWOOD,Josiah Sr,Wedgwood,M,Professional,P,professional: master potter,39.0,1730.0,30-39,Other,N,Apprenticed,http://www.oxforddnb.com/view/article/28966,TBENTLEY,Thomas,Bentley,M,P,P,professional: pottery manufacturer,http://www.oxforddnb.com/view/article/2175,Close Friend,friends and partners,A,1769,N,N,N,,,379,"Letters of Josiah Wedgwood, 1762 to 1770 (vol. 1); 1771 to 1780 (vol. 2). Ed. by Katherine Euphemia, Lady Farrer. London: privately printed for private circulation. 1903. Reprinted. Manchester: E. J. Morten, for the Trustees of the Wedgwood Museum. 1973.","I, 279",1760,1779,J1WEDGWOOD,WEDGWOO_023,1769
WEDGWOO_025,Wedgwood,1760-1779,J1WEDGWOOD,Josiah Sr,Wedgwood,M,Professional,P,professional: master potter,40.0,1730.0,40-49,Other,N,Apprenticed,http://www.oxforddnb.com/view/article/28966,TBENTLEY,Thomas,Bentley,M,P,P,professional: pottery manufacturer,http://www.oxforddnb.com/view/article/2175,Close Friend,friends and partners,A,1770,N,N,N,,,433,"Letters of Josiah Wedgwood, 1762 to 1770 (vol. 1); 1771 to 1780 (vol. 2). Ed. by Katherine Euphemia, Lady Farrer. London: privately printed for private circulation. 1903. Reprinted. Manchester: E. J. Morten, for the Trustees of the Wedgwood Museum. 1973.","I, 326",1760,1779,J1WEDGWOOD,WEDGWOO_025,1770
WEDGWOO_026,Wedgwood,1760-1779,J1WEDGWOOD,Josiah Sr,Wedgwood,M,Professional,P,professional: master potter,41.0,1730.0,40-49,Other,N,Apprenticed,http://www.oxforddnb.com/view/article/28966,TBENTLEY,Thomas,Bentley,M,P,P,professional: pottery manufacturer,http://www.oxforddnb.com/view/article/2175,Close Friend,friends and partners,A,1771,N,N,N,,,329,"Letters of Josiah Wedgwood, 1762 to 1770 (vol. 1); 1771 to 1780 (vol. 2). Ed. by Katherine Euphemia, Lady Farrer. London: privately printed for private circulation. 1903. Reprinted. Manchester: E. J. Morten, for the Trustees of the Wedgwood Museum. 1973.","II, 13",1760,1779,J1WEDGWOOD,WEDGWOO_026,1771
WEDGWOO_027,Wedgwood,1760-1779,J1WEDGWOOD,Josiah Sr,Wedgwood,M,Professional,P,professional: master potter,41.0,1730.0,40-49,Other,N,Apprenticed,http://www.oxforddnb.com/view/article/28966,TBENTLEY,Thomas,Bentley,M,P,P,professional: pottery manufacturer,http://www.oxforddnb.com/view/article/2175,Close Friend,friends and partners,A,1771,N,N,N,,,527,"Letters of Josiah Wedgwood, 1762 to 1770 (vol. 1); 1771 to 1780 (vol. 2). Ed. by Katherine Euphemia, Lady Farrer. London: privately printed for private circulation. 1903. Reprinted. Manchester: E. J. Morten, for the Trustees of the Wedgwood Museum. 1973.","II, 42",1760,1779,J1WEDGWOOD,WEDGWOO_027,1771
WEDGWOO_028,Wedgwood,1760-1779,J1WEDGWOOD,Josiah Sr,Wedgwood,M,Professional,P,professional: master potter,42.0,1730.0,40-49,Other,N,Apprenticed,http://www.oxforddnb.com/view/article/28966,TBENTLEY,Thomas,Bentley,M,P,P,professional: pottery manufacturer,http://www.oxforddnb.com/view/article/2175,Close Friend,friends and partners,A,1772,N,N,N,,,495,"Letters of Josiah Wedgwood, 1762 to 1770 (vol. 1); 1771 to 1780 (vol. 2). Ed. by Katherine Euphemia, Lady Farrer. London: privately printed for private circulation. 1903. Reprinted. Manchester: E. J. Morten, for the Trustees of the Wedgwood Museum. 1973.","II, 64",1760,1779,J1WEDGWOOD,WEDGWOO_028,1772
WEDGWOO_029,Wedgwood,1760-1779,J1WEDGWOOD,Josiah Sr,Wedgwood,M,Professional,P,professional: master potter,42.0,1730.0,40-49,Other,N,Apprenticed,http://www.oxforddnb.com/view/article/28966,TBENTLEY,Thomas,Bentley,M,P,P,professional: pottery manufacturer,http://www.oxforddnb.com/view/article/2175,Close Friend,friends and partners,A,1772,N,N,N,,,238,"Letters of Josiah Wedgwood, 1762 to 1770 (vol. 1); 1771 to 1780 (vol. 2). Ed. by Katherine Euphemia, Lady Farrer. London: privately printed for private circulation. 1903. Reprinted. Manchester: E. J. Morten, for the Trustees of the Wedgwood Museum. 1973.","II, 110",1760,1779,J1WEDGWOOD,WEDGWOO_029,1772
WEDGWOO_030,Wedgwood,1760-1779,J1WEDGWOOD,Josiah Sr,Wedgwood,M,Professional,P,professional: master potter,43.0,1730.0,40-49,Other,N,Apprenticed,http://www.oxforddnb.com/view/article/28966,TBENTLEY,Thomas,Bentley,M,P,P,professional: pottery manufacturer,http://www.oxforddnb.com/view/article/2175,Close Friend,friends and partners,A,1773,N,N,N,,,528,"Letters of Josiah Wedgwood, 1762 to 1770 (vol. 1); 1771 to 1780 (vol. 2). Ed. by Katherine Euphemia, Lady Farrer. London: privately printed for private circulation. 1903. Reprinted. Manchester: E. J. Morten, for the Trustees of the Wedgwood Museum. 1973.","II, 134",1760,1779,J1WEDGWOOD,WEDGWOO_030,1773
WEDGWOO_031,Wedgwood,1760-1779,J1WEDGWOOD,Josiah Sr,Wedgwood,M,Professional,P,professional: master potter,43.0,1730.0,40-49,Other,N,Apprenticed,http://www.oxforddnb.com/view/article/28966,TBENTLEY,Thomas,Bentley,M,P,P,professional: pottery manufacturer,http://www.oxforddnb.com/view/article/2175,Close Friend,friends and partners,A,1773,N,N,N,,,430,"Letters of Josiah Wedgwood, 1762 to 1770 (vol. 1); 1771 to 1780 (vol. 2). Ed. by Katherine Euphemia, Lady Farrer. London: privately printed for private circulation. 1903. Reprinted. Manchester: E. J. Morten, for the Trustees of the Wedgwood Museum. 1973.","II, 146",1760,1779,J1WEDGWOOD,WEDGWOO_031,1773
WEDGWOO_032,Wedgwood,1760-1779,J1WEDGWOOD,Josiah Sr,Wedgwood,M,Professional,P,professional: master potter,43.0,1730.0,40-49,Other,N,Apprenticed,http://www.oxforddnb.com/view/article/28966,TBENTLEY,Thomas,Bentley,M,P,P,professional: pottery manufacturer,http://www.oxforddnb.com/view/article/2175,Close Friend,friends and partners,A,1773,N,N,N,,,199,"Letters of Josiah Wedgwood, 1762 to 1770 (vol. 1); 1771 to 1780 (vol. 2). Ed. by Katherine Euphemia, Lady Farrer. London: privately printed for private circulation. 1903. Reprinted. Manchester: E. J. Morten, for the Trustees of the Wedgwood Museum. 1973.","II, 167",1760,1779,J1WEDGWOOD,WEDGWOO_032,1773
WEDGWOO_033,Wedgwood,1760-1779,J1WEDGWOOD,Josiah Sr,Wedgwood,M,Professional,P,professional: master potter,44.0,1730.0,40-49,Other,N,Apprenticed,http://www.oxforddnb.com/view/article/28966,TBENTLEY,Thomas,Bentley,M,P,P,professional: pottery manufacturer,http://www.oxforddnb.com/view/article/2175,Close Friend,friends and partners,A,1774,N,N,N,,,261,"Letters of Josiah Wedgwood, 1762 to 1770 (vol. 1); 1771 to 1780 (vol. 2). Ed. by Katherine Euphemia, Lady Farrer. London: privately printed for private circulation. 1903. Reprinted. Manchester: E. J. Morten, for the Trustees of the Wedgwood Museum. 1973.","II, 185",1760,1779,J1WEDGWOOD,WEDGWOO_033,1774
WEDGWOO_034,Wedgwood,1760-1779,J1WEDGWOOD,Josiah Sr,Wedgwood,M,Professional,P,professional: master potter,44.0,1730.0,40-49,Other,N,Apprenticed,http://www.oxforddnb.com/view/article/28966,TBENTLEY,Thomas,Bentley,M,P,P,professional: pottery manufacturer,http://www.oxforddnb.com/view/article/2175,Close Friend,friends and partners,A,1774,N,N,N,,,228,"Letters of Josiah Wedgwood, 1762 to 1770 (vol. 1); 1771 to 1780 (vol. 2). Ed. by Katherine Euphemia, Lady Farrer. London: privately printed for private circulation. 1903. Reprinted. Manchester: E. J. Morten, for the Trustees of the Wedgwood Museum. 1973.","II, 210",1760,1779,J1WEDGWOOD,WEDGWOO_034,1774
WEDGWOO_035,Wedgwood,1760-1779,J1WEDGWOOD,Josiah Sr,Wedgwood,M,Professional,P,professional: master potter,45.0,1730.0,40-49,Other,N,Apprenticed,http://www.oxforddnb.com/view/article/28966,TBENTLEY,Thomas,Bentley,M,P,P,professional: pottery manufacturer,http://www.oxforddnb.com/view/article/2175,Close Friend,friends and partners,A,1775,N,N,N,,,430,"Letters of Josiah Wedgwood, 1762 to 1770 (vol. 1); 1771 to 1780 (vol. 2). Ed. by Katherine Euphemia, Lady Farrer. London: privately printed for private circulation. 1903. Reprinted. Manchester: E. J. Morten, for the Trustees of the Wedgwood Museum. 1973.","II, 239",1760,1779,J1WEDGWOOD,WEDGWOO_035,1775
WEDGWOO_036,Wedgwood,1760-1779,J1WEDGWOOD,Josiah Sr,Wedgwood,M,Professional,P,professional: master potter,46.0,1730.0,40-49,Other,N,Apprenticed,http://www.oxforddnb.com/view/article/28966,TBENTLEY,Thomas,Bentley,M,P,P,professional: pottery manufacturer,http://www.oxforddnb.com/view/article/2175,Close Friend,friends and partners,A,1776,N,N,N,,,666,"Letters of Josiah Wedgwood, 1762 to 1770 (vol. 1); 1771 to 1780 (vol. 2). Ed. by Katherine Euphemia, Lady Farrer. London: privately printed for private circulation. 1903. Reprinted. Manchester: E. J. Morten, for the Trustees of the Wedgwood Museum. 1973.","II, 256",1760,1779,J1WEDGWOOD,WEDGWOO_036,1776
WEDGWOO_037,Wedgwood,1760-1779,J1WEDGWOOD,Josiah Sr,Wedgwood,M,Professional,P,professional: master potter,46.0,1730.0,40-49,Other,N,Apprenticed,http://www.oxforddnb.com/view/article/28966,TBENTLEY,Thomas,Bentley,M,P,P,professional: pottery manufacturer,http://www.oxforddnb.com/view/article/2175,Close Friend,friends and partners,A,1776,N,N,N,,,496,"Letters of Josiah Wedgwood, 1762 to 1770 (vol. 1); 1771 to 1780 (vol. 2). Ed. by Katherine Euphemia, Lady Farrer. London: privately printed for private circulation. 1903. Reprinted. Manchester: E. J. Morten, for the Trustees of the Wedgwood Museum. 1973.","II, 281",1760,1779,J1WEDGWOOD,WEDGWOO_037,1776
WEDGWOO_038,Wedgwood,1760-1779,J1WEDGWOOD,Josiah Sr,Wedgwood,M,Professional,P,professional: master potter,46.0,1730.0,40-49,Other,N,Apprenticed,http://www.oxforddnb.com/view/article/28966,TBENTLEY,Thomas,Bentley,M,P,P,professional: pottery manufacturer,http://www.oxforddnb.com/view/article/2175,Close Friend,friends and partners,A,1776,N,N,N,,,283,"Letters of Josiah Wedgwood, 1762 to 1770 (vol. 1); 1771 to 1780 (vol. 2). Ed. by Katherine Euphemia, Lady Farrer. London: privately printed for private circulation. 1903. Reprinted. Manchester: E. J. Morten, for the Trustees of the Wedgwood Museum. 1973.","II, 306",1760,1779,J1WEDGWOOD,WEDGWOO_038,1776
WEDGWOO_039,Wedgwood,1760-1779,J1WEDGWOOD,Josiah Sr,Wedgwood,M,Professional,P,professional: master potter,47.0,1730.0,40-49,Other,N,Apprenticed,http://www.oxforddnb.com/view/article/28966,TBENTLEY,Thomas,Bentley,M,P,P,professional: pottery manufacturer,http://www.oxforddnb.com/view/article/2175,Close Friend,friends and partners,A,1777,N,N,N,,,390,"Letters of Josiah Wedgwood, 1762 to 1770 (vol. 1); 1771 to 1780 (vol. 2). Ed. by Katherine Euphemia, Lady Farrer. London: privately printed for private circulation. 1903. Reprinted. Manchester: E. J. Morten, for the Trustees of the Wedgwood Museum. 1973.","II, 355",1760,1779,J1WEDGWOOD,WEDGWOO_039,1777
WEDGWOO_040,Wedgwood,1760-1779,J1WEDGWOOD,Josiah Sr,Wedgwood,M,Professional,P,professional: master potter,47.0,1730.0,40-49,Other,N,Apprenticed,http://www.oxforddnb.com/view/article/28966,TBENTLEY,Thomas,Bentley,M,P,P,professional: pottery manufacturer,http://www.oxforddnb.com/view/article/2175,Close Friend,friends and partners,A,1777,N,N,N,,,236,"Letters of Josiah Wedgwood, 1762 to 1770 (vol. 1); 1771 to 1780 (vol. 2). Ed. by Katherine Euphemia, Lady Farrer. London: privately printed for private circulation. 1903. Reprinted. Manchester: E. J. Morten, for the Trustees of the Wedgwood Museum. 1973.","II, 372",1760,1779,J1WEDGWOOD,WEDGWOO_040,1777
WEDGWOO_041,Wedgwood,1760-1779,J1WEDGWOOD,Josiah Sr,Wedgwood,M,Professional,P,professional: master potter,47.0,1730.0,40-49,Other,N,Apprenticed,http://www.oxforddnb.com/view/article/28966,TBENTLEY,Thomas,Bentley,M,P,P,professional: pottery manufacturer,http://www.oxforddnb.com/view/article/2175,Close Friend,friends and partners,A,1777,N,N,N,,,432,"Letters of Josiah Wedgwood, 1762 to 1770 (vol. 1); 1771 to 1780 (vol. 2). Ed. by Katherine Euphemia, Lady Farrer. London: privately printed for private circulation. 1903. Reprinted. Manchester: E. J. Morten, for the Trustees of the Wedgwood Museum. 1973.","II, 400",1760,1779,J1WEDGWOOD,WEDGWOO_041,1777
WEDGWOO_042,Wedgwood,1760-1779,J1WEDGWOOD,Josiah Sr,Wedgwood,M,Professional,P,professional: master potter,48.0,1730.0,40-49,Other,N,Apprenticed,http://www.oxforddnb.com/view/article/28966,TBENTLEY,Thomas,Bentley,M,P,P,professional: pottery manufacturer,http://www.oxforddnb.com/view/article/2175,Close Friend,friends and partners,A,1778,N,N,N,,,245,"Letters of Josiah Wedgwood, 1762 to 1770 (vol. 1); 1771 to 1780 (vol. 2). Ed. by Katherine Euphemia, Lady Farrer. London: privately printed for private circulation. 1903. Reprinted. Manchester: E. J. Morten, for the Trustees of the Wedgwood Museum. 1973.","II, 420",1760,1779,J1WEDGWOOD,WEDGWOO_042,1778
WEDGWOO_043,Wedgwood,1760-1779,J1WEDGWOOD,Josiah Sr,Wedgwood,M,Professional,P,professional: master potter,48.0,1730.0,40-49,Other,N,Apprenticed,http://www.oxforddnb.com/view/article/28966,TBENTLEY,Thomas,Bentley,M,P,P,professional: pottery manufacturer,http://www.oxforddnb.com/view/article/2175,Close Friend,friends and partners,A,1778,N,N,N,,,671,"Letters of Josiah Wedgwood, 1762 to 1770 (vol. 1); 1771 to 1780 (vol. 2). Ed. by Katherine Euphemia, Lady Farrer. London: privately printed for private circulation. 1903. Reprinted. Manchester: E. J. Morten, for the Trustees of the Wedgwood Museum. 1973.","II, 449",1760,1779,J1WEDGWOOD,WEDGWOO_043,1778
WEDGWOO_044,Wedgwood,1760-1779,TBENTLEY,Thomas,Bentley,M,Professional,P,professional: pottery manufacturer,47.0,1731.0,40-49,Northern England,,Apprenticed,http://www.oxforddnb.com/view/article/2175,J1WEDGWOOD,Josiah Sr,Wedgwood,M,P,P,professional: master potter,http://www.oxforddnb.com/view/article/28966,Close Friend,friends and partners,A,1778,N,N,N,,,380,"Letters of Josiah Wedgwood, 1762 to 1770 (vol. 1); 1771 to 1780 (vol. 2). Ed. by Katherine Euphemia, Lady Farrer. London: privately printed for private circulation. 1903. Reprinted. Manchester: E. J. Morten, for the Trustees of the Wedgwood Museum. 1973.","II, 473",1760,1779,TBENTLEY,WEDGWOO_044,1778
WEDGWOO_045,Wedgwood,1760-1779,J1WEDGWOOD,Josiah Sr,Wedgwood,M,Professional,P,professional: master potter,49.0,1730.0,40-49,Other,N,Apprenticed,http://www.oxforddnb.com/view/article/28966,TBENTLEY,Thomas,Bentley,M,P,P,professional: pottery manufacturer,http://www.oxforddnb.com/view/article/2175,Close Friend,friends and partners,A,1779,N,N,N,,,200,"Letters of Josiah Wedgwood, 1762 to 1770 (vol. 1); 1771 to 1780 (vol. 2). Ed. by Katherine Euphemia, Lady Farrer. London: privately printed for private circulation. 1903. Reprinted. Manchester: E. J. Morten, for the Trustees of the Wedgwood Museum. 1973.","II, 483",1760,1779,J1WEDGWOOD,WEDGWOO_045,1779
WEDGWOO_046,Wedgwood,1780-1800,J1WEDGWOOD,Josiah Sr,Wedgwood,M,Professional,P,professional: master potter,50.0,1730.0,50-59,Other,N,Apprenticed,http://www.oxforddnb.com/view/article/28966,TBENTLEY,Thomas,Bentley,M,P,P,professional: pottery manufacturer,http://www.oxforddnb.com/view/article/2175,Close Friend,friends and partners,A,1780,N,N,N,,,524,"Letters of Josiah Wedgwood, 1762 to 1770 (vol. 1); 1771 to 1780 (vol. 2). Ed. by Katherine Euphemia, Lady Farrer. London: privately printed for private circulation. 1903. Reprinted. Manchester: E. J. Morten, for the Trustees of the Wedgwood Museum. 1973.","II, 562",1780,1800,J1WEDGWOOD,WEDGWOO_046,1780
WEDGWOO_049,Wedgwood,1780-1800,J2WEDGWOOD,Josiah Jr,Wedgwood,M,Professional,P,"professional: son of Josiah Wedgwood, master potter",13.0,1769.0,10-19,Other,N,Higher: Foreign,,J1WEDGWOOD,Josiah Sr,Wedgwood,M,P,P,professional: master potter,http://www.oxforddnb.com/view/article/28966,Family: Nuclear,son - father,A,1782,N,N,N,,,269,"Correspondence of Josiah Wedgwood, 1781-1794, with an appendix containing some letters on canals and Bentley's pamphlet on inland navigation. Ed. by Katherine Euphemia, Lady Farrer. 1906/1973. Manchester: E. J. Morten for the Trustees of the Wedgwood Museum.",6,1780,1800,J2WEDGWOOD,WEDGWOO_049,1782
WEDGWOO_050,Wedgwood,1780-1800,J2WEDGWOOD,Josiah Jr,Wedgwood,M,Professional,P,"professional: son of Josiah Wedgwood, master potter",14.0,1769.0,10-19,Other,N,Higher: Foreign,,J1WEDGWOOD,Josiah Sr,Wedgwood,M,P,P,professional: master potter,http://www.oxforddnb.com/view/article/28966,Family: Nuclear,son - father,A,1783,N,N,N,,,248,"Correspondence of Josiah Wedgwood, 1781-1794, with an appendix containing some letters on canals and Bentley's pamphlet on inland navigation. Ed. by Katherine Euphemia, Lady Farrer. 1906/1973. Manchester: E. J. Morten for the Trustees of the Wedgwood Museum.",8,1780,1800,J2WEDGWOOD,WEDGWOO_050,1783
WEDGWOO_053,Wedgwood,1780-1800,J2WEDGWOOD,Josiah Jr,Wedgwood,M,Professional,P,"professional: son of Josiah Wedgwood, master potter",19.0,1769.0,10-19,Other,N,Higher: Foreign,,J1WEDGWOOD,Josiah Sr,Wedgwood,M,P,P,professional: master potter,http://www.oxforddnb.com/view/article/28966,Family: Nuclear,son - father,A,1788,N,N,N,,,107,"Correspondence of Josiah Wedgwood, 1781-1794, with an appendix containing some letters on canals and Bentley's pamphlet on inland navigation. Ed. by Katherine Euphemia, Lady Farrer. 1906/1973. Manchester: E. J. Morten for the Trustees of the Wedgwood Museum.",57,1780,1800,J2WEDGWOOD,WEDGWOO_053,1788
WEDGWOO_054,Wedgwood,1780-1800,J2WEDGWOOD,Josiah Jr,Wedgwood,M,Professional,P,"professional: son of Josiah Wedgwood, master potter",19.0,1769.0,10-19,Other,N,Higher: Foreign,,J1WEDGWOOD,Josiah Sr,Wedgwood,M,P,P,professional: master potter,http://www.oxforddnb.com/view/article/28966,Family: Nuclear,son - father,A,1788,N,N,N,,,235,"Correspondence of Josiah Wedgwood, 1781-1794, with an appendix containing some letters on canals and Bentley's pamphlet on inland navigation. Ed. by Katherine Euphemia, Lady Farrer. 1906/1973. Manchester: E. J. Morten for the Trustees of the Wedgwood Museum.",59,1780,1800,J2WEDGWOOD,WEDGWOO_054,1788
WEDGWOO_055,Wedgwood,1780-1800,J2WEDGWOOD,Josiah Jr,Wedgwood,M,Professional,P,"professional: son of Josiah Wedgwood, master potter",19.0,1769.0,10-19,Other,N,Higher: Foreign,,J1WEDGWOOD,Josiah Sr,Wedgwood,M,P,P,professional: master potter,http://www.oxforddnb.com/view/article/28966,Family: Nuclear,son - father,A,1788,N,N,N,,,375,"Correspondence of Josiah Wedgwood, 1781-1794, with an appendix containing some letters on canals and Bentley's pamphlet on inland navigation. Ed. by Katherine Euphemia, Lady Farrer. 1906/1973. Manchester: E. J. Morten for the Trustees of the Wedgwood Museum.",62,1780,1800,J2WEDGWOOD,WEDGWOO_055,1788
WEDGWOO_056,Wedgwood,1780-1800,J1WEDGWOOD,Josiah Sr,Wedgwood,M,Professional,P,professional: master potter,58.0,1730.0,50-59,Other,N,Apprenticed,http://www.oxforddnb.com/view/article/28966,J2WEDGWOOD,Josiah Jr,Wedgwood,M,P,P,"professional: son of Josiah Wedgwood, master potter",,Family: Nuclear,father - son,A,1788,N,N,N,Quotes at length a letter from Mr. Webber.,,825,"Correspondence of Josiah Wedgwood, 1781-1794, with an appendix containing some letters on canals and Bentley's pamphlet on inland navigation. Ed. by Katherine Euphemia, Lady Farrer. 1906/1973. Manchester: E. J. Morten for the Trustees of the Wedgwood Museum.",64,1780,1800,J1WEDGWOOD,WEDGWOO_056,1788
WEDGWOO_057,Wedgwood,1780-1800,J2WEDGWOOD,Josiah Jr,Wedgwood,M,Professional,P,"professional: son of Josiah Wedgwood, master potter",19.0,1769.0,10-19,Other,N,Higher: Foreign,,J1WEDGWOOD,Josiah Sr,Wedgwood,M,P,P,professional: master potter,http://www.oxforddnb.com/view/article/28966,Family: Nuclear,son - father,A,1788,N,N,N,,,235,"Correspondence of Josiah Wedgwood, 1781-1794, with an appendix containing some letters on canals and Bentley's pamphlet on inland navigation. Ed. by Katherine Euphemia, Lady Farrer. 1906/1973. Manchester: E. J. Morten for the Trustees of the Wedgwood Museum.",73,1780,1800,J2WEDGWOOD,WEDGWOO_057,1788
WEDGWOO_058,Wedgwood,1780-1800,J1WEDGWOOD,Josiah Sr,Wedgwood,M,Professional,P,professional: master potter,58.0,1730.0,50-59,Other,N,Apprenticed,http://www.oxforddnb.com/view/article/28966,JPRIESTLEY,Joseph,Priestley,M,CL,CL,clergy lower: dissenting minister; natural philosopher,http://www.oxforddnb.com/view/article/22788,Other,fellow Lunar men,A,1788,N,N,N,,,386,"Correspondence of Josiah Wedgwood, 1781-1794, with an appendix containing some letters on canals and Bentley's pamphlet on inland navigation. Ed. by Katherine Euphemia, Lady Farrer. 1906/1973. Manchester: E. J. Morten for the Trustees of the Wedgwood Museum.",75,1780,1800,J1WEDGWOOD,WEDGWOO_058,1788
WEDGWOO_059,Wedgwood,1780-1800,J2WEDGWOOD,Josiah Jr,Wedgwood,M,Professional,P,"professional: son of Josiah Wedgwood, master potter",20.0,1769.0,20-29,Other,N,Higher: Foreign,,J1WEDGWOOD,Josiah Sr,Wedgwood,M,P,P,professional: master potter,http://www.oxforddnb.com/view/article/28966,Family: Nuclear,son - father,A,1789,N,N,N,,,335,"Correspondence of Josiah Wedgwood, 1781-1794, with an appendix containing some letters on canals and Bentley's pamphlet on inland navigation. Ed. by Katherine Euphemia, Lady Farrer. 1906/1973. Manchester: E. J. Morten for the Trustees of the Wedgwood Museum.",80,1780,1800,J2WEDGWOOD,WEDGWOO_059,1789
WEDGWOO_060,Wedgwood,1780-1800,J2WEDGWOOD,Josiah Jr,Wedgwood,M,Professional,P,"professional: son of Josiah Wedgwood, master potter",20.0,1769.0,20-29,Other,N,Higher: Foreign,,J1WEDGWOOD,Josiah Sr,Wedgwood,M,P,P,professional: master potter,http://www.oxforddnb.com/view/article/28966,Family: Nuclear,son - father,A,1789,N,N,N,,,297,"Correspondence of Josiah Wedgwood, 1781-1794, with an appendix containing some letters on canals and Bentley's pamphlet on inland navigation. Ed. by Katherine Euphemia, Lady Farrer. 1906/1973. Manchester: E. J. Morten for the Trustees of the Wedgwood Museum.",83,1780,1800,J2WEDGWOOD,WEDGWOO_060,1789
WEDGWOO_061,Wedgwood,1780-1800,J2WEDGWOOD,Josiah Jr,Wedgwood,M,Professional,P,"professional: son of Josiah Wedgwood, master potter",20.0,1769.0,20-29,Other,N,Higher: Foreign,,J1WEDGWOOD,Josiah Sr,Wedgwood,M,P,P,professional: master potter,http://www.oxforddnb.com/view/article/28966,Family: Nuclear,son - father,A,1789,N,N,N,,,213,"Correspondence of Josiah Wedgwood, 1781-1794, with an appendix containing some letters on canals and Bentley's pamphlet on inland navigation. Ed. by Katherine Euphemia, Lady Farrer. 1906/1973. Manchester: E. J. Morten for the Trustees of the Wedgwood Museum.",94,1780,1800,J2WEDGWOOD,WEDGWOO_061,1789
WEDGWOO_062,Wedgwood,1780-1800,J2WEDGWOOD,Josiah Jr,Wedgwood,M,Professional,P,"professional: son of Josiah Wedgwood, master potter",20.0,1769.0,20-29,Other,N,Higher: Foreign,,J1WEDGWOOD,Josiah Sr,Wedgwood,M,P,P,professional: master potter,http://www.oxforddnb.com/view/article/28966,Family: Nuclear,son - father,A,1789,N,N,N,,,507,"Correspondence of Josiah Wedgwood, 1781-1794, with an appendix containing some letters on canals and Bentley's pamphlet on inland navigation. Ed. by Katherine Euphemia, Lady Farrer. 1906/1973. Manchester: E. J. Morten for the Trustees of the Wedgwood Museum.",95,1780,1800,J2WEDGWOOD,WEDGWOO_062,1789
WEDGWOO_063,Wedgwood,1780-1800,J2WEDGWOOD,Josiah Jr,Wedgwood,M,Professional,P,"professional: son of Josiah Wedgwood, master potter",20.0,1769.0,20-29,Other,N,Higher: Foreign,,J1WEDGWOOD,Josiah Sr,Wedgwood,M,P,P,professional: master potter,http://www.oxforddnb.com/view/article/28966,Family: Nuclear,son - father,A,1789,N,N,N,,,132,"Correspondence of Josiah Wedgwood, 1781-1794, with an appendix containing some letters on canals and Bentley's pamphlet on inland navigation. Ed. by Katherine Euphemia, Lady Farrer. 1906/1973. Manchester: E. J. Morten for the Trustees of the Wedgwood Museum.",98,1780,1800,J2WEDGWOOD,WEDGWOO_063,1789
WEDGWOO_065,Wedgwood,1780-1800,J1WEDGWOOD,Josiah Sr,Wedgwood,M,Professional,P,professional: master potter,60.0,1730.0,60-69,Other,N,Apprenticed,http://www.oxforddnb.com/view/article/28966,J2WEDGWOOD,Josiah Jr,Wedgwood,M,P,P,professional: pottery manufacturer,,Family: Nuclear,father - son,A,1790,N,N,N,,,680,"Correspondence of Josiah Wedgwood, 1781-1794, with an appendix containing some letters on canals and Bentley's pamphlet on inland navigation. Ed. by Katherine Euphemia, Lady Farrer. 1906/1973. Manchester: E. J. Morten for the Trustees of the Wedgwood Museum.",118,1780,1800,J1WEDGWOOD,WEDGWOO_065,1790
WEDGWOO_066,Wedgwood,1780-1800,J2WEDGWOOD,Josiah Jr,Wedgwood,M,Professional,P,professional: pottery manufacturer,21.0,1769.0,20-29,Other,N,Higher: Foreign,,J1WEDGWOOD,Josiah Sr,Wedgwood,M,P,P,professional: master potter,http://www.oxforddnb.com/view/article/28966,Family: Nuclear,son - father,A,1790,N,N,N,,,190,"Correspondence of Josiah Wedgwood, 1781-1794, with an appendix containing some letters on canals and Bentley's pamphlet on inland navigation. Ed. by Katherine Euphemia, Lady Farrer. 1906/1973. Manchester: E. J. Morten for the Trustees of the Wedgwood Museum.",122,1780,1800,J2WEDGWOOD,WEDGWOO_066,1790
WEDGWOO_067,Wedgwood,1780-1800,J1WEDGWOOD,Josiah Sr,Wedgwood,M,Professional,P,professional: master potter,60.0,1730.0,60-69,Other,N,Apprenticed,http://www.oxforddnb.com/view/article/28966,J2WEDGWOOD,Josiah Jr,Wedgwood,M,P,P,professional: pottery manufacturer,,Family: Nuclear,father - son,A,1790,N,N,N,,,401,"Correspondence of Josiah Wedgwood, 1781-1794, with an appendix containing some letters on canals and Bentley's pamphlet on inland navigation. Ed. by Katherine Euphemia, Lady Farrer. 1906/1973. Manchester: E. J. Morten for the Trustees of the Wedgwood Museum.",125,1780,1800,J1WEDGWOOD,WEDGWOO_067,1790
WEDGWOO_068,Wedgwood,1780-1800,J2WEDGWOOD,Josiah Jr,Wedgwood,M,Professional,P,professional: pottery manufacturer,21.0,1769.0,20-29,Other,N,Higher: Foreign,,J1WEDGWOOD,Josiah Sr,Wedgwood,M,P,P,professional: master potter,http://www.oxforddnb.com/view/article/28966,Family: Nuclear,son - father,A,1790,N,N,N,,,404,"Correspondence of Josiah Wedgwood, 1781-1794, with an appendix containing some letters on canals and Bentley's pamphlet on inland navigation. Ed. by Katherine Euphemia, Lady Farrer. 1906/1973. Manchester: E. J. Morten for the Trustees of the Wedgwood Museum.",128,1780,1800,J2WEDGWOOD,WEDGWOO_068,1790
WEDGWOO_069,Wedgwood,1780-1800,J2WEDGWOOD,Josiah Jr,Wedgwood,M,Professional,P,professional: pottery manufacturer,21.0,1769.0,20-29,Other,N,Higher: Foreign,,J1WEDGWOOD,Josiah Sr,Wedgwood,M,P,P,professional: master potter,http://www.oxforddnb.com/view/article/28966,Family: Nuclear,son - father,A,1790,N,N,N,,,229,"Correspondence of Josiah Wedgwood, 1781-1794, with an appendix containing some letters on canals and Bentley's pamphlet on inland navigation. Ed. by Katherine Euphemia, Lady Farrer. 1906/1973. Manchester: E. J. Morten for the Trustees of the Wedgwood Museum.",134,1780,1800,J2WEDGWOOD,WEDGWOO_069,1790
WEDGWOO_070,Wedgwood,1780-1800,J2WEDGWOOD,Josiah Jr,Wedgwood,M,Professional,P,professional: pottery manufacturer,21.0,1769.0,20-29,Other,N,Higher: Foreign,,J1WEDGWOOD,Josiah Sr,Wedgwood,M,P,P,professional: master potter,http://www.oxforddnb.com/view/article/28966,Family: Nuclear,son - father,A,1790,N,N,N,,,471,"Correspondence of Josiah Wedgwood, 1781-1794, with an appendix containing some letters on canals and Bentley's pamphlet on inland navigation. Ed. by Katherine Euphemia, Lady Farrer. 1906/1973. Manchester: E. J. Morten for the Trustees of the Wedgwood Museum.",135,1780,1800,J2WEDGWOOD,WEDGWOO_070,1790
WEDGWOO_072,Wedgwood,1780-1800,J2WEDGWOOD,Josiah Jr,Wedgwood,M,Professional,P,professional: pottery manufacturer,21.0,1769.0,20-29,Other,N,Higher: Foreign,,J1WEDGWOOD,Josiah Sr,Wedgwood,M,P,P,professional: master potter,http://www.oxforddnb.com/view/article/28966,Family: Nuclear,son - father,A,1790,N,N,N,,,536,"Correspondence of Josiah Wedgwood, 1781-1794, with an appendix containing some letters on canals and Bentley's pamphlet on inland navigation. Ed. by Katherine Euphemia, Lady Farrer. 1906/1973. Manchester: E. J. Morten for the Trustees of the Wedgwood Museum.",139,1780,1800,J2WEDGWOOD,WEDGWOO_072,1790
WEDGWOO_073,Wedgwood,1780-1800,J2WEDGWOOD,Josiah Jr,Wedgwood,M,Professional,P,professional: pottery manufacturer,21.0,1769.0,20-29,Other,N,Higher: Foreign,,J1WEDGWOOD,Josiah Sr,Wedgwood,M,P,P,professional: master potter,http://www.oxforddnb.com/view/article/28966,Family: Nuclear,son - father,A,1790,N,N,N,,,1500,"Correspondence of Josiah Wedgwood, 1781-1794, with an appendix containing some letters on canals and Bentley's pamphlet on inland navigation. Ed. by Katherine Euphemia, Lady Farrer. 1906/1973. Manchester: E. J. Morten for the Trustees of the Wedgwood Museum.",142,1780,1800,J2WEDGWOOD,WEDGWOO_073,1790
WEDGWOO_075,Wedgwood,1780-1800,J2WEDGWOOD,Josiah Jr,Wedgwood,M,Professional,P,professional: pottery manufacturer,21.0,1769.0,20-29,Other,N,Higher: Foreign,,J1WEDGWOOD,Josiah Sr,Wedgwood,M,P,P,professional: master potter,http://www.oxforddnb.com/view/article/28966,Family: Nuclear,son - father,A,1790,N,N,N,,,160,"Correspondence of Josiah Wedgwood, 1781-1794, with an appendix containing some letters on canals and Bentley's pamphlet on inland navigation. Ed. by Katherine Euphemia, Lady Farrer. 1906/1973. Manchester: E. J. Morten for the Trustees of the Wedgwood Museum.",156,1780,1800,J2WEDGWOOD,WEDGWOO_075,1790
WEDGWOO_076,Wedgwood,1780-1800,J2WEDGWOOD,Josiah Jr,Wedgwood,M,Professional,P,professional: pottery manufacturer,22.0,1769.0,20-29,Other,N,Higher: Foreign,,J1WEDGWOOD,Josiah Sr,Wedgwood,M,P,P,professional: master potter,http://www.oxforddnb.com/view/article/28966,Family: Nuclear,son - father,A,1791,N,N,N,,,314,"Correspondence of Josiah Wedgwood, 1781-1794, with an appendix containing some letters on canals and Bentley's pamphlet on inland navigation. Ed. by Katherine Euphemia, Lady Farrer. 1906/1973. Manchester: E. J. Morten for the Trustees of the Wedgwood Museum.",160,1780,1800,J2WEDGWOOD,WEDGWOO_076,1791
WEDGWOO_077,Wedgwood,1780-1800,J1WEDGWOOD,Josiah Sr,Wedgwood,M,Professional,P,professional: master potter,61.0,1730.0,60-69,Other,N,Apprenticed,http://www.oxforddnb.com/view/article/28966,JPRIESTLEY,Joseph,Priestley,M,CL,CL,clergy lower: dissenting minister; natural philosopher,http://www.oxforddnb.com/view/article/22788,Other,fellow Lunar men,A,1791,N,N,N,,,401,"Correspondence of Josiah Wedgwood, 1781-1794, with an appendix containing some letters on canals and Bentley's pamphlet on inland navigation. Ed. by Katherine Euphemia, Lady Farrer. 1906/1973. Manchester: E. J. Morten for the Trustees of the Wedgwood Museum.",169,1780,1800,J1WEDGWOOD,WEDGWOO_077,1791
WEDGWOO_078,Wedgwood,1780-1800,J1WEDGWOOD,Josiah Sr,Wedgwood,M,Professional,P,professional: master potter,61.0,1730.0,60-69,Other,N,Apprenticed,http://www.oxforddnb.com/view/article/28966,JPRIESTLEY,Joseph,Priestley,M,CL,CL,clergy lower: dissenting minister; natural philosopher,http://www.oxforddnb.com/view/article/22788,Other,fellow Lunar men,A,1791,N,N,N,,,1010,"Correspondence of Josiah Wedgwood, 1781-1794, with an appendix containing some letters on canals and Bentley's pamphlet on inland navigation. Ed. by Katherine Euphemia, Lady Farrer. 1906/1973. Manchester: E. J. Morten for the Trustees of the Wedgwood Museum.",176,1780,1800,J1WEDGWOOD,WEDGWOO_078,1791
WEDGWOO_079,Wedgwood,1780-1800,J2WEDGWOOD,Josiah Jr,Wedgwood,M,Professional,P,professional: pottery manufacturer,23.0,1769.0,20-29,Other,N,Higher: Foreign,,J1WEDGWOOD,Josiah Sr,Wedgwood,M,P,P,professional: master potter,http://www.oxforddnb.com/view/article/28966,Family: Nuclear,son - father,A,1792,N,N,N,,,202,"Correspondence of Josiah Wedgwood, 1781-1794, with an appendix containing some letters on canals and Bentley's pamphlet on inland navigation. Ed. by Katherine Euphemia, Lady Farrer. 1906/1973. Manchester: E. J. Morten for the Trustees of the Wedgwood Museum.",194,1780,1800,J2WEDGWOOD,WEDGWOO_079,1792
WEDGWOO_080,Wedgwood,1780-1800,J2WEDGWOOD,Josiah Jr,Wedgwood,M,Professional,P,professional: pottery manufacturer,23.0,1769.0,20-29,Other,N,Higher: Foreign,,TWEDGWOOD,Thomas,Wedgwood,M,P,P,"professional: son of Josiah Wedgwood, master potter",http://www.oxforddnb.com/view/article/28967,Family: Nuclear,brothers,A,1792,N,N,N,,,122,"Correspondence of Josiah Wedgwood, 1781-1794, with an appendix containing some letters on canals and Bentley's pamphlet on inland navigation. Ed. by Katherine Euphemia, Lady Farrer. 1906/1973. Manchester: E. J. Morten for the Trustees of the Wedgwood Museum.",199,1780,1800,J2WEDGWOOD,WEDGWOO_080,1792
WEDGWOO_081,Wedgwood,1780-1800,J2WEDGWOOD,Josiah Jr,Wedgwood,M,Professional,P,professional: pottery manufacturer,23.0,1769.0,20-29,Other,N,Higher: Foreign,,J1WEDGWOOD,Josiah Sr,Wedgwood,M,P,P,professional: master potter,http://www.oxforddnb.com/view/article/28966,Family: Nuclear,son - father,A,1792,N,N,N,,,230,"Correspondence of Josiah Wedgwood, 1781-1794, with an appendix containing some letters on canals and Bentley's pamphlet on inland navigation. Ed. by Katherine Euphemia, Lady Farrer. 1906/1973. Manchester: E. J. Morten for the Trustees of the Wedgwood Museum.",201,1780,1800,J2WEDGWOOD,WEDGWOO_081,1792
WEDGWOO_082,Wedgwood,1780-1800,J1WEDGWOOD,Josiah Sr,Wedgwood,M,Professional,P,professional: master potter,63.0,1730.0,60-69,Other,N,Apprenticed,http://www.oxforddnb.com/view/article/28966,J2WEDGWOOD,Josiah Jr,Wedgwood,M,P,P,professional: pottery manufacturer,,Family: Nuclear,father - son,A,1793,N,N,N,,,124,"Correspondence of Josiah Wedgwood, 1781-1794, with an appendix containing some letters on canals and Bentley's pamphlet on inland navigation. Ed. by Katherine Euphemia, Lady Farrer. 1906/1973. Manchester: E. J. Morten for the Trustees of the Wedgwood Museum.",208,1780,1800,J1WEDGWOOD,WEDGWOO_082,1793
WEDGWOO_083,Wedgwood,1780-1800,J2WEDGWOOD,Josiah Jr,Wedgwood,M,Professional,P,professional: pottery manufacturer,24.0,1769.0,20-29,Other,N,Higher: Foreign,,J1WEDGWOOD,Josiah Sr,Wedgwood,M,P,P,professional: master potter,http://www.oxforddnb.com/view/article/28966,Family: Nuclear,son - father,A,1793,N,N,N,,,333,"Correspondence of Josiah Wedgwood, 1781-1794, with an appendix containing some letters on canals and Bentley's pamphlet on inland navigation. Ed. by Katherine Euphemia, Lady Farrer. 1906/1973. Manchester: E. J. Morten for the Trustees of the Wedgwood Museum.",210,1780,1800,J2WEDGWOOD,WEDGWOO_083,1793
WEDGWOO_084,Wedgwood,1780-1800,J2WEDGWOOD,Josiah Jr,Wedgwood,M,Professional,P,professional: pottery manufacturer,24.0,1769.0,20-29,Other,N,Higher: Foreign,,J1WEDGWOOD,Josiah Sr,Wedgwood,M,P,P,professional: master potter,http://www.oxforddnb.com/view/article/28966,Family: Nuclear,son - father,A,1793,N,N,N,,,124,"Correspondence of Josiah Wedgwood, 1781-1794, with an appendix containing some letters on canals and Bentley's pamphlet on inland navigation. Ed. by Katherine Euphemia, Lady Farrer. 1906/1973. Manchester: E. J. Morten for the Trustees of the Wedgwood Museum.",213,1780,1800,J2WEDGWOOD,WEDGWOO_084,1793
WEDGWOO_085,Wedgwood,1780-1800,J2WEDGWOOD,Josiah Jr,Wedgwood,M,Professional,P,professional: pottery manufacturer,24.0,1769.0,20-29,Other,N,Higher: Foreign,,J1WEDGWOOD,Josiah Sr,Wedgwood,M,P,P,professional: master potter,http://www.oxforddnb.com/view/article/28966,Family: Nuclear,son - father,A,1793,N,N,N,,,112,"Correspondence of Josiah Wedgwood, 1781-1794, with an appendix containing some letters on canals and Bentley's pamphlet on inland navigation. Ed. by Katherine Euphemia, Lady Farrer. 1906/1973. Manchester: E. J. Morten for the Trustees of the Wedgwood Museum.",219,1780,1800,J2WEDGWOOD,WEDGWOO_085,1793
WEDGWOO_086,Wedgwood,1760-1779,TBENTLEY,Thomas,Bentley,M,Professional,P,merchant/professional,34.0,1731.0,30-39,Northern England,,Apprenticed,http://www.oxforddnb.com/view/article/2175,EDARWIN,Erasmus,Darwin,M,P,P,"professional: physician, natural philosopher",http://www.oxforddnb.com/view/article/7177,Other,"had a mutual friend, Josiah Wedgwood; promoted a canal project",A,1765,N,N,N,,,515,"Correspondence of Josiah Wedgwood, 1781-1794, with an appendix containing some letters on canals and Bentley's pamphlet on inland navigation. Ed. by Katherine Euphemia, Lady Farrer. 1906/1973. Manchester: E. J. Morten for the Trustees of the Wedgwood Museum.",253,1760,1779,TBENTLEY,WEDGWOO_086,1765
WEDGWOO_087,Wedgwood,1760-1779,TBENTLEY,Thomas,Bentley,M,Professional,P,merchant/professional,34.0,1731.0,30-39,Northern England,,Apprenticed,http://www.oxforddnb.com/view/article/2175,EDARWIN,Erasmus,Darwin,M,P,P,"professional: physician, natural philosopher",http://www.oxforddnb.com/view/article/7177,Other,"had a mutual friend, Josiah Wedgwood; promoted a canal project",A,1765,N,N,N,,,416,"Correspondence of Josiah Wedgwood, 1781-1794, with an appendix containing some letters on canals and Bentley's pamphlet on inland navigation. Ed. by Katherine Euphemia, Lady Farrer. 1906/1973. Manchester: E. J. Morten for the Trustees of the Wedgwood Museum.",256,1760,1779,TBENTLEY,WEDGWOO_087,1765
WEDGWOO_088,Wedgwood,1760-1779,TBENTLEY,Thomas,Bentley,M,Professional,P,merchant/professional,34.0,1731.0,30-39,Northern England,,Apprenticed,http://www.oxforddnb.com/view/article/2175,EDARWIN,Erasmus,Darwin,M,P,P,"professional: physician, natural philosopher",http://www.oxforddnb.com/view/article/7177,Other,"had a mutual friend, Josiah Wedgwood; promoted a canal project",A,1765,N,N,N,,,659,"Correspondence of Josiah Wedgwood, 1781-1794, with an appendix containing some letters on canals and Bentley's pamphlet on inland navigation. Ed. by Katherine Euphemia, Lady Farrer. 1906/1973. Manchester: E. J. Morten for the Trustees of the Wedgwood Museum.",265,1760,1779,TBENTLEY,WEDGWOO_088,1765
WENTWO2_032,Wentworth 2,1700-1719,PWENTWORTH,Peter,Wentworth,M,Gentry Upper,GU,gentry upper; equerry to different members of the royal family,,,,London,N,Higher,,TWENTWORTH,Thomas,Wentworth,M,N,N,"nobility; diplomat, soldier, Lord Raby 1695, Earl of Strafford 1711",http://www.oxforddnb.com/view/article/29059,Family: Nuclear,younger brother - older brother,A,1708,N,N,N,,,228,"The Wentworth Papers 1705-1739. Selected from the Private and Family Correspondence of Thomas Wentworth, Lord Raby, Created in 1711 Earl of Strafford, of Stainborough, Co. York. Ed. by James J. Cartwright. London: Wyman & Sons. 1883.",68,1700,1719,PWENTWORTH,WENTWO2_032,1708
WENTWO2_033,Wentworth 2,1700-1719,PWENTWORTH,Peter,Wentworth,M,Gentry Upper,GU,gentry upper; equerry to different members of the royal family,,,,London,N,Higher,,TWENTWORTH,Thomas,Wentworth,M,N,N,"nobility; diplomat, soldier, Lord Raby 1695, Earl of Strafford 1711",http://www.oxforddnb.com/view/article/29059,Family: Nuclear,younger brother - older brother,A,1709,N,N,N,,,691,"The Wentworth Papers 1705-1739. Selected from the Private and Family Correspondence of Thomas Wentworth, Lord Raby, Created in 1711 Earl of Strafford, of Stainborough, Co. York. Ed. by James J. Cartwright. London: Wyman & Sons. 1883.",72,1700,1719,PWENTWORTH,WENTWO2_033,1709
WENTWO2_035,Wentworth 2,1700-1719,PWENTWORTH,Peter,Wentworth,M,Gentry Upper,GU,gentry upper; equerry to different members of the royal family,,,,London,N,Higher,,TWENTWORTH,Thomas,Wentworth,M,N,N,"nobility; diplomat, soldier, Lord Raby 1695, Earl of Strafford 1711",http://www.oxforddnb.com/view/article/29059,Family: Nuclear,younger brother - older brother,A,1709,N,N,N,,,402,"The Wentworth Papers 1705-1739. Selected from the Private and Family Correspondence of Thomas Wentworth, Lord Raby, Created in 1711 Earl of Strafford, of Stainborough, Co. York. Ed. by James J. Cartwright. London: Wyman & Sons. 1883.",90,1700,1719,PWENTWORTH,WENTWO2_035,1709
WENTWO2_037,Wentworth 2,1700-1719,PWENTWORTH,Peter,Wentworth,M,Gentry Upper,GU,gentry upper; equerry to different members of the royal family,,,,London,N,Higher,,TWENTWORTH,Thomas,Wentworth,M,N,N,"nobility; diplomat, soldier, Lord Raby 1695, Earl of Strafford 1711",http://www.oxforddnb.com/view/article/29059,Family: Nuclear,younger brother - older brother,A,1710,N,N,N,,,328,"The Wentworth Papers 1705-1739. Selected from the Private and Family Correspondence of Thomas Wentworth, Lord Raby, Created in 1711 Earl of Strafford, of Stainborough, Co. York. Ed. by James J. Cartwright. London: Wyman & Sons. 1883.",111,1700,1719,PWENTWORTH,WENTWO2_037,1710
WENTWO2_044,Wentworth 2,1700-1719,PWENTWORTH,Peter,Wentworth,M,Gentry Upper,GU,gentry upper; equerry to different members of the royal family,,,,London,N,Higher,,TWENTWORTH,Thomas,Wentworth,M,N,N,"nobility; diplomat, soldier, Lord Raby 1695, Earl of Strafford 1711",http://www.oxforddnb.com/view/article/29059,Family: Nuclear,younger brother - older brother,A,1710,N,N,N,,,828,"The Wentworth Papers 1705-1739. Selected from the Private and Family Correspondence of Thomas Wentworth, Lord Raby, Created in 1711 Earl of Strafford, of Stainborough, Co. York. Ed. by James J. Cartwright. London: Wyman & Sons. 1883.",158,1700,1719,PWENTWORTH,WENTWO2_044,1710
WENTWO2_046,Wentworth 2,1700-1719,PWENTWORTH,Peter,Wentworth,M,Gentry Upper,GU,gentry upper; equerry to different members of the royal family,,,,London,N,Higher,,TWENTWORTH,Thomas,Wentworth,M,N,N,"nobility; diplomat, soldier, Lord Raby 1695, Earl of Strafford 1711",http://www.oxforddnb.com/view/article/29059,Family: Nuclear,younger brother - older brother,A,1711,N,N,N,,,567,"The Wentworth Papers 1705-1739. Selected from the Private and Family Correspondence of Thomas Wentworth, Lord Raby, Created in 1711 Earl of Strafford, of Stainborough, Co. York. Ed. by James J. Cartwright. London: Wyman & Sons. 1883.",180,1700,1719,PWENTWORTH,WENTWO2_046,1711
WENTWO2_047,Wentworth 2,1700-1719,PWENTWORTH,Peter,Wentworth,M,Gentry Upper,GU,gentry upper; equerry to different members of the royal family,,,,London,N,Higher,,TWENTWORTH,Thomas,Wentworth,M,N,N,"nobility; diplomat, soldier, Lord Raby 1695, Earl of Strafford 1711",http://www.oxforddnb.com/view/article/29059,Family: Nuclear,younger brother - older brother,A,1711,N,N,N,,,1723,"The Wentworth Papers 1705-1739. Selected from the Private and Family Correspondence of Thomas Wentworth, Lord Raby, Created in 1711 Earl of Strafford, of Stainborough, Co. York. Ed. by James J. Cartwright. London: Wyman & Sons. 1883.",181,1700,1719,PWENTWORTH,WENTWO2_047,1711
WENTWO2_048,Wentworth 2,1700-1719,AWENTWORTH,Anne,Wentworth nï¿½e Johnson,F,Nobility,N,"nobility; wife of Thomas Wentworth, Earl of Strafford",41.0,1670.0,40-49,London,U,Unknown,,TWENTWORTH,Thomas,Wentworth,M,N,N,"nobility; diplomat, soldier, Lord Raby 1695, Earl of Strafford 1711",http://www.oxforddnb.com/view/article/29059,Family: Nuclear,wife - husband,A,1711,N,N,N,,,475,"The Wentworth Papers 1705-1739. Selected from the Private and Family Correspondence of Thomas Wentworth, Lord Raby, Created in 1711 Earl of Strafford, of Stainborough, Co. York. Ed. by James J. Cartwright. London: Wyman & Sons. 1883.",207,1700,1719,AWENTWORTH,WENTWO2_048,1711
WENTWO2_049,Wentworth 2,1700-1719,AWENTWORTH,Anne,Wentworth nï¿½e Johnson,F,Nobility,N,"nobility; wife of Thomas Wentworth, Earl of Strafford",41.0,1670.0,40-49,London,U,Unknown,,TWENTWORTH,Thomas,Wentworth,M,N,N,"nobility; diplomat, soldier, Lord Raby 1695, Earl of Strafford 1711",http://www.oxforddnb.com/view/article/29059,Family: Nuclear,wife - husband,A,1711,N,N,N,,,265,"The Wentworth Papers 1705-1739. Selected from the Private and Family Correspondence of Thomas Wentworth, Lord Raby, Created in 1711 Earl of Strafford, of Stainborough, Co. York. Ed. by James J. Cartwright. London: Wyman & Sons. 1883.",208,1700,1719,AWENTWORTH,WENTWO2_049,1711
WENTWO2_050,Wentworth 2,1700-1719,AWENTWORTH,Anne,Wentworth nï¿½e Johnson,F,Nobility,N,"nobility; wife of Thomas Wentworth, Earl of Strafford",41.0,1670.0,40-49,London,U,Unknown,,TWENTWORTH,Thomas,Wentworth,M,N,N,"nobility; diplomat, soldier, Lord Raby 1695, Earl of Strafford 1711",http://www.oxforddnb.com/view/article/29059,Family: Nuclear,wife - husband,A,1711,N,N,N,,,241,"The Wentworth Papers 1705-1739. Selected from the Private and Family Correspondence of Thomas Wentworth, Lord Raby, Created in 1711 Earl of Strafford, of Stainborough, Co. York. Ed. by James J. Cartwright. London: Wyman & Sons. 1883.",209,1700,1719,AWENTWORTH,WENTWO2_050,1711
WENTWO2_051,Wentworth 2,1700-1719,PWENTWORTH,Peter,Wentworth,M,Gentry Upper,GU,gentry upper; equerry to different members of the royal family,,,,London,N,Higher,,TWENTWORTH,Thomas,Wentworth,M,N,N,"nobility; diplomat, soldier, Lord Raby 1695, Earl of Strafford 1711",http://www.oxforddnb.com/view/article/29059,Family: Nuclear,younger brother - older brother,A,1711,N,N,N,,,525,"The Wentworth Papers 1705-1739. Selected from the Private and Family Correspondence of Thomas Wentworth, Lord Raby, Created in 1711 Earl of Strafford, of Stainborough, Co. York. Ed. by James J. Cartwright. London: Wyman & Sons. 1883.",209,1700,1719,PWENTWORTH,WENTWO2_051,1711
WENTWO2_052,Wentworth 2,1700-1719,AWENTWORTH,Anne,Wentworth nï¿½e Johnson,F,Nobility,N,"nobility; wife of Thomas Wentworth, Earl of Strafford",41.0,1670.0,40-49,London,U,Unknown,,TWENTWORTH,Thomas,Wentworth,M,N,N,"nobility; diplomat, soldier, Lord Raby 1695, Earl of Strafford 1711",http://www.oxforddnb.com/view/article/29059,Family: Nuclear,wife - husband,A,1711,N,N,N,,,607,"The Wentworth Papers 1705-1739. Selected from the Private and Family Correspondence of Thomas Wentworth, Lord Raby, Created in 1711 Earl of Strafford, of Stainborough, Co. York. Ed. by James J. Cartwright. London: Wyman & Sons. 1883.",218,1700,1719,AWENTWORTH,WENTWO2_052,1711
WENTWO2_054,Wentworth 2,1700-1719,PWENTWORTH,Peter,Wentworth,M,Gentry Upper,GU,gentry upper; equerry to different members of the royal family,,,,London,N,Higher,,TWENTWORTH,Thomas,Wentworth,M,N,N,"nobility; diplomat, soldier, Lord Raby 1695, Earl of Strafford 1711",http://www.oxforddnb.com/view/article/29059,Family: Nuclear,younger brother - older brother,A,1711,N,N,N,,,639,"The Wentworth Papers 1705-1739. Selected from the Private and Family Correspondence of Thomas Wentworth, Lord Raby, Created in 1711 Earl of Strafford, of Stainborough, Co. York. Ed. by James J. Cartwright. London: Wyman & Sons. 1883.",222,1700,1719,PWENTWORTH,WENTWO2_054,1711
WENTWO2_055,Wentworth 2,1700-1719,AWENTWORTH,Anne,Wentworth nï¿½e Johnson,F,Nobility,N,"nobility; wife of Thomas Wentworth, Earl of Strafford",41.0,1670.0,40-49,London,U,Unknown,,TWENTWORTH,Thomas,Wentworth,M,N,N,"nobility; diplomat, soldier, Lord Raby 1695, Earl of Strafford 1711",http://www.oxforddnb.com/view/article/29059,Family: Nuclear,wife - husband,A,1711,N,N,N,,,459,"The Wentworth Papers 1705-1739. Selected from the Private and Family Correspondence of Thomas Wentworth, Lord Raby, Created in 1711 Earl of Strafford, of Stainborough, Co. York. Ed. by James J. Cartwright. London: Wyman & Sons. 1883.",234,1700,1719,AWENTWORTH,WENTWO2_055,1711
WENTWO2_056,Wentworth 2,1700-1719,WBERKELEY,William,Berkeley,M,Nobility,N,Baron (4th); Chancellor of the Duchy of Lancaster,,,,London,N,Unknown,,TWENTWORTH,Thomas,Wentworth,M,N,N,"nobility; diplomat, soldier, Lord Raby 1695, Earl of Strafford 1711",http://www.oxforddnb.com/view/article/29059,Close Friend,friends,A,1712,N,N,N,,,291,"The Wentworth Papers 1705-1739. Selected from the Private and Family Correspondence of Thomas Wentworth, Lord Raby, Created in 1711 Earl of Strafford, of Stainborough, Co. York. Ed. by James J. Cartwright. London: Wyman & Sons. 1883.",242,1700,1719,WBERKELEY,WENTWO2_056,1712
WENTWO2_058,Wentworth 2,1700-1719,AWENTWORTH,Anne,Wentworth nï¿½e Johnson,F,Nobility,N,"nobility; wife of Thomas Wentworth, Earl of Strafford",42.0,1670.0,40-49,London,U,Unknown,,TWENTWORTH,Thomas,Wentworth,M,N,N,"nobility; diplomat, soldier, Lord Raby 1695, Earl of Strafford 1711",http://www.oxforddnb.com/view/article/29059,Family: Nuclear,wife - husband,A,1712,N,N,N,,,98,"The Wentworth Papers 1705-1739. Selected from the Private and Family Correspondence of Thomas Wentworth, Lord Raby, Created in 1711 Earl of Strafford, of Stainborough, Co. York. Ed. by James J. Cartwright. London: Wyman & Sons. 1883.",243,1700,1719,AWENTWORTH,WENTWO2_058,1712
WENTWO2_059,Wentworth 2,1700-1719,AWENTWORTH,Anne,Wentworth nï¿½e Johnson,F,Nobility,N,"nobility; wife of Thomas Wentworth, Earl of Strafford",42.0,1670.0,40-49,London,U,Unknown,,TWENTWORTH,Thomas,Wentworth,M,N,N,"nobility; diplomat, soldier, Lord Raby 1695, Earl of Strafford 1711",http://www.oxforddnb.com/view/article/29059,Family: Nuclear,wife - husband,A,1712,N,N,N,,,237,"The Wentworth Papers 1705-1739. Selected from the Private and Family Correspondence of Thomas Wentworth, Lord Raby, Created in 1711 Earl of Strafford, of Stainborough, Co. York. Ed. by James J. Cartwright. London: Wyman & Sons. 1883.",243,1700,1719,AWENTWORTH,WENTWO2_059,1712
WENTWO2_060,Wentworth 2,1700-1719,PWENTWORTH,Peter,Wentworth,M,Gentry Upper,GU,gentry upper; equerry to different members of the royal family,,,,London,N,Higher,,TWENTWORTH,Thomas,Wentworth,M,N,N,"nobility; diplomat, soldier, Lord Raby 1695, Earl of Strafford 1711",http://www.oxforddnb.com/view/article/29059,Family: Nuclear,younger brother - older brother,A,1712,N,N,N,,,1627,"The Wentworth Papers 1705-1739. Selected from the Private and Family Correspondence of Thomas Wentworth, Lord Raby, Created in 1711 Earl of Strafford, of Stainborough, Co. York. Ed. by James J. Cartwright. London: Wyman & Sons. 1883.",247,1700,1719,PWENTWORTH,WENTWO2_060,1712
WENTWO2_061,Wentworth 2,1700-1719,AWENTWORTH,Anne,Wentworth nï¿½e Johnson,F,Nobility,N,"nobility; wife of Thomas Wentworth, Earl of Strafford",42.0,1670.0,40-49,London,U,Unknown,,TWENTWORTH,Thomas,Wentworth,M,N,N,"nobility; diplomat, soldier, Lord Raby 1695, Earl of Strafford 1711",http://www.oxforddnb.com/view/article/29059,Family: Nuclear,wife - husband,A,1712,N,N,N,,,239,"The Wentworth Papers 1705-1739. Selected from the Private and Family Correspondence of Thomas Wentworth, Lord Raby, Created in 1711 Earl of Strafford, of Stainborough, Co. York. Ed. by James J. Cartwright. London: Wyman & Sons. 1883.",256,1700,1719,AWENTWORTH,WENTWO2_061,1712
WENTWO2_062,Wentworth 2,1700-1719,AWENTWORTH,Anne,Wentworth nï¿½e Johnson,F,Nobility,N,"nobility; wife of Thomas Wentworth, Earl of Strafford",42.0,1670.0,40-49,London,U,Unknown,,TWENTWORTH,Thomas,Wentworth,M,N,N,"nobility; diplomat, soldier, Lord Raby 1695, Earl of Strafford 1711",http://www.oxforddnb.com/view/article/29059,Family: Nuclear,wife - husband,A,1712,N,N,N,,,340,"The Wentworth Papers 1705-1739. Selected from the Private and Family Correspondence of Thomas Wentworth, Lord Raby, Created in 1711 Earl of Strafford, of Stainborough, Co. York. Ed. by James J. Cartwright. London: Wyman & Sons. 1883.",261,1700,1719,AWENTWORTH,WENTWO2_062,1712
WENTWO2_063,Wentworth 2,1700-1719,AWENTWORTH,Anne,Wentworth nï¿½e Johnson,F,Nobility,N,"nobility; wife of Thomas Wentworth, Earl of Strafford",42.0,1670.0,40-49,London,U,Unknown,,TWENTWORTH,Thomas,Wentworth,M,N,N,"nobility; diplomat, soldier, Lord Raby 1695, Earl of Strafford 1711",http://www.oxforddnb.com/view/article/29059,Family: Nuclear,wife - husband,A,1712,N,N,N,,,166,"The Wentworth Papers 1705-1739. Selected from the Private and Family Correspondence of Thomas Wentworth, Lord Raby, Created in 1711 Earl of Strafford, of Stainborough, Co. York. Ed. by James J. Cartwright. London: Wyman & Sons. 1883.",262,1700,1719,AWENTWORTH,WENTWO2_063,1712
WENTWO2_064,Wentworth 2,1700-1719,AWENTWORTH,Anne,Wentworth nï¿½e Johnson,F,Nobility,N,"nobility; wife of Thomas Wentworth, Earl of Strafford",42.0,1670.0,40-49,London,U,Unknown,,TWENTWORTH,Thomas,Wentworth,M,N,N,"nobility; diplomat, soldier, Lord Raby 1695, Earl of Strafford 1711",http://www.oxforddnb.com/view/article/29059,Family: Nuclear,wife - husband,A,1712,N,N,N,,,386,"The Wentworth Papers 1705-1739. Selected from the Private and Family Correspondence of Thomas Wentworth, Lord Raby, Created in 1711 Earl of Strafford, of Stainborough, Co. York. Ed. by James J. Cartwright. London: Wyman & Sons. 1883.",263,1700,1719,AWENTWORTH,WENTWO2_064,1712
WENTWO2_065,Wentworth 2,1700-1719,AWENTWORTH,Anne,Wentworth nï¿½e Johnson,F,Nobility,N,"nobility; wife of Thomas Wentworth, Earl of Strafford",42.0,1670.0,40-49,London,U,Unknown,,TWENTWORTH,Thomas,Wentworth,M,N,N,"nobility; diplomat, soldier, Lord Raby 1695, Earl of Strafford 1711",http://www.oxforddnb.com/view/article/29059,Family: Nuclear,wife - husband,A,1712,N,N,N,,,169,"The Wentworth Papers 1705-1739. Selected from the Private and Family Correspondence of Thomas Wentworth, Lord Raby, Created in 1711 Earl of Strafford, of Stainborough, Co. York. Ed. by James J. Cartwright. London: Wyman & Sons. 1883.",270,1700,1719,AWENTWORTH,WENTWO2_065,1712
WENTWO2_066,Wentworth 2,1700-1719,WBERKELEY,William,Berkeley,M,Nobility,N,Baron (4th); Chancellor of the Duchy of Lancaster,,,,London,N,Unknown,,TWENTWORTH,Thomas,Wentworth,M,N,N,"nobility; diplomat, soldier, Lord Raby 1695, Earl of Strafford 1711",http://www.oxforddnb.com/view/article/29059,Close Friend,friends,A,1712,N,N,N,,,348,"The Wentworth Papers 1705-1739. Selected from the Private and Family Correspondence of Thomas Wentworth, Lord Raby, Created in 1711 Earl of Strafford, of Stainborough, Co. York. Ed. by James J. Cartwright. London: Wyman & Sons. 1883.",271,1700,1719,WBERKELEY,WENTWO2_066,1712
WENTWO2_067,Wentworth 2,1700-1719,AWENTWORTH,Anne,Wentworth nï¿½e Johnson,F,Nobility,N,"nobility; wife of Thomas Wentworth, Earl of Strafford",42.0,1670.0,40-49,London,U,Unknown,,TWENTWORTH,Thomas,Wentworth,M,N,N,"nobility; diplomat, soldier, Lord Raby 1695, Earl of Strafford 1711",http://www.oxforddnb.com/view/article/29059,Family: Nuclear,wife - husband,A,1712,N,N,N,,,240,"The Wentworth Papers 1705-1739. Selected from the Private and Family Correspondence of Thomas Wentworth, Lord Raby, Created in 1711 Earl of Strafford, of Stainborough, Co. York. Ed. by James J. Cartwright. London: Wyman & Sons. 1883.",273,1700,1719,AWENTWORTH,WENTWO2_067,1712
WENTWO2_069,Wentworth 2,1700-1719,AWENTWORTH,Anne,Wentworth nï¿½e Johnson,F,Nobility,N,"nobility; wife of Thomas Wentworth, Earl of Strafford",42.0,1670.0,40-49,London,U,Unknown,,TWENTWORTH,Thomas,Wentworth,M,N,N,"nobility; diplomat, soldier, Lord Raby 1695, Earl of Strafford 1711",http://www.oxforddnb.com/view/article/29059,Family: Nuclear,wife - husband,A,1712,N,N,N,,,213,"The Wentworth Papers 1705-1739. Selected from the Private and Family Correspondence of Thomas Wentworth, Lord Raby, Created in 1711 Earl of Strafford, of Stainborough, Co. York. Ed. by James J. Cartwright. London: Wyman & Sons. 1883.",277,1700,1719,AWENTWORTH,WENTWO2_069,1712
WENTWO2_070,Wentworth 2,1700-1719,AWENTWORTH,Anne,Wentworth nï¿½e Johnson,F,Nobility,N,"nobility; wife of Thomas Wentworth, Earl of Strafford",42.0,1670.0,40-49,London,U,Unknown,,TWENTWORTH,Thomas,Wentworth,M,N,N,"nobility; diplomat, soldier, Lord Raby 1695, Earl of Strafford 1711",http://www.oxforddnb.com/view/article/29059,Family: Nuclear,wife - husband,A,1712,N,N,N,,,427,"The Wentworth Papers 1705-1739. Selected from the Private and Family Correspondence of Thomas Wentworth, Lord Raby, Created in 1711 Earl of Strafford, of Stainborough, Co. York. Ed. by James J. Cartwright. London: Wyman & Sons. 1883.",279,1700,1719,AWENTWORTH,WENTWO2_070,1712
WENTWO2_071,Wentworth 2,1700-1719,AWENTWORTH,Anne,Wentworth nï¿½e Johnson,F,Nobility,N,"nobility; wife of Thomas Wentworth, Earl of Strafford",42.0,1670.0,40-49,London,U,Unknown,,TWENTWORTH,Thomas,Wentworth,M,N,N,"nobility; diplomat, soldier, Lord Raby 1695, Earl of Strafford 1711",http://www.oxforddnb.com/view/article/29059,Family: Nuclear,wife - husband,A,1712,N,N,N,,,240,"The Wentworth Papers 1705-1739. Selected from the Private and Family Correspondence of Thomas Wentworth, Lord Raby, Created in 1711 Earl of Strafford, of Stainborough, Co. York. Ed. by James J. Cartwright. London: Wyman & Sons. 1883.",280,1700,1719,AWENTWORTH,WENTWO2_071,1712
WENTWO2_072,Wentworth 2,1700-1719,WBERKELEY,William,Berkeley,M,Nobility,N,Baron (4th); Chancellor of the Duchy of Lancaster,,,,London,N,Unknown,,TWENTWORTH,Thomas,Wentworth,M,N,N,"nobility; diplomat, soldier, Lord Raby 1695, Earl of Strafford 1711",http://www.oxforddnb.com/view/article/29059,Close Friend,friends,A,1712,N,N,N,,,353,"The Wentworth Papers 1705-1739. Selected from the Private and Family Correspondence of Thomas Wentworth, Lord Raby, Created in 1711 Earl of Strafford, of Stainborough, Co. York. Ed. by James J. Cartwright. London: Wyman & Sons. 1883.",281,1700,1719,WBERKELEY,WENTWO2_072,1712
WENTWO2_073,Wentworth 2,1700-1719,AWENTWORTH,Anne,Wentworth nï¿½e Johnson,F,Nobility,N,"nobility; wife of Thomas Wentworth, Earl of Strafford",42.0,1670.0,40-49,London,U,Unknown,,TWENTWORTH,Thomas,Wentworth,M,N,N,"nobility; diplomat, soldier, Lord Raby 1695, Earl of Strafford 1711",http://www.oxforddnb.com/view/article/29059,Family: Nuclear,wife - husband,A,1712,N,N,N,,,174,"The Wentworth Papers 1705-1739. Selected from the Private and Family Correspondence of Thomas Wentworth, Lord Raby, Created in 1711 Earl of Strafford, of Stainborough, Co. York. Ed. by James J. Cartwright. London: Wyman & Sons. 1883.",282,1700,1719,AWENTWORTH,WENTWO2_073,1712
WENTWO2_074,Wentworth 2,1700-1719,AWENTWORTH,Anne,Wentworth nï¿½e Johnson,F,Nobility,N,"nobility; wife of Thomas Wentworth, Earl of Strafford",42.0,1670.0,40-49,London,U,Unknown,,TWENTWORTH,Thomas,Wentworth,M,N,N,"nobility; diplomat, soldier, Lord Raby 1695, Earl of Strafford 1711",http://www.oxforddnb.com/view/article/29059,Family: Nuclear,wife - husband,A,1712,N,N,N,,,229,"The Wentworth Papers 1705-1739. Selected from the Private and Family Correspondence of Thomas Wentworth, Lord Raby, Created in 1711 Earl of Strafford, of Stainborough, Co. York. Ed. by James J. Cartwright. London: Wyman & Sons. 1883.",284,1700,1719,AWENTWORTH,WENTWO2_074,1712
WENTWO2_075,Wentworth 2,1700-1719,AWENTWORTH,Anne,Wentworth nï¿½e Johnson,F,Nobility,N,"nobility; wife of Thomas Wentworth, Earl of Strafford",42.0,1670.0,40-49,London,U,Unknown,,TWENTWORTH,Thomas,Wentworth,M,N,N,"nobility; diplomat, soldier, Lord Raby 1695, Earl of Strafford 1711",http://www.oxforddnb.com/view/article/29059,Family: Nuclear,wife - husband,A,1712,N,N,N,,,189,"The Wentworth Papers 1705-1739. Selected from the Private and Family Correspondence of Thomas Wentworth, Lord Raby, Created in 1711 Earl of Strafford, of Stainborough, Co. York. Ed. by James J. Cartwright. London: Wyman & Sons. 1883.",284,1700,1719,AWENTWORTH,WENTWO2_075,1712
WENTWO2_076,Wentworth 2,1700-1719,AWENTWORTH,Anne,Wentworth nï¿½e Johnson,F,Nobility,N,"nobility; wife of Thomas Wentworth, Earl of Strafford",42.0,1670.0,40-49,London,U,Unknown,,TWENTWORTH,Thomas,Wentworth,M,N,N,"nobility; diplomat, soldier, Lord Raby 1695, Earl of Strafford 1711",http://www.oxforddnb.com/view/article/29059,Family: Nuclear,wife - husband,A,1712,N,N,N,,,156,"The Wentworth Papers 1705-1739. Selected from the Private and Family Correspondence of Thomas Wentworth, Lord Raby, Created in 1711 Earl of Strafford, of Stainborough, Co. York. Ed. by James J. Cartwright. London: Wyman & Sons. 1883.",291,1700,1719,AWENTWORTH,WENTWO2_076,1712
WENTWO2_077,Wentworth 2,1700-1719,AWENTWORTH,Anne,Wentworth nï¿½e Johnson,F,Nobility,N,"nobility; wife of Thomas Wentworth, Earl of Strafford",42.0,1670.0,40-49,London,U,Unknown,,TWENTWORTH,Thomas,Wentworth,M,N,N,"nobility; diplomat, soldier, Lord Raby 1695, Earl of Strafford 1711",http://www.oxforddnb.com/view/article/29059,Family: Nuclear,wife - husband,A,1712,N,N,N,,,147,"The Wentworth Papers 1705-1739. Selected from the Private and Family Correspondence of Thomas Wentworth, Lord Raby, Created in 1711 Earl of Strafford, of Stainborough, Co. York. Ed. by James J. Cartwright. London: Wyman & Sons. 1883.",296,1700,1719,AWENTWORTH,WENTWO2_077,1712
WENTWO2_078,Wentworth 2,1700-1719,WBERKELEY,William,Berkeley,M,Nobility,N,Baron (4th); Chancellor of the Duchy of Lancaster,,,,London,N,Unknown,,TWENTWORTH,Thomas,Wentworth,M,N,N,"nobility; diplomat, soldier, Lord Raby 1695, Earl of Strafford 1711",http://www.oxforddnb.com/view/article/29059,Close Friend,friends,A,1712,N,N,N,,,600,"The Wentworth Papers 1705-1739. Selected from the Private and Family Correspondence of Thomas Wentworth, Lord Raby, Created in 1711 Earl of Strafford, of Stainborough, Co. York. Ed. by James J. Cartwright. London: Wyman & Sons. 1883.",297,1700,1719,WBERKELEY,WENTWO2_078,1712
WENTWO2_079,Wentworth 2,1700-1719,AWENTWORTH,Anne,Wentworth nï¿½e Johnson,F,Nobility,N,"nobility; wife of Thomas Wentworth, Earl of Strafford",42.0,1670.0,40-49,London,U,Unknown,,TWENTWORTH,Thomas,Wentworth,M,N,N,"nobility; diplomat, soldier, Lord Raby 1695, Earl of Strafford 1711",http://www.oxforddnb.com/view/article/29059,Family: Nuclear,wife - husband,A,1712,N,N,N,,,162,"The Wentworth Papers 1705-1739. Selected from the Private and Family Correspondence of Thomas Wentworth, Lord Raby, Created in 1711 Earl of Strafford, of Stainborough, Co. York. Ed. by James J. Cartwright. London: Wyman & Sons. 1883.",304,1700,1719,AWENTWORTH,WENTWO2_079,1712
WENTWO2_080,Wentworth 2,1700-1719,AWENTWORTH,Anne,Wentworth nï¿½e Johnson,F,Nobility,N,"nobility; wife of Thomas Wentworth, Earl of Strafford",42.0,1670.0,40-49,London,U,Unknown,,TWENTWORTH,Thomas,Wentworth,M,N,N,"nobility; diplomat, soldier, Lord Raby 1695, Earl of Strafford 1711",http://www.oxforddnb.com/view/article/29059,Family: Nuclear,wife - husband,A,1712,N,N,N,,,286,"The Wentworth Papers 1705-1739. Selected from the Private and Family Correspondence of Thomas Wentworth, Lord Raby, Created in 1711 Earl of Strafford, of Stainborough, Co. York. Ed. by James J. Cartwright. London: Wyman & Sons. 1883.",306,1700,1719,AWENTWORTH,WENTWO2_080,1712
WENTWO2_081,Wentworth 2,1700-1719,AWENTWORTH,Anne,Wentworth nï¿½e Johnson,F,Nobility,N,"nobility; wife of Thomas Wentworth, Earl of Strafford",42.0,1670.0,40-49,London,U,Unknown,,TWENTWORTH,Thomas,Wentworth,M,N,N,"nobility; diplomat, soldier, Lord Raby 1695, Earl of Strafford 1711",http://www.oxforddnb.com/view/article/29059,Family: Nuclear,wife - husband,A,1712,N,N,N,,,178,"The Wentworth Papers 1705-1739. Selected from the Private and Family Correspondence of Thomas Wentworth, Lord Raby, Created in 1711 Earl of Strafford, of Stainborough, Co. York. Ed. by James J. Cartwright. London: Wyman & Sons. 1883.",307,1700,1719,AWENTWORTH,WENTWO2_081,1712
WENTWO2_082,Wentworth 2,1700-1719,AWENTWORTH,Anne,Wentworth nï¿½e Johnson,F,Nobility,N,"nobility; wife of Thomas Wentworth, Earl of Strafford",42.0,1670.0,40-49,London,U,Unknown,,TWENTWORTH,Thomas,Wentworth,M,N,N,"nobility; diplomat, soldier, Lord Raby 1695, Earl of Strafford 1711",http://www.oxforddnb.com/view/article/29059,Family: Nuclear,wife - husband,A,1712,N,N,N,,,461,"The Wentworth Papers 1705-1739. Selected from the Private and Family Correspondence of Thomas Wentworth, Lord Raby, Created in 1711 Earl of Strafford, of Stainborough, Co. York. Ed. by James J. Cartwright. London: Wyman & Sons. 1883.",309,1700,1719,AWENTWORTH,WENTWO2_082,1712
WENTWO2_083,Wentworth 2,1700-1719,WBERKELEY,William,Berkeley,M,Nobility,N,Baron (4th); Chancellor of the Duchy of Lancaster,,,,London,N,Unknown,,TWENTWORTH,Thomas,Wentworth,M,N,N,"nobility; diplomat, soldier, Lord Raby 1695, Earl of Strafford 1711",http://www.oxforddnb.com/view/article/29059,Close Friend,friends,A,1712,N,N,N,,,388,"The Wentworth Papers 1705-1739. Selected from the Private and Family Correspondence of Thomas Wentworth, Lord Raby, Created in 1711 Earl of Strafford, of Stainborough, Co. York. Ed. by James J. Cartwright. London: Wyman & Sons. 1883.",310,1700,1719,WBERKELEY,WENTWO2_083,1712
WENTWO2_084,Wentworth 2,1700-1719,AWENTWORTH,Anne,Wentworth nï¿½e Johnson,F,Nobility,N,"nobility; wife of Thomas Wentworth, Earl of Strafford",43.0,1670.0,40-49,London,U,Unknown,,TWENTWORTH,Thomas,Wentworth,M,N,N,"nobility; diplomat, soldier, Lord Raby 1695, Earl of Strafford 1711",http://www.oxforddnb.com/view/article/29059,Family: Nuclear,wife - husband,A,1713,N,N,N,,,236,"The Wentworth Papers 1705-1739. Selected from the Private and Family Correspondence of Thomas Wentworth, Lord Raby, Created in 1711 Earl of Strafford, of Stainborough, Co. York. Ed. by James J. Cartwright. London: Wyman & Sons. 1883.",313,1700,1719,AWENTWORTH,WENTWO2_084,1713
WENTWO2_085,Wentworth 2,1700-1719,AWENTWORTH,Anne,Wentworth nï¿½e Johnson,F,Nobility,N,"nobility; wife of Thomas Wentworth, Earl of Strafford",43.0,1670.0,40-49,London,U,Unknown,,TWENTWORTH,Thomas,Wentworth,M,N,N,"nobility; diplomat, soldier, Lord Raby 1695, Earl of Strafford 1711",http://www.oxforddnb.com/view/article/29059,Family: Nuclear,wife - husband,A,1713,N,N,N,,,184,"The Wentworth Papers 1705-1739. Selected from the Private and Family Correspondence of Thomas Wentworth, Lord Raby, Created in 1711 Earl of Strafford, of Stainborough, Co. York. Ed. by James J. Cartwright. London: Wyman & Sons. 1883.",314,1700,1719,AWENTWORTH,WENTWO2_085,1713
WENTWO2_086,Wentworth 2,1700-1719,AWENTWORTH,Anne,Wentworth nï¿½e Johnson,F,Nobility,N,"nobility; wife of Thomas Wentworth, Earl of Strafford",43.0,1670.0,40-49,London,U,Unknown,,TWENTWORTH,Thomas,Wentworth,M,N,N,"nobility; diplomat, soldier, Lord Raby 1695, Earl of Strafford 1711",http://www.oxforddnb.com/view/article/29059,Family: Nuclear,wife - husband,A,1713,N,N,N,,,184,"The Wentworth Papers 1705-1739. Selected from the Private and Family Correspondence of Thomas Wentworth, Lord Raby, Created in 1711 Earl of Strafford, of Stainborough, Co. York. Ed. by James J. Cartwright. London: Wyman & Sons. 1883.",315,1700,1719,AWENTWORTH,WENTWO2_086,1713
WENTWO2_087,Wentworth 2,1700-1719,WBERKELEY,William,Berkeley,M,Nobility,N,Baron (4th); Chancellor of the Duchy of Lancaster,,,,London,N,Unknown,,TWENTWORTH,Thomas,Wentworth,M,N,N,"nobility; diplomat, soldier, Lord Raby 1695, Earl of Strafford 1711",http://www.oxforddnb.com/view/article/29059,Close Friend,friends,A,1713,N,N,N,,,318,"The Wentworth Papers 1705-1739. Selected from the Private and Family Correspondence of Thomas Wentworth, Lord Raby, Created in 1711 Earl of Strafford, of Stainborough, Co. York. Ed. by James J. Cartwright. London: Wyman & Sons. 1883.",317,1700,1719,WBERKELEY,WENTWO2_087,1713
WENTWO2_088,Wentworth 2,1700-1719,AWENTWORTH,Anne,Wentworth nï¿½e Johnson,F,Nobility,N,"nobility; wife of Thomas Wentworth, Earl of Strafford",43.0,1670.0,40-49,London,U,Unknown,,TWENTWORTH,Thomas,Wentworth,M,N,N,"nobility; diplomat, soldier, Lord Raby 1695, Earl of Strafford 1711",http://www.oxforddnb.com/view/article/29059,Family: Nuclear,wife - husband,A,1713,N,N,N,,,222,"The Wentworth Papers 1705-1739. Selected from the Private and Family Correspondence of Thomas Wentworth, Lord Raby, Created in 1711 Earl of Strafford, of Stainborough, Co. York. Ed. by James J. Cartwright. London: Wyman & Sons. 1883.",318,1700,1719,AWENTWORTH,WENTWO2_088,1713
WENTWO2_089,Wentworth 2,1700-1719,AWENTWORTH,Anne,Wentworth nï¿½e Johnson,F,Nobility,N,"nobility; wife of Thomas Wentworth, Earl of Strafford",43.0,1670.0,40-49,London,U,Unknown,,TWENTWORTH,Thomas,Wentworth,M,N,N,"nobility; diplomat, soldier, Lord Raby 1695, Earl of Strafford 1711",http://www.oxforddnb.com/view/article/29059,Family: Nuclear,wife - husband,A,1713,N,N,N,,,341,"The Wentworth Papers 1705-1739. Selected from the Private and Family Correspondence of Thomas Wentworth, Lord Raby, Created in 1711 Earl of Strafford, of Stainborough, Co. York. Ed. by James J. Cartwright. London: Wyman & Sons. 1883.",319,1700,1719,AWENTWORTH,WENTWO2_089,1713
WENTWO2_090,Wentworth 2,1700-1719,PWENTWORTH,Peter,Wentworth,M,Gentry Upper,GU,gentry upper; equerry to different members of the royal family,,,,London,N,Higher,,TWENTWORTH,Thomas,Wentworth,M,N,N,"nobility; diplomat, soldier, Lord Raby 1695, Earl of Strafford 1711",http://www.oxforddnb.com/view/article/29059,Family: Nuclear,younger brother - older brother,A,1713,N,N,N,,,201,"The Wentworth Papers 1705-1739. Selected from the Private and Family Correspondence of Thomas Wentworth, Lord Raby, Created in 1711 Earl of Strafford, of Stainborough, Co. York. Ed. by James J. Cartwright. London: Wyman & Sons. 1883.",322,1700,1719,PWENTWORTH,WENTWO2_090,1713
WENTWO2_091,Wentworth 2,1700-1719,AWENTWORTH,Anne,Wentworth nï¿½e Johnson,F,Nobility,N,"nobility; wife of Thomas Wentworth, Earl of Strafford",43.0,1670.0,40-49,London,U,Unknown,,TWENTWORTH,Thomas,Wentworth,M,N,N,"nobility; diplomat, soldier, Lord Raby 1695, Earl of Strafford 1711",http://www.oxforddnb.com/view/article/29059,Family: Nuclear,wife - husband,A,1713,N,N,N,,,264,"The Wentworth Papers 1705-1739. Selected from the Private and Family Correspondence of Thomas Wentworth, Lord Raby, Created in 1711 Earl of Strafford, of Stainborough, Co. York. Ed. by James J. Cartwright. London: Wyman & Sons. 1883.",325,1700,1719,AWENTWORTH,WENTWO2_091,1713
WENTWO2_092,Wentworth 2,1700-1719,WBERKELEY,William,Berkeley,M,Nobility,N,Baron (4th); Chancellor of the Duchy of Lancaster,,,,London,N,Unknown,,TWENTWORTH,Thomas,Wentworth,M,N,N,"nobility; diplomat, soldier, Lord Raby 1695, Earl of Strafford 1711",http://www.oxforddnb.com/view/article/29059,Close Friend,friends,A,1713,N,N,N,,,314,"The Wentworth Papers 1705-1739. Selected from the Private and Family Correspondence of Thomas Wentworth, Lord Raby, Created in 1711 Earl of Strafford, of Stainborough, Co. York. Ed. by James J. Cartwright. London: Wyman & Sons. 1883.",328,1700,1719,WBERKELEY,WENTWO2_092,1713
WENTWO2_094,Wentworth 2,1700-1719,WBERKELEY,William,Berkeley,M,Nobility,N,Baron (4th); Chancellor of the Duchy of Lancaster,,,,London,N,Unknown,,TWENTWORTH,Thomas,Wentworth,M,N,N,"nobility; diplomat, soldier, Lord Raby 1695, Earl of Strafford 1711",http://www.oxforddnb.com/view/article/29059,Close Friend,friends,A,1713,N,N,N,,,395,"The Wentworth Papers 1705-1739. Selected from the Private and Family Correspondence of Thomas Wentworth, Lord Raby, Created in 1711 Earl of Strafford, of Stainborough, Co. York. Ed. by James J. Cartwright. London: Wyman & Sons. 1883.",337,1700,1719,WBERKELEY,WENTWO2_094,1713
WENTWO2_095,Wentworth 2,1700-1719,WBERKELEY,William,Berkeley,M,Nobility,N,Baron (4th); Chancellor of the Duchy of Lancaster,,,,London,N,Unknown,,TWENTWORTH,Thomas,Wentworth,M,N,N,"nobility; diplomat, soldier, Lord Raby 1695, Earl of Strafford 1711",http://www.oxforddnb.com/view/article/29059,Close Friend,friends,A,1713,N,N,N,,,438,"The Wentworth Papers 1705-1739. Selected from the Private and Family Correspondence of Thomas Wentworth, Lord Raby, Created in 1711 Earl of Strafford, of Stainborough, Co. York. Ed. by James J. Cartwright. London: Wyman & Sons. 1883.",346,1700,1719,WBERKELEY,WENTWO2_095,1713
WENTWO2_096,Wentworth 2,1700-1719,PWENTWORTH,Peter,Wentworth,M,Gentry Upper,GU,gentry upper; equerry to different members of the royal family,,,,London,N,Higher,,TWENTWORTH,Thomas,Wentworth,M,N,N,"nobility; diplomat, soldier, Lord Raby 1695, Earl of Strafford 1711",http://www.oxforddnb.com/view/article/29059,Family: Nuclear,younger brother - older brother,A,1714,N,N,N,,,436,"The Wentworth Papers 1705-1739. Selected from the Private and Family Correspondence of Thomas Wentworth, Lord Raby, Created in 1711 Earl of Strafford, of Stainborough, Co. York. Ed. by James J. Cartwright. London: Wyman & Sons. 1883.",358,1700,1719,PWENTWORTH,WENTWO2_096,1714
WENTWO2_097,Wentworth 2,1700-1719,WBERKELEY,William,Berkeley,M,Nobility,N,Baron (4th); Chancellor of the Duchy of Lancaster,,,,London,N,Unknown,,TWENTWORTH,Thomas,Wentworth,M,N,N,"nobility; diplomat, soldier, Lord Raby 1695, Earl of Strafford 1711",http://www.oxforddnb.com/view/article/29059,Close Friend,friends,A,1714,N,N,N,,,550,"The Wentworth Papers 1705-1739. Selected from the Private and Family Correspondence of Thomas Wentworth, Lord Raby, Created in 1711 Earl of Strafford, of Stainborough, Co. York. Ed. by James J. Cartwright. London: Wyman & Sons. 1883.",361,1700,1719,WBERKELEY,WENTWO2_097,1714
WENTWO2_098,Wentworth 2,1700-1719,ABATHURST,Allen,Bathurst,M,Nobility,N,"nobility; created 1st Lord Bathurst 1712, statesman and politician",30.0,1684.0,30-39,Other,U,Higher: Oxbridge,http://www.oxforddnb.com/view/article/1692,TWENTWORTH,Thomas,Wentworth,M,N,N,"nobility; diplomat, soldier, Lord Raby 1695, Earl of Strafford 1711",http://www.oxforddnb.com/view/article/29059,Family: Other,cousin - cousin (first cousins),A,1714,N,N,N,,,1172,"The Wentworth Papers 1705-1739. Selected from the Private and Family Correspondence of Thomas Wentworth, Lord Raby, Created in 1711 Earl of Strafford, of Stainborough, Co. York. Ed. by James J. Cartwright. London: Wyman & Sons. 1883.",362,1700,1719,ABATHURST,WENTWO2_098,1714
WENTWO2_099,Wentworth 2,1700-1719,PWENTWORTH,Peter,Wentworth,M,Gentry Upper,GU,gentry upper; equerry to different members of the royal family,,,,London,N,Higher,,TWENTWORTH,Thomas,Wentworth,M,N,N,"nobility; diplomat, soldier, Lord Raby 1695, Earl of Strafford 1711",http://www.oxforddnb.com/view/article/29059,Family: Nuclear,younger brother - older brother,A,1714,N,N,N,,,191,"The Wentworth Papers 1705-1739. Selected from the Private and Family Correspondence of Thomas Wentworth, Lord Raby, Created in 1711 Earl of Strafford, of Stainborough, Co. York. Ed. by James J. Cartwright. London: Wyman & Sons. 1883.",368,1700,1719,PWENTWORTH,WENTWO2_099,1714
WENTWO2_100,Wentworth 2,1700-1719,ABATHURST,Allen,Bathurst,M,Nobility,N,"nobility; created 1st Lord Bathurst 1712, statesman and politician",30.0,1684.0,30-39,Other,U,Higher: Oxbridge,http://www.oxforddnb.com/view/article/1692,TWENTWORTH,Thomas,Wentworth,M,N,N,"nobility; diplomat, soldier, Lord Raby 1695, Earl of Strafford 1711",http://www.oxforddnb.com/view/article/29059,Family: Other,cousin - cousin (first cousins),A,1714,N,N,N,,,1320,"The Wentworth Papers 1705-1739. Selected from the Private and Family Correspondence of Thomas Wentworth, Lord Raby, Created in 1711 Earl of Strafford, of Stainborough, Co. York. Ed. by James J. Cartwright. London: Wyman & Sons. 1883.",372,1700,1719,ABATHURST,WENTWO2_100,1714
WENTWO2_101,Wentworth 2,1700-1719,ABATHURST,Allen,Bathurst,M,Nobility,N,"nobility; created 1st Lord Bathurst 1712, statesman and politician",30.0,1684.0,30-39,Other,U,Higher: Oxbridge,http://www.oxforddnb.com/view/article/1692,TWENTWORTH,Thomas,Wentworth,M,N,N,"nobility; diplomat, soldier, Lord Raby 1695, Earl of Strafford 1711",http://www.oxforddnb.com/view/article/29059,Family: Other,cousin - cousin (first cousins),A,1714,N,N,N,,,812,"The Wentworth Papers 1705-1739. Selected from the Private and Family Correspondence of Thomas Wentworth, Lord Raby, Created in 1711 Earl of Strafford, of Stainborough, Co. York. Ed. by James J. Cartwright. London: Wyman & Sons. 1883.",380,1700,1719,ABATHURST,WENTWO2_101,1714
WENTWO2_102,Wentworth 2,1700-1719,ABATHURST,Allen,Bathurst,M,Nobility,N,"nobility; created 1st Lord Bathurst 1712, statesman and politician",30.0,1684.0,30-39,Other,U,Higher: Oxbridge,http://www.oxforddnb.com/view/article/1692,TWENTWORTH,Thomas,Wentworth,M,N,N,"nobility; diplomat, soldier, Lord Raby 1695, Earl of Strafford 1711",http://www.oxforddnb.com/view/article/29059,Family: Other,cousin - cousin (first cousins),A,1714,N,N,N,,,373,"The Wentworth Papers 1705-1739. Selected from the Private and Family Correspondence of Thomas Wentworth, Lord Raby, Created in 1711 Earl of Strafford, of Stainborough, Co. York. Ed. by James J. Cartwright. London: Wyman & Sons. 1883.",382,1700,1719,ABATHURST,WENTWO2_102,1714
WENTWO2_103,Wentworth 2,1700-1719,ABATHURST,Allen,Bathurst,M,Nobility,N,"nobility; created 1st Lord Bathurst 1712, statesman and politician",30.0,1684.0,30-39,Other,U,Higher: Oxbridge,http://www.oxforddnb.com/view/article/1692,TWENTWORTH,Thomas,Wentworth,M,N,N,"nobility; diplomat, soldier, Lord Raby 1695, Earl of Strafford 1711",http://www.oxforddnb.com/view/article/29059,Family: Other,cousin - cousin (first cousins),A,1714,N,N,N,,,397,"The Wentworth Papers 1705-1739. Selected from the Private and Family Correspondence of Thomas Wentworth, Lord Raby, Created in 1711 Earl of Strafford, of Stainborough, Co. York. Ed. by James J. Cartwright. London: Wyman & Sons. 1883.",384,1700,1719,ABATHURST,WENTWO2_103,1714
WENTWO2_104,Wentworth 2,1700-1719,ABATHURST,Allen,Bathurst,M,Nobility,N,"nobility; created 1st Lord Bathurst 1712, statesman and politician",30.0,1684.0,30-39,Other,U,Higher: Oxbridge,http://www.oxforddnb.com/view/article/1692,TWENTWORTH,Thomas,Wentworth,M,N,N,"nobility; diplomat, soldier, Lord Raby 1695, Earl of Strafford 1711",http://www.oxforddnb.com/view/article/29059,Family: Other,cousin - cousin (first cousins),A,1714,N,N,N,,,1022,"The Wentworth Papers 1705-1739. Selected from the Private and Family Correspondence of Thomas Wentworth, Lord Raby, Created in 1711 Earl of Strafford, of Stainborough, Co. York. Ed. by James J. Cartwright. London: Wyman & Sons. 1883.",388,1700,1719,ABATHURST,WENTWO2_104,1714
WENTWO2_105,Wentworth 2,1700-1719,PWENTWORTH,Peter,Wentworth,M,Gentry Upper,GU,gentry upper; equerry to different members of the royal family,,,,London,N,Higher,,TWENTWORTH,Thomas,Wentworth,M,N,N,"nobility; diplomat, soldier, Lord Raby 1695, Earl of Strafford 1711",http://www.oxforddnb.com/view/article/29059,Family: Nuclear,younger brother - older brother,A,1714,N,N,N,,,447,"The Wentworth Papers 1705-1739. Selected from the Private and Family Correspondence of Thomas Wentworth, Lord Raby, Created in 1711 Earl of Strafford, of Stainborough, Co. York. Ed. by James J. Cartwright. London: Wyman & Sons. 1883.",408,1700,1719,PWENTWORTH,WENTWO2_105,1714
WENTWO2_106,Wentworth 2,1700-1719,ABATHURST,Allen,Bathurst,M,Nobility,N,"nobility; created 1st Lord Bathurst 1712, statesman and politician",30.0,1684.0,30-39,Other,U,Higher: Oxbridge,http://www.oxforddnb.com/view/article/1692,TWENTWORTH,Thomas,Wentworth,M,N,N,"nobility; diplomat, soldier, Lord Raby 1695, Earl of Strafford 1711",http://www.oxforddnb.com/view/article/29059,Family: Other,cousin - cousin (first cousins),A,1714,N,N,N,,,403,"The Wentworth Papers 1705-1739. Selected from the Private and Family Correspondence of Thomas Wentworth, Lord Raby, Created in 1711 Earl of Strafford, of Stainborough, Co. York. Ed. by James J. Cartwright. London: Wyman & Sons. 1883.",411,1700,1719,ABATHURST,WENTWO2_106,1714
WENTWO2_107,Wentworth 2,1700-1719,WBERKELEY,William,Berkeley,M,Nobility,N,Baron (4th); Chancellor of the Duchy of Lancaster,,,,London,N,Unknown,,TWENTWORTH,Thomas,Wentworth,M,N,N,"nobility; diplomat, soldier, Lord Raby 1695, Earl of Strafford 1711",http://www.oxforddnb.com/view/article/29059,Close Friend,friends,A,1714,N,N,N,,,301,"The Wentworth Papers 1705-1739. Selected from the Private and Family Correspondence of Thomas Wentworth, Lord Raby, Created in 1711 Earl of Strafford, of Stainborough, Co. York. Ed. by James J. Cartwright. London: Wyman & Sons. 1883.",412,1700,1719,WBERKELEY,WENTWO2_107,1714
WENTWO2_108,Wentworth 2,1700-1719,WBERKELEY,William,Berkeley,M,Nobility,N,Baron (4th); Chancellor of the Duchy of Lancaster,,,,London,N,Unknown,,TWENTWORTH,Thomas,Wentworth,M,N,N,"nobility; diplomat, soldier, Lord Raby 1695, Earl of Strafford 1711",http://www.oxforddnb.com/view/article/29059,Close Friend,friends,A,1714,N,N,N,,,331,"The Wentworth Papers 1705-1739. Selected from the Private and Family Correspondence of Thomas Wentworth, Lord Raby, Created in 1711 Earl of Strafford, of Stainborough, Co. York. Ed. by James J. Cartwright. London: Wyman & Sons. 1883.",420,1700,1719,WBERKELEY,WENTWO2_108,1714
WENTWO2_109,Wentworth 2,1700-1719,PWENTWORTH,Peter,Wentworth,M,Gentry Upper,GU,gentry upper; equerry to different members of the royal family,,,,London,N,Higher,,TWENTWORTH,Thomas,Wentworth,M,N,N,"nobility; diplomat, soldier, Lord Raby 1695, Earl of Strafford 1711",http://www.oxforddnb.com/view/article/29059,Family: Nuclear,younger brother - older brother,A,1714,N,N,N,,,608,"The Wentworth Papers 1705-1739. Selected from the Private and Family Correspondence of Thomas Wentworth, Lord Raby, Created in 1711 Earl of Strafford, of Stainborough, Co. York. Ed. by James J. Cartwright. London: Wyman & Sons. 1883.",424,1700,1719,PWENTWORTH,WENTWO2_109,1714
WENTWO2_110,Wentworth 2,1700-1719,ABATHURST,Allen,Bathurst,M,Nobility,N,"nobility; created 1st Lord Bathurst 1712, statesman and politician",30.0,1684.0,30-39,Other,U,Higher: Oxbridge,http://www.oxforddnb.com/view/article/1692,TWENTWORTH,Thomas,Wentworth,M,N,N,"nobility; diplomat, soldier, Lord Raby 1695, Earl of Strafford 1711",http://www.oxforddnb.com/view/article/29059,Family: Other,cousin - cousin (first cousins),A,1714,N,N,N,,,570,"The Wentworth Papers 1705-1739. Selected from the Private and Family Correspondence of Thomas Wentworth, Lord Raby, Created in 1711 Earl of Strafford, of Stainborough, Co. York. Ed. by James J. Cartwright. London: Wyman & Sons. 1883.",438,1700,1719,ABATHURST,WENTWO2_110,1714
WENTWO2_111,Wentworth 2,1700-1719,AWENTWORTH,Anne,Wentworth nï¿½e Johnson,F,Nobility,N,"nobility; wife of Thomas Wentworth, Earl of Strafford",44.0,1670.0,40-49,London,U,Unknown,,TWENTWORTH,Thomas,Wentworth,M,N,N,"nobility; diplomat, soldier, Lord Raby 1695, Earl of Strafford 1711",http://www.oxforddnb.com/view/article/29059,Family: Nuclear,wife - husband,A,1714,N,N,N,,,189,"The Wentworth Papers 1705-1739. Selected from the Private and Family Correspondence of Thomas Wentworth, Lord Raby, Created in 1711 Earl of Strafford, of Stainborough, Co. York. Ed. by James J. Cartwright. London: Wyman & Sons. 1883.",439,1700,1719,AWENTWORTH,WENTWO2_111,1714
WENTWO2_112,Wentworth 2,1700-1719,ABATHURST,Allen,Bathurst,M,Nobility,N,"nobility; created 1st Lord Bathurst 1712, statesman and politician",33.0,1684.0,30-39,Other,U,Higher: Oxbridge,http://www.oxforddnb.com/view/article/1692,TWENTWORTH,Thomas,Wentworth,M,N,N,"nobility; diplomat, soldier, Lord Raby 1695, Earl of Strafford 1711",http://www.oxforddnb.com/view/article/29059,Family: Other,cousin - cousin (first cousins),A,1717,N,N,N,,,471,"The Wentworth Papers 1705-1739. Selected from the Private and Family Correspondence of Thomas Wentworth, Lord Raby, Created in 1711 Earl of Strafford, of Stainborough, Co. York. Ed. by James J. Cartwright. London: Wyman & Sons. 1883.",443,1700,1719,ABATHURST,WENTWO2_112,1717
WENTWO2_113,Wentworth 2,1700-1719,ABATHURST,Allen,Bathurst,M,Nobility,N,"nobility; created 1st Lord Bathurst 1712, statesman and politician",33.0,1684.0,30-39,Other,U,Higher: Oxbridge,http://www.oxforddnb.com/view/article/1692,TWENTWORTH,Thomas,Wentworth,M,N,N,"nobility; diplomat, soldier, Lord Raby 1695, Earl of Strafford 1711",http://www.oxforddnb.com/view/article/29059,Family: Other,cousin - cousin (first cousins),A,1717,N,N,N,,,674,"The Wentworth Papers 1705-1739. Selected from the Private and Family Correspondence of Thomas Wentworth, Lord Raby, Created in 1711 Earl of Strafford, of Stainborough, Co. York. Ed. by James J. Cartwright. London: Wyman & Sons. 1883.",444,1700,1719,ABATHURST,WENTWO2_113,1717
WENTWO2_114,Wentworth 2,1700-1719,WBERKELEY,William,Berkeley,M,Nobility,N,Baron (4th); Chancellor of the Duchy of Lancaster,,,,London,N,Unknown,,TWENTWORTH,Thomas,Wentworth,M,N,N,"nobility; diplomat, soldier, Lord Raby 1695, Earl of Strafford 1711",http://www.oxforddnb.com/view/article/29059,Close Friend,friends,A,1718,N,N,N,,,202,"The Wentworth Papers 1705-1739. Selected from the Private and Family Correspondence of Thomas Wentworth, Lord Raby, Created in 1711 Earl of Strafford, of Stainborough, Co. York. Ed. by James J. Cartwright. London: Wyman & Sons. 1883.",446,1700,1719,WBERKELEY,WENTWO2_114,1718
WENTWO2_115,Wentworth 2,1700-1719,ABATHURST,Allen,Bathurst,M,Nobility,N,"nobility; created 1st Lord Bathurst 1712, statesman and politician",35.0,1684.0,30-39,Other,U,Higher: Oxbridge,http://www.oxforddnb.com/view/article/1692,TWENTWORTH,Thomas,Wentworth,M,N,N,"nobility; diplomat, soldier, Lord Raby 1695, Earl of Strafford 1711",http://www.oxforddnb.com/view/article/29059,Family: Other,cousin - cousin (first cousins),A,1719,N,N,N,,,291,"The Wentworth Papers 1705-1739. Selected from the Private and Family Correspondence of Thomas Wentworth, Lord Raby, Created in 1711 Earl of Strafford, of Stainborough, Co. York. Ed. by James J. Cartwright. London: Wyman & Sons. 1883.",447,1700,1719,ABATHURST,WENTWO2_115,1719
WENTWO2_116,Wentworth 2,1720-1739,ABATHURST,Allen,Bathurst,M,Nobility,N,"nobility; created 1st Lord Bathurst 1712, statesman and politician",36.0,1684.0,30-39,Other,U,Higher: Oxbridge,http://www.oxforddnb.com/view/article/1692,TWENTWORTH,Thomas,Wentworth,M,N,N,"nobility; diplomat, soldier, Lord Raby 1695, Earl of Strafford 1711",http://www.oxforddnb.com/view/article/29059,Family: Other,cousin - cousin (first cousins),A,1720,N,N,N,,,156,"The Wentworth Papers 1705-1739. Selected from the Private and Family Correspondence of Thomas Wentworth, Lord Raby, Created in 1711 Earl of Strafford, of Stainborough, Co. York. Ed. by James J. Cartwright. London: Wyman & Sons. 1883.",447,1720,1739,ABATHURST,WENTWO2_116,1720
WENTWO2_117,Wentworth 2,1720-1739,ABATHURST,Allen,Bathurst,M,Nobility,N,"nobility; created 1st Lord Bathurst 1712, statesman and politician",36.0,1684.0,30-39,Other,U,Higher: Oxbridge,http://www.oxforddnb.com/view/article/1692,TWENTWORTH,Thomas,Wentworth,M,N,N,"nobility; diplomat, soldier, Lord Raby 1695, Earl of Strafford 1711",http://www.oxforddnb.com/view/article/29059,Family: Other,cousin - cousin (first cousins),A,1720,N,N,N,,,617,"The Wentworth Papers 1705-1739. Selected from the Private and Family Correspondence of Thomas Wentworth, Lord Raby, Created in 1711 Earl of Strafford, of Stainborough, Co. York. Ed. by James J. Cartwright. London: Wyman & Sons. 1883.",448,1720,1739,ABATHURST,WENTWO2_117,1720
WENTWO2_118,Wentworth 2,1720-1739,WBERKELEY,William,Berkeley,M,Nobility,N,Baron (4th); Chancellor of the Duchy of Lancaster,,,,London,N,Unknown,,TWENTWORTH,Thomas,Wentworth,M,N,N,"nobility; diplomat, soldier, Lord Raby 1695, Earl of Strafford 1711",http://www.oxforddnb.com/view/article/29059,Close Friend,friends,A,1720,N,N,N,,,243,"The Wentworth Papers 1705-1739. Selected from the Private and Family Correspondence of Thomas Wentworth, Lord Raby, Created in 1711 Earl of Strafford, of Stainborough, Co. York. Ed. by James J. Cartwright. London: Wyman & Sons. 1883.",449,1720,1739,WBERKELEY,WENTWO2_118,1720
WENTWO2_119,Wentworth 2,1720-1739,AWENTWORTH,Anne,Wentworth nï¿½e Johnson,F,Nobility,N,"nobility; wife of Thomas Wentworth, Earl of Strafford",54.0,1670.0,50-59,London,U,Unknown,,TWENTWORTH,Thomas,Wentworth,M,N,N,"nobility; diplomat, soldier, Lord Raby 1695, Earl of Strafford 1711",http://www.oxforddnb.com/view/article/29059,Family: Nuclear,wife - husband,A,1724,N,N,N,,,474,"The Wentworth Papers 1705-1739. Selected from the Private and Family Correspondence of Thomas Wentworth, Lord Raby, Created in 1711 Earl of Strafford, of Stainborough, Co. York. Ed. by James J. Cartwright. London: Wyman & Sons. 1883.",451,1720,1739,AWENTWORTH,WENTWO2_119,1724
WENTWO2_120,Wentworth 2,1720-1739,AWENTWORTH,Anne,Wentworth nï¿½e Johnson,F,Nobility,N,"nobility; wife of Thomas Wentworth, Earl of Strafford",54.0,1670.0,50-59,London,U,Unknown,,TWENTWORTH,Thomas,Wentworth,M,N,N,"nobility; diplomat, soldier, Lord Raby 1695, Earl of Strafford 1711",http://www.oxforddnb.com/view/article/29059,Family: Nuclear,wife - husband,A,1724,N,N,N,,,231,"The Wentworth Papers 1705-1739. Selected from the Private and Family Correspondence of Thomas Wentworth, Lord Raby, Created in 1711 Earl of Strafford, of Stainborough, Co. York. Ed. by James J. Cartwright. London: Wyman & Sons. 1883.",452,1720,1739,AWENTWORTH,WENTWO2_120,1724
WENTWO2_121,Wentworth 2,1720-1739,LWENTWORTH,Lucy,Wentworth,F,Nobility,N,nobility; daughter of Earl of Strafford,11.0,1713.0,10-19,London,N,Unknown,,TWENTWORTH,Thomas,Wentworth,M,N,N,"nobility; diplomat, soldier, Lord Raby 1695, Earl of Strafford 1711",http://www.oxforddnb.com/view/article/29059,Family: Nuclear,daughter - father,A,1724,N,N,N,,,61,"The Wentworth Papers 1705-1739. Selected from the Private and Family Correspondence of Thomas Wentworth, Lord Raby, Created in 1711 Earl of Strafford, of Stainborough, Co. York. Ed. by James J. Cartwright. London: Wyman & Sons. 1883.",453,1720,1739,LWENTWORTH,WENTWO2_121,1724
WENTWO2_122,Wentworth 2,1720-1739,PWENTWORTH,Peter,Wentworth,M,Gentry Upper,GU,gentry upper; equerry to different members of the royal family,,,,London,N,Higher,,TWENTWORTH,Thomas,Wentworth,M,N,N,"nobility; diplomat, soldier, Lord Raby 1695, Earl of Strafford 1711",http://www.oxforddnb.com/view/article/29059,Family: Nuclear,younger brother - older brother,A,1726,N,N,N,,,690,"The Wentworth Papers 1705-1739. Selected from the Private and Family Correspondence of Thomas Wentworth, Lord Raby, Created in 1711 Earl of Strafford, of Stainborough, Co. York. Ed. by James J. Cartwright. London: Wyman & Sons. 1883.",456,1720,1739,PWENTWORTH,WENTWO2_122,1726
WENTWO2_125,Wentworth 2,1720-1739,WBERKELEY,William,Berkeley,M,Nobility,N,Baron (4th); Chancellor of the Duchy of Lancaster,,,,London,N,Unknown,,TWENTWORTH,Thomas,Wentworth,M,N,N,"nobility; diplomat, soldier, Lord Raby 1695, Earl of Strafford 1711",http://www.oxforddnb.com/view/article/29059,Close Friend,friends,A,1730,N,N,N,,,304,"The Wentworth Papers 1705-1739. Selected from the Private and Family Correspondence of Thomas Wentworth, Lord Raby, Created in 1711 Earl of Strafford, of Stainborough, Co. York. Ed. by James J. Cartwright. London: Wyman & Sons. 1883.",461,1720,1739,WBERKELEY,WENTWO2_125,1730
WENTWO2_130,Wentworth 2,1720-1739,AWENTWORTH,Anne,Wentworth nï¿½e Johnson,F,Nobility,N,"nobility; wife of Thomas Wentworth, Earl of Strafford",61.0,1670.0,60-69,London,U,Unknown,,TWENTWORTH,Thomas,Wentworth,M,N,N,"nobility; diplomat, soldier, Lord Raby 1695, Earl of Strafford 1711",http://www.oxforddnb.com/view/article/29059,Family: Nuclear,wife - husband,A,1731,N,N,N,,,258,"The Wentworth Papers 1705-1739. Selected from the Private and Family Correspondence of Thomas Wentworth, Lord Raby, Created in 1711 Earl of Strafford, of Stainborough, Co. York. Ed. by James J. Cartwright. London: Wyman & Sons. 1883.",463,1720,1739,AWENTWORTH,WENTWO2_130,1731
WENTWO2_131,Wentworth 2,1720-1739,PWENTWORTH,Peter,Wentworth,M,Gentry Upper,GU,gentry upper; equerry to different members of the royal family,,,,London,N,Higher,,TWENTWORTH,Thomas,Wentworth,M,N,N,"nobility; diplomat, soldier, Lord Raby 1695, Earl of Strafford 1711",http://www.oxforddnb.com/view/article/29059,Family: Nuclear,younger brother - older brother,A,1731,N,N,N,,,368,"The Wentworth Papers 1705-1739. Selected from the Private and Family Correspondence of Thomas Wentworth, Lord Raby, Created in 1711 Earl of Strafford, of Stainborough, Co. York. Ed. by James J. Cartwright. London: Wyman & Sons. 1883.",464,1720,1739,PWENTWORTH,WENTWO2_131,1731
WENTWO2_132,Wentworth 2,1720-1739,PWENTWORTH,Peter,Wentworth,M,Gentry Upper,GU,gentry upper; equerry to different members of the royal family,,,,London,N,Higher,,TWENTWORTH,Thomas,Wentworth,M,N,N,"nobility; diplomat, soldier, Lord Raby 1695, Earl of Strafford 1711",http://www.oxforddnb.com/view/article/29059,Family: Nuclear,younger brother - older brother,A,1731,N,N,N,,,435,"The Wentworth Papers 1705-1739. Selected from the Private and Family Correspondence of Thomas Wentworth, Lord Raby, Created in 1711 Earl of Strafford, of Stainborough, Co. York. Ed. by James J. Cartwright. London: Wyman & Sons. 1883.",469,1720,1739,PWENTWORTH,WENTWO2_132,1731
WENTWO2_133,Wentworth 2,1720-1739,PWENTWORTH,Peter,Wentworth,M,Gentry Upper,GU,gentry upper; equerry to different members of the royal family,,,,London,N,Higher,,TWENTWORTH,Thomas,Wentworth,M,N,N,"nobility; diplomat, soldier, Lord Raby 1695, Earl of Strafford 1711",http://www.oxforddnb.com/view/article/29059,Family: Nuclear,younger brother - older brother,A,1731,N,N,N,,,586,"The Wentworth Papers 1705-1739. Selected from the Private and Family Correspondence of Thomas Wentworth, Lord Raby, Created in 1711 Earl of Strafford, of Stainborough, Co. York. Ed. by James J. Cartwright. London: Wyman & Sons. 1883.",471,1720,1739,PWENTWORTH,WENTWO2_133,1731
WENTWO2_134,Wentworth 2,1720-1739,WBERKELEY,William,Berkeley,M,Nobility,N,Baron (4th); Chancellor of the Duchy of Lancaster,,,,London,N,Unknown,,TWENTWORTH,Thomas,Wentworth,M,N,N,"nobility; diplomat, soldier, Lord Raby 1695, Earl of Strafford 1711",http://www.oxforddnb.com/view/article/29059,Close Friend,friends,A,1732,N,N,N,,,182,"The Wentworth Papers 1705-1739. Selected from the Private and Family Correspondence of Thomas Wentworth, Lord Raby, Created in 1711 Earl of Strafford, of Stainborough, Co. York. Ed. by James J. Cartwright. London: Wyman & Sons. 1883.",474,1720,1739,WBERKELEY,WENTWO2_134,1732
WENTWO2_135,Wentworth 2,1720-1739,WBERKELEY,William,Berkeley,M,Nobility,N,Baron (4th); Chancellor of the Duchy of Lancaster,,,,London,N,Unknown,,TWENTWORTH,Thomas,Wentworth,M,N,N,"nobility; diplomat, soldier, Lord Raby 1695, Earl of Strafford 1711",http://www.oxforddnb.com/view/article/29059,Close Friend,friends,A,1733,N,N,N,,,230,"The Wentworth Papers 1705-1739. Selected from the Private and Family Correspondence of Thomas Wentworth, Lord Raby, Created in 1711 Earl of Strafford, of Stainborough, Co. York. Ed. by James J. Cartwright. London: Wyman & Sons. 1883.",478,1720,1739,WBERKELEY,WENTWO2_135,1733
WENTWO2_137,Wentworth 2,1720-1739,ABATHURST,Allen,Bathurst,M,Nobility,N,"nobility; created 1st Lord Bathurst 1712, statesman and politician",49.0,1684.0,40-49,Other,U,Higher: Oxbridge,http://www.oxforddnb.com/view/article/1692,TWENTWORTH,Thomas,Wentworth,M,N,N,"nobility; diplomat, soldier, Lord Raby 1695, Earl of Strafford 1711",http://www.oxforddnb.com/view/article/29059,Family: Other,cousin - cousin (first cousins),A,1733,N,N,N,,,268,"The Wentworth Papers 1705-1739. Selected from the Private and Family Correspondence of Thomas Wentworth, Lord Raby, Created in 1711 Earl of Strafford, of Stainborough, Co. York. Ed. by James J. Cartwright. London: Wyman & Sons. 1883.",481,1720,1739,ABATHURST,WENTWO2_137,1733
WENTWO2_142,Wentworth 2,1720-1739,AWENTWORTH,Anne,Wentworth nï¿½e Johnson,F,Nobility,N,"nobility; wife of Thomas Wentworth, Earl of Strafford",64.0,1670.0,60-69,London,U,Unknown,,TWENTWORTH,Thomas,Wentworth,M,N,N,"nobility; diplomat, soldier, Lord Raby 1695, Earl of Strafford 1711",http://www.oxforddnb.com/view/article/29059,Family: Nuclear,wife - husband,A,1734,N,N,N,,,355,"The Wentworth Papers 1705-1739. Selected from the Private and Family Correspondence of Thomas Wentworth, Lord Raby, Created in 1711 Earl of Strafford, of Stainborough, Co. York. Ed. by James J. Cartwright. London: Wyman & Sons. 1883.",499,1720,1739,AWENTWORTH,WENTWO2_142,1734
WENTWO2_143,Wentworth 2,1720-1739,AWENTWORTH,Anne,Wentworth nï¿½e Johnson,F,Nobility,N,"nobility; wife of Thomas Wentworth, Earl of Strafford",64.0,1670.0,60-69,London,U,Unknown,,TWENTWORTH,Thomas,Wentworth,M,N,N,"nobility; diplomat, soldier, Lord Raby 1695, Earl of Strafford 1711",http://www.oxforddnb.com/view/article/29059,Family: Nuclear,wife - husband,A,1734,N,N,N,,,380,"The Wentworth Papers 1705-1739. Selected from the Private and Family Correspondence of Thomas Wentworth, Lord Raby, Created in 1711 Earl of Strafford, of Stainborough, Co. York. Ed. by James J. Cartwright. London: Wyman & Sons. 1883.",500,1720,1739,AWENTWORTH,WENTWO2_143,1734
WENTWO2_144,Wentworth 2,1720-1739,WBERKELEY,William,Berkeley,M,Nobility,N,Baron (4th); Chancellor of the Duchy of Lancaster,,,,London,N,Unknown,,TWENTWORTH,Thomas,Wentworth,M,N,N,"nobility; diplomat, soldier, Lord Raby 1695, Earl of Strafford 1711",http://www.oxforddnb.com/view/article/29059,Close Friend,friends,A,1734,N,N,N,,,160,"The Wentworth Papers 1705-1739. Selected from the Private and Family Correspondence of Thomas Wentworth, Lord Raby, Created in 1711 Earl of Strafford, of Stainborough, Co. York. Ed. by James J. Cartwright. London: Wyman & Sons. 1883.",501,1720,1739,WBERKELEY,WENTWO2_144,1734
WENTWO2_149,Wentworth 2,1720-1739,ABATHURST,Allen,Bathurst,M,Nobility,N,"nobility; created 1st Lord Bathurst 1712, statesman and politician",50.0,1684.0,50-59,Other,U,Higher: Oxbridge,http://www.oxforddnb.com/view/article/1692,TWENTWORTH,Thomas,Wentworth,M,N,N,"nobility; diplomat, soldier, Lord Raby 1695, Earl of Strafford 1711",http://www.oxforddnb.com/view/article/29059,Family: Other,cousin - cousin (first cousins),A,1734,N,N,N,,,355,"The Wentworth Papers 1705-1739. Selected from the Private and Family Correspondence of Thomas Wentworth, Lord Raby, Created in 1711 Earl of Strafford, of Stainborough, Co. York. Ed. by James J. Cartwright. London: Wyman & Sons. 1883.",506,1720,1739,ABATHURST,WENTWO2_149,1734
WENTWO2_155,Wentworth 2,1720-1739,PWENTWORTH,Peter,Wentworth,M,Gentry Upper,GU,gentry upper; equerry to different members of the royal family,,,,London,N,Higher,,TWENTWORTH,Thomas,Wentworth,M,N,N,"nobility; diplomat, soldier, Lord Raby 1695, Earl of Strafford 1711",http://www.oxforddnb.com/view/article/29059,Family: Nuclear,younger brother - older brother,A,1734,N,N,N,,,229,"The Wentworth Papers 1705-1739. Selected from the Private and Family Correspondence of Thomas Wentworth, Lord Raby, Created in 1711 Earl of Strafford, of Stainborough, Co. York. Ed. by James J. Cartwright. London: Wyman & Sons. 1883.",517,1720,1739,PWENTWORTH,WENTWO2_155,1734
WENTWO2_158,Wentworth 2,1720-1739,AWENTWORTH,Anne,Wentworth nï¿½e Johnson,F,Nobility,N,"nobility; wife of Thomas Wentworth, Earl of Strafford",65.0,1670.0,60-69,London,U,Unknown,,TWENTWORTH,Thomas,Wentworth,M,N,N,"nobility; diplomat, soldier, Lord Raby 1695, Earl of Strafford 1711",http://www.oxforddnb.com/view/article/29059,Family: Nuclear,wife - husband,A,1735,N,N,N,,,164,"The Wentworth Papers 1705-1739. Selected from the Private and Family Correspondence of Thomas Wentworth, Lord Raby, Created in 1711 Earl of Strafford, of Stainborough, Co. York. Ed. by James J. Cartwright. London: Wyman & Sons. 1883.",519,1720,1739,AWENTWORTH,WENTWO2_158,1735
WENTWO2_159,Wentworth 2,1720-1739,ABATHURST,Allen,Bathurst,M,Nobility,N,"nobility; created 1st Lord Bathurst 1712, statesman and politician",51.0,1684.0,50-59,Other,U,Higher: Oxbridge,http://www.oxforddnb.com/view/article/1692,TWENTWORTH,Thomas,Wentworth,M,N,N,"nobility; diplomat, soldier, Lord Raby 1695, Earl of Strafford 1711",http://www.oxforddnb.com/view/article/29059,Family: Other,cousin - cousin (first cousins),A,1735,N,N,N,,,601,"The Wentworth Papers 1705-1739. Selected from the Private and Family Correspondence of Thomas Wentworth, Lord Raby, Created in 1711 Earl of Strafford, of Stainborough, Co. York. Ed. by James J. Cartwright. London: Wyman & Sons. 1883.",519,1720,1739,ABATHURST,WENTWO2_159,1735
WENTWO2_160,Wentworth 2,1720-1739,WBERKELEY,William,Berkeley,M,Nobility,N,Baron (4th); Chancellor of the Duchy of Lancaster,,,,London,N,Unknown,,TWENTWORTH,Thomas,Wentworth,M,N,N,"nobility; diplomat, soldier, Lord Raby 1695, Earl of Strafford 1711",http://www.oxforddnb.com/view/article/29059,Close Friend,friends,A,1736,N,N,N,,,280,"The Wentworth Papers 1705-1739. Selected from the Private and Family Correspondence of Thomas Wentworth, Lord Raby, Created in 1711 Earl of Strafford, of Stainborough, Co. York. Ed. by James J. Cartwright. London: Wyman & Sons. 1883.",521,1720,1739,WBERKELEY,WENTWO2_160,1736
WENTWO2_162,Wentworth 2,1720-1739,ABATHURST,Allen,Bathurst,M,Nobility,N,"nobility; created 1st Lord Bathurst 1712, statesman and politician",52.0,1684.0,50-59,Other,U,Higher: Oxbridge,http://www.oxforddnb.com/view/article/1692,TWENTWORTH,Thomas,Wentworth,M,N,N,"nobility; diplomat, soldier, Lord Raby 1695, Earl of Strafford 1711",http://www.oxforddnb.com/view/article/29059,Family: Other,cousin - cousin (first cousins),A,1736,N,N,N,,,181,"The Wentworth Papers 1705-1739. Selected from the Private and Family Correspondence of Thomas Wentworth, Lord Raby, Created in 1711 Earl of Strafford, of Stainborough, Co. York. Ed. by James J. Cartwright. London: Wyman & Sons. 1883.",522,1720,1739,ABATHURST,WENTWO2_162,1736
WENTWO2_163,Wentworth 2,1720-1739,ABATHURST,Allen,Bathurst,M,Nobility,N,"nobility; created 1st Lord Bathurst 1712, statesman and politician",52.0,1684.0,50-59,Other,U,Higher: Oxbridge,http://www.oxforddnb.com/view/article/1692,TWENTWORTH,Thomas,Wentworth,M,N,N,"nobility; diplomat, soldier, Lord Raby 1695, Earl of Strafford 1711",http://www.oxforddnb.com/view/article/29059,Family: Other,cousin - cousin (first cousins),A,1736,N,N,N,,,486,"The Wentworth Papers 1705-1739. Selected from the Private and Family Correspondence of Thomas Wentworth, Lord Raby, Created in 1711 Earl of Strafford, of Stainborough, Co. York. Ed. by James J. Cartwright. London: Wyman & Sons. 1883.",523,1720,1739,ABATHURST,WENTWO2_163,1736
WENTWO2_164,Wentworth 2,1720-1739,ABATHURST,Allen,Bathurst,M,Nobility,N,"nobility; created 1st Lord Bathurst 1712, statesman and politician",52.0,1684.0,50-59,Other,U,Higher: Oxbridge,http://www.oxforddnb.com/view/article/1692,TWENTWORTH,Thomas,Wentworth,M,N,N,"nobility; diplomat, soldier, Lord Raby 1695, Earl of Strafford 1711",http://www.oxforddnb.com/view/article/29059,Family: Other,cousin - cousin (first cousins),A,1736,N,N,N,,,944,"The Wentworth Papers 1705-1739. Selected from the Private and Family Correspondence of Thomas Wentworth, Lord Raby, Created in 1711 Earl of Strafford, of Stainborough, Co. York. Ed. by James J. Cartwright. London: Wyman & Sons. 1883.",524,1720,1739,ABATHURST,WENTWO2_164,1736
WENTWO2_165,Wentworth 2,1720-1739,ABATHURST,Allen,Bathurst,M,Nobility,N,"nobility; created 1st Lord Bathurst 1712, statesman and politician",52.0,1684.0,50-59,Other,U,Higher: Oxbridge,http://www.oxforddnb.com/view/article/1692,TWENTWORTH,Thomas,Wentworth,M,N,N,"nobility; diplomat, soldier, Lord Raby 1695, Earl of Strafford 1711",http://www.oxforddnb.com/view/article/29059,Family: Other,cousin - cousin (first cousins),A,1736,N,N,N,,,492,"The Wentworth Papers 1705-1739. Selected from the Private and Family Correspondence of Thomas Wentworth, Lord Raby, Created in 1711 Earl of Strafford, of Stainborough, Co. York. Ed. by James J. Cartwright. London: Wyman & Sons. 1883.",527,1720,1739,ABATHURST,WENTWO2_165,1736
WENTWO2_166,Wentworth 2,1720-1739,LWENTWORTH,Lucy,Wentworth,F,Nobility,N,nobility; daughter of Earl of Strafford,24.0,1713.0,20-29,London,N,Unknown,,TWENTWORTH,Thomas,Wentworth,M,N,N,"nobility; diplomat, soldier, Lord Raby 1695, Earl of Strafford 1711",http://www.oxforddnb.com/view/article/29059,Family: Nuclear,daughter - father,A,1737,N,N,N,,,369,"The Wentworth Papers 1705-1739. Selected from the Private and Family Correspondence of Thomas Wentworth, Lord Raby, Created in 1711 Earl of Strafford, of Stainborough, Co. York. Ed. by James J. Cartwright. London: Wyman & Sons. 1883.",528,1720,1739,LWENTWORTH,WENTWO2_166,1737
WENTWO2_167,Wentworth 2,1720-1739,WBERKELEY,William,Berkeley,M,Nobility,N,Baron (4th); Chancellor of the Duchy of Lancaster,,,,London,N,Unknown,,TWENTWORTH,Thomas,Wentworth,M,N,N,"nobility; diplomat, soldier, Lord Raby 1695, Earl of Strafford 1711",http://www.oxforddnb.com/view/article/29059,Close Friend,friends,A,1737,N,N,N,,,162,"The Wentworth Papers 1705-1739. Selected from the Private and Family Correspondence of Thomas Wentworth, Lord Raby, Created in 1711 Earl of Strafford, of Stainborough, Co. York. Ed. by James J. Cartwright. London: Wyman & Sons. 1883.",529,1720,1739,WBERKELEY,WENTWO2_167,1737
WENTWO2_168,Wentworth 2,1720-1739,LWENTWORTH,Lucy,Wentworth,F,Nobility,N,nobility; daughter of Earl of Strafford,24.0,1713.0,20-29,London,N,Unknown,,TWENTWORTH,Thomas,Wentworth,M,N,N,"nobility; diplomat, soldier, Lord Raby 1695, Earl of Strafford 1711",http://www.oxforddnb.com/view/article/29059,Family: Nuclear,daughter - father,A,1737,N,N,N,,,375,"The Wentworth Papers 1705-1739. Selected from the Private and Family Correspondence of Thomas Wentworth, Lord Raby, Created in 1711 Earl of Strafford, of Stainborough, Co. York. Ed. by James J. Cartwright. London: Wyman & Sons. 1883.",530,1720,1739,LWENTWORTH,WENTWO2_168,1737
WENTWO2_169,Wentworth 2,1720-1739,LWENTWORTH,Lucy,Wentworth,F,Nobility,N,nobility; daughter of Earl of Strafford,24.0,1713.0,20-29,London,N,Unknown,,TWENTWORTH,Thomas,Wentworth,M,N,N,"nobility; diplomat, soldier, Lord Raby 1695, Earl of Strafford 1711",http://www.oxforddnb.com/view/article/29059,Family: Nuclear,daughter - father,A,1737,N,N,N,,,381,"The Wentworth Papers 1705-1739. Selected from the Private and Family Correspondence of Thomas Wentworth, Lord Raby, Created in 1711 Earl of Strafford, of Stainborough, Co. York. Ed. by James J. Cartwright. London: Wyman & Sons. 1883.",531,1720,1739,LWENTWORTH,WENTWO2_169,1737
WENTWO2_170,Wentworth 2,1720-1739,LWENTWORTH,Lucy,Wentworth,F,Nobility,N,nobility; daughter of Earl of Strafford,24.0,1713.0,20-29,London,N,Unknown,,TWENTWORTH,Thomas,Wentworth,M,N,N,"nobility; diplomat, soldier, Lord Raby 1695, Earl of Strafford 1711",http://www.oxforddnb.com/view/article/29059,Family: Nuclear,daughter - father,A,1737,N,N,N,,,409,"The Wentworth Papers 1705-1739. Selected from the Private and Family Correspondence of Thomas Wentworth, Lord Raby, Created in 1711 Earl of Strafford, of Stainborough, Co. York. Ed. by James J. Cartwright. London: Wyman & Sons. 1883.",534,1720,1739,LWENTWORTH,WENTWO2_170,1737
WENTWO2_171,Wentworth 2,1720-1739,LWENTWORTH,Lucy,Wentworth,F,Nobility,N,nobility; daughter of Earl of Strafford,25.0,1713.0,20-29,London,N,Unknown,,TWENTWORTH,Thomas,Wentworth,M,N,N,"nobility; diplomat, soldier, Lord Raby 1695, Earl of Strafford 1711",http://www.oxforddnb.com/view/article/29059,Family: Nuclear,daughter - father,A,1738,N,N,N,,,364,"The Wentworth Papers 1705-1739. Selected from the Private and Family Correspondence of Thomas Wentworth, Lord Raby, Created in 1711 Earl of Strafford, of Stainborough, Co. York. Ed. by James J. Cartwright. London: Wyman & Sons. 1883.",535,1720,1739,LWENTWORTH,WENTWO2_171,1738
WENTWO2_173,Wentworth 2,1720-1739,AWENTWORTH,Anne,Wentworth nï¿½e Johnson,F,Nobility,N,"nobility; wife of Thomas Wentworth, Earl of Strafford",68.0,1670.0,60-69,London,U,Unknown,,TWENTWORTH,Thomas,Wentworth,M,N,N,"nobility; diplomat, soldier, Lord Raby 1695, Earl of Strafford 1711",http://www.oxforddnb.com/view/article/29059,Family: Nuclear,wife - husband,A,1738,N,N,N,,,306,"The Wentworth Papers 1705-1739. Selected from the Private and Family Correspondence of Thomas Wentworth, Lord Raby, Created in 1711 Earl of Strafford, of Stainborough, Co. York. Ed. by James J. Cartwright. London: Wyman & Sons. 1883.",537,1720,1739,AWENTWORTH,WENTWO2_173,1738
WENTWO2_177,Wentworth 2,1720-1739,AWENTWORTH,Anne,Wentworth nï¿½e Johnson,F,Nobility,N,"nobility; wife of Thomas Wentworth, Earl of Strafford",69.0,1670.0,60-69,London,U,Unknown,,TWENTWORTH,Thomas,Wentworth,M,N,N,"nobility; diplomat, soldier, Lord Raby 1695, Earl of Strafford 1711",http://www.oxforddnb.com/view/article/29059,Family: Nuclear,wife - husband,A,1739,N,N,N,,,260,"The Wentworth Papers 1705-1739. Selected from the Private and Family Correspondence of Thomas Wentworth, Lord Raby, Created in 1711 Earl of Strafford, of Stainborough, Co. York. Ed. by James J. Cartwright. London: Wyman & Sons. 1883.",539,1720,1739,AWENTWORTH,WENTWO2_177,1739
BANKS_006,z Banks,1700-1719,J1BANKS,Joseph 1,Banks,M,,GL,"attorney, ""Esquire""",45.0,1665.0,40-49,Other,,Unknown,,WSTEER,William,Steer,M,CL,CL,clergy lower,,Family: Other,Steer was married to JB's niece,A,1710,N,N,N,draft (salutations removed?),,322,"The Letters and Papers of the Banks Family of Revesby Abbey. 1704-1760. Ed. by J. W. F. Hill. The Publications of the Lincoln Record Society, 45. Hereford. 1952.",,1700,1719,J1BANKS,BANKS_006,1710
BANKS_009,z Banks,1700-1719,J1BANKS,Joseph 1,Banks,M,,GL,"attorney, ""Esquire""",45.0,1665.0,40-49,Other,,Unknown,,WSTEER,William,Steer,M,CL,CL,clergy lower,,Family: Other,Steer was married to JB's niece,A,1710,N,N,N,draft (salutations removed?),,371,"The Letters and Papers of the Banks Family of Revesby Abbey. 1704-1760. Ed. by J. W. F. Hill. The Publications of the Lincoln Record Society, 45. Hereford. 1952.",,1700,1719,J1BANKS,BANKS_009,1710
BANKS_012,z Banks,1700-1719,J1BANKS,Joseph 1,Banks,M,,GL,"attorney, ""Esquire""",45.0,1665.0,40-49,Other,,Unknown,,WSTEER,William,Steer,M,CL,CL,clergy lower,,Family: Other,Steer was married to JB's niece,A,1710,N,N,N,draft (salutations removed?),,329,"The Letters and Papers of the Banks Family of Revesby Abbey. 1704-1760. Ed. by J. W. F. Hill. The Publications of the Lincoln Record Society, 45. Hereford. 1952.",,1700,1719,J1BANKS,BANKS_012,1710
BANKS_015,z Banks,1700-1719,J1BANKS,Joseph 1,Banks,M,,GL,"attorney, ""Esquire""",45.0,1665.0,40-49,Other,,Unknown,,HFRANKLAND,Henry,Frankland,M,GL,GL,gentry lower,,Other,,A,1710,N,N,N,draft (salutations removed?),,295,"The Letters and Papers of the Banks Family of Revesby Abbey. 1704-1760. Ed. by J. W. F. Hill. The Publications of the Lincoln Record Society, 45. Hereford. 1952.",,1700,1719,J1BANKS,BANKS_015,1710
BANKS_017,z Banks,1700-1719,J1BANKS,Joseph 1,Banks,M,,GL,"attorney, ""Esquire""",46.0,1665.0,40-49,Other,,Unknown,,M2BANKS,Mary 2,Banks,F,GL,GU,gentry lower,,Family: Nuclear,father - daughter,A,1711,N,N,N,(salutations removed?),,152,"The Letters and Papers of the Banks Family of Revesby Abbey. 1704-1760. Ed. by J. W. F. Hill. The Publications of the Lincoln Record Society, 45. Hereford. 1952.",,1700,1719,J1BANKS,BANKS_017,1711
BANKS_020,z Banks,1700-1719,J1BANKS,Joseph 1,Banks,M,,GL,"attorney, ""Esquire""",46.0,1665.0,40-49,Other,,Unknown,,WSTEER,William,Steer,M,CL,CL,clergy lower,,Family: Other,Steer was married to JB's niece,A,1711,N,N,N,draft (salutations removed?),,475,"The Letters and Papers of the Banks Family of Revesby Abbey. 1704-1760. Ed. by J. W. F. Hill. The Publications of the Lincoln Record Society, 45. Hereford. 1952.",,1700,1719,J1BANKS,BANKS_020,1711
BANKS_021,z Banks,1700-1719,J1BANKS,Joseph 1,Banks,M,,GL,"attorney, ""Esquire""",46.0,1665.0,40-49,Other,,Unknown,,WSTEER,William,Steer,M,CL,CL,clergy lower,,Family: Other,Steer was married to JB's niece,A,1711,N,N,N,draft (salutations removed?),,381,"The Letters and Papers of the Banks Family of Revesby Abbey. 1704-1760. Ed. by J. W. F. Hill. The Publications of the Lincoln Record Society, 45. Hereford. 1952.",,1700,1719,J1BANKS,BANKS_021,1711
BANKS_022,z Banks,1700-1719,J2BANKS,Joseph 2,Banks,M,Gentry Lower,GL,"gentry lower, ""esquire""",21.0,1695.0,20-29,Other,N,Unknown,,J1BANKS,Joseph 1,Banks,M,GL?,GL,"attorney, ""Esquire""",,Family: Nuclear,son - father,A,1716,N,N,N,(salutations removed?),,835,"The Letters and Papers of the Banks Family of Revesby Abbey. 1704-1760. Ed. by J. W. F. Hill. The Publications of the Lincoln Record Society, 45. Hereford. 1952.",,1700,1719,J2BANKS,BANKS_022,1716
BANKS_024,z Banks,1700-1719,J2BANKS,Joseph 2,Banks,M,Gentry Lower,GL,"gentry lower, ""esquire""",21.0,1695.0,20-29,Other,N,Unknown,,J1BANKS,Joseph 1,Banks,M,GL?,GL,"attorney, ""Esquire""",,Family: Nuclear,son - father,A,1716,N,N,N,(salutations removed?),,382,"The Letters and Papers of the Banks Family of Revesby Abbey. 1704-1760. Ed. by J. W. F. Hill. The Publications of the Lincoln Record Society, 45. Hereford. 1952.",,1700,1719,J2BANKS,BANKS_024,1716
BANKS_025,z Banks,1700-1719,J2BANKS,Joseph 2,Banks,M,Gentry Lower,GL,"gentry lower, ""esquire""",21.0,1695.0,20-29,Other,N,Unknown,,J1BANKS,Joseph 1,Banks,M,GL?,GL,"attorney, ""Esquire""",,Family: Nuclear,son - father,A,1716,N,N,N,(salutations removed?),,282,"The Letters and Papers of the Banks Family of Revesby Abbey. 1704-1760. Ed. by J. W. F. Hill. The Publications of the Lincoln Record Society, 45. Hereford. 1952.",,1700,1719,J2BANKS,BANKS_025,1716
BANKS_027,z Banks,1700-1719,J1BANKS,Joseph 1,Banks,M,,GL,"attorney, ""Esquire""",51.0,1665.0,50-59,Other,,Unknown,,JSHERLOCK,John,Sherlock,M,O,O,carpenter,,Other,Sherlock worked on Revesby Abbey,A,1716,N,N,N,addressed to Mrs. Banks (salutations removed?),,1385,"The Letters and Papers of the Banks Family of Revesby Abbey. 1704-1760. Ed. by J. W. F. Hill. The Publications of the Lincoln Record Society, 45. Hereford. 1952.",,1700,1719,J1BANKS,BANKS_027,1716
BANKS_029,z Banks,1700-1719,J2BANKS,Joseph 2,Banks,M,Gentry Lower,GL,"gentry lower, ""esquire""",22.0,1695.0,20-29,Other,N,Unknown,,J1BANKS,Joseph 1,Banks,M,GL?,GL,"attorney, ""Esquire""",,Family: Nuclear,son - father,A,1717,N,N,N,(salutations removed?),,508,"The Letters and Papers of the Banks Family of Revesby Abbey. 1704-1760. Ed. by J. W. F. Hill. The Publications of the Lincoln Record Society, 45. Hereford. 1952.",,1700,1719,J2BANKS,BANKS_029,1717
BANKS_031,z Banks,1700-1719,J1BANKS,Joseph 1,Banks,M,,GL,"attorney, ""Esquire""",52.0,1665.0,50-59,Other,,Unknown,,JSHERLOCK,John,Sherlock,M,O,O,carpenter,,Other,Sherlock worked on Revesby Abbey,A,1717,N,N,N,draft (salutations removed?),,142,"The Letters and Papers of the Banks Family of Revesby Abbey. 1704-1760. Ed. by J. W. F. Hill. The Publications of the Lincoln Record Society, 45. Hereford. 1952.",,1700,1719,J1BANKS,BANKS_031,1717
BANKS_034,z Banks,1700-1719,J1BANKS,Joseph 1,Banks,M,,GL,"attorney, ""Esquire""",52.0,1665.0,50-59,Other,,Unknown,,JSHERLOCK,John,Sherlock,M,O,O,carpenter,,Other,Sherlock worked on Revesby Abbey,A,1717,N,N,N,draft (salutations removed?),,260,"The Letters and Papers of the Banks Family of Revesby Abbey. 1704-1760. Ed. by J. W. F. Hill. The Publications of the Lincoln Record Society, 45. Hereford. 1952.",,1700,1719,J1BANKS,BANKS_034,1717
BANKS_036,z Banks,1700-1719,J1BANKS,Joseph 1,Banks,M,,GL,"attorney, ""Esquire""",52.0,1665.0,50-59,Other,,Unknown,,JSHERLOCK,John,Sherlock,M,O,O,carpenter,,Other,Sherlock worked on Revesby Abbey,A,1717,N,N,N,draft (salutations removed?),,308,"The Letters and Papers of the Banks Family of Revesby Abbey. 1704-1760. Ed. by J. W. F. Hill. The Publications of the Lincoln Record Society, 45. Hereford. 1952.",,1700,1719,J1BANKS,BANKS_036,1717
BANKS_037,z Banks,1700-1719,J2BANKS,Joseph 2,Banks,M,Gentry Lower,GL,"gentry lower, ""esquire""",22.0,1695.0,20-29,Other,N,Unknown,,J1BANKS,Joseph 1,Banks,M,GL?,GL,"attorney, ""Esquire""",,Family: Nuclear,son - father,A,1717,N,N,N,(salutations removed?),,783,"The Letters and Papers of the Banks Family of Revesby Abbey. 1704-1760. Ed. by J. W. F. Hill. The Publications of the Lincoln Record Society, 45. Hereford. 1952.",,1700,1719,J2BANKS,BANKS_037,1717
BANKS_038,z Banks,1700-1719,J2BANKS,Joseph 2,Banks,M,Gentry Lower,GL,"gentry lower, ""esquire""",22.0,1695.0,20-29,Other,N,Unknown,,J1BANKS,Joseph 1,Banks,M,GL?,GL,"attorney, ""Esquire""",,Family: Nuclear,son - father,A,1717,N,N,N,(salutations removed?),,569,"The Letters and Papers of the Banks Family of Revesby Abbey. 1704-1760. Ed. by J. W. F. Hill. The Publications of the Lincoln Record Society, 45. Hereford. 1952.",,1700,1719,J2BANKS,BANKS_038,1717
BANKS_041,z Banks,1700-1719,J2BANKS,Joseph 2,Banks,M,Gentry Lower,GL,"gentry lower, ""esquire""",22.0,1695.0,20-29,Other,N,Unknown,,J1BANKS,Joseph 1,Banks,M,GL?,GL,"attorney, ""Esquire""",,Family: Nuclear,son - father,A,1717,N,N,N,(salutations removed?),,451,"The Letters and Papers of the Banks Family of Revesby Abbey. 1704-1760. Ed. by J. W. F. Hill. The Publications of the Lincoln Record Society, 45. Hereford. 1952.",,1700,1719,J2BANKS,BANKS_041,1717
BANKS_044,z Banks,1700-1719,J2BANKS,Joseph 2,Banks,M,Gentry Lower,GL,"gentry lower, ""esquire""",22.0,1695.0,20-29,Other,N,Unknown,,J1BANKS,Joseph 1,Banks,M,GL?,GL,"attorney, ""Esquire""",,Family: Nuclear,son - father,A,1717,N,N,N,(salutations removed?),,312,"The Letters and Papers of the Banks Family of Revesby Abbey. 1704-1760. Ed. by J. W. F. Hill. The Publications of the Lincoln Record Society, 45. Hereford. 1952.",,1700,1719,J2BANKS,BANKS_044,1717
BANKS_046,z Banks,1700-1719,J2BANKS,Joseph 2,Banks,M,Gentry Lower,GL,"gentry lower, ""esquire""",22.0,1695.0,20-29,Other,N,Unknown,,J1BANKS,Joseph 1,Banks,M,GL?,GL,"attorney, ""Esquire""",,Family: Nuclear,son - father,A,1717,N,N,N,(salutations removed?),,384,"The Letters and Papers of the Banks Family of Revesby Abbey. 1704-1760. Ed. by J. W. F. Hill. The Publications of the Lincoln Record Society, 45. Hereford. 1952.",,1700,1719,J2BANKS,BANKS_046,1717
BANKS_048,z Banks,1700-1719,J2BANKS,Joseph 2,Banks,M,Gentry Lower,GL,"gentry lower, ""esquire""",23.0,1695.0,20-29,Other,N,Unknown,,J1BANKS,Joseph 1,Banks,M,GL?,GL,"attorney, ""Esquire""",,Family: Nuclear,son - father,A,1718,N,N,N,(salutations removed?),,560,"The Letters and Papers of the Banks Family of Revesby Abbey. 1704-1760. Ed. by J. W. F. Hill. The Publications of the Lincoln Record Society, 45. Hereford. 1952.",,1700,1719,J2BANKS,BANKS_048,1718
BANKS_049,z Banks,1700-1719,J1BANKS,Joseph 1,Banks,M,,GL,"attorney, ""Esquire""",53.0,1665.0,50-59,Other,,Unknown,,JSHERLOCK,John,Sherlock,M,O,O,carpenter,,Other,Sherlock worked on Revesby Abbey,A,1718,N,N,N,(salutations removed?),,122,"The Letters and Papers of the Banks Family of Revesby Abbey. 1704-1760. Ed. by J. W. F. Hill. The Publications of the Lincoln Record Society, 45. Hereford. 1952.",,1700,1719,J1BANKS,BANKS_049,1718
BANKS_051,z Banks,1720-1739,J2BANKS,Joseph 2,Banks,M,Gentry Lower,GL,"gentry lower, ""esquire""",25.0,1695.0,20-29,Other,N,Unknown,,J1BANKS,Joseph 1,Banks,M,GL?,GL,"attorney, ""Esquire""",,Family: Nuclear,son - father,A,1720,N,N,N,(salutations removed?),,1210,"The Letters and Papers of the Banks Family of Revesby Abbey. 1704-1760. Ed. by J. W. F. Hill. The Publications of the Lincoln Record Society, 45. Hereford. 1952.",,1720,1739,J2BANKS,BANKS_051,1720
BANKS_052,z Banks,1720-1739,J2BANKS,Joseph 2,Banks,M,Gentry Lower,GL,"gentry lower, ""esquire""",25.0,1695.0,20-29,Other,N,Unknown,,J1BANKS,Joseph 1,Banks,M,GL?,GL,"attorney, ""Esquire""",,Family: Nuclear,son - father,A,1720,N,N,N,(salutations removed?),,833,"The Letters and Papers of the Banks Family of Revesby Abbey. 1704-1760. Ed. by J. W. F. Hill. The Publications of the Lincoln Record Society, 45. Hereford. 1952.",,1720,1739,J2BANKS,BANKS_052,1720
BANKS_060,z Banks,1720-1739,J2BANKS,Joseph 2,Banks,M,Gentry Lower,GL,"gentry lower, ""esquire""",27.0,1695.0,20-29,Other,N,Unknown,,J1BANKS,Joseph 1,Banks,M,GL?,GL,"attorney, ""Esquire""",,Family: Nuclear,son - father,A,1722,N,N,N,(salutations removed?),,306,"The Letters and Papers of the Banks Family of Revesby Abbey. 1704-1760. Ed. by J. W. F. Hill. The Publications of the Lincoln Record Society, 45. Hereford. 1952.",,1720,1739,J2BANKS,BANKS_060,1722
BANKS_061,z Banks,1720-1739,J2BANKS,Joseph 2,Banks,M,Gentry Lower,GL,"gentry lower, ""esquire""",29.0,1695.0,20-29,Other,N,Unknown,,J1BANKS,Joseph 1,Banks,M,GL?,GL,"attorney, ""Esquire""",,Family: Nuclear,son - father,A,1724,N,N,N,(salutations removed?),,735,"The Letters and Papers of the Banks Family of Revesby Abbey. 1704-1760. Ed. by J. W. F. Hill. The Publications of the Lincoln Record Society, 45. Hereford. 1952.",,1720,1739,J2BANKS,BANKS_061,1724
BANKS_064,z Banks,1720-1739,J1BANKS,Joseph 1,Banks,M,,GL,"attorney, ""Esquire""",61.0,1665.0,60-69,Other,,Unknown,,J3BANKS,Joseph 3,Banks,M,CL,CL,clergy lower,,Family: Other,uncle - nephew,A,1726,N,N,N,draft (salutations removed?),,122,"The Letters and Papers of the Banks Family of Revesby Abbey. 1704-1760. Ed. by J. W. F. Hill. The Publications of the Lincoln Record Society, 45. Hereford. 1952.",,1720,1739,J1BANKS,BANKS_064,1726
BANKS_079,z Banks,1720-1739,J2BANKS,Joseph 2,Banks,M,Gentry Lower,GL,"gentry lower, ""esquire""",38.0,1695.0,30-39,Other,N,Unknown,,CBANKS,Catherine,Banks,F,GL,GL,gentry lower; gentry,,Family: Nuclear,husband - wife,A,1733,N,N,N,(salutations removed?),,572,"The Letters and Papers of the Banks Family of Revesby Abbey. 1704-1760. Ed. by J. W. F. Hill. The Publications of the Lincoln Record Society, 45. Hereford. 1952.",,1720,1739,J2BANKS,BANKS_079,1733
BANKS_084,z Banks,1720-1739,J2BANKS,Joseph 2,Banks,M,Gentry Lower,GL,"gentry lower, ""esquire""",39.0,1695.0,30-39,Other,N,Unknown,,CBANKS,Catherine,Banks,F,GL,GL,gentry lower; gentry,,Family: Nuclear,husband - wife,A,1734,N,N,N,(salutations removed?),,510,"The Letters and Papers of the Banks Family of Revesby Abbey. 1704-1760. Ed. by J. W. F. Hill. The Publications of the Lincoln Record Society, 45. Hereford. 1952.",,1720,1739,J2BANKS,BANKS_084,1734
BANKS_085,z Banks,1720-1739,J2BANKS,Joseph 2,Banks,M,Gentry Lower,GL,"gentry lower, ""esquire""",39.0,1695.0,30-39,Other,N,Unknown,,CBANKS,Catherine,Banks,F,GL,GL,gentry lower; gentry,,Family: Nuclear,husband - wife,A,1734,N,N,N,(salutations removed?),,561,"The Letters and Papers of the Banks Family of Revesby Abbey. 1704-1760. Ed. by J. W. F. Hill. The Publications of the Lincoln Record Society, 45. Hereford. 1952.",,1720,1739,J2BANKS,BANKS_085,1734
BANKS_089,z Banks,1720-1739,R3BANKS,Robert 3,Banks Hodgkinson,M,Gentry Lower,GL,gentry lower,17.0,1722.0,10-19,Unknown,N,Unknown,,J2BANKS,Joseph 2,Banks,M,GL,GL,"gentry lower, ""esquire""",,Family: Nuclear,son - father,A,1739,N,N,N,(salutations removed?),,183,"The Letters and Papers of the Banks Family of Revesby Abbey. 1704-1760. Ed. by J. W. F. Hill. The Publications of the Lincoln Record Society, 45. Hereford. 1952.",,1720,1739,R3BANKS,BANKS_089,1739
BANKS_092,z Banks,1740-1759,R3BANKS,Robert 3,Banks Hodgkinson,M,Gentry Lower,GL,gentry lower,18.0,1722.0,10-19,Unknown,N,Unknown,,J2BANKS,Joseph 2,Banks,M,GL,GL,"gentry lower, ""esquire""",,Family: Nuclear,son - father,A,1740,N,N,N,(salutations removed?),,224,"The Letters and Papers of the Banks Family of Revesby Abbey. 1704-1760. Ed. by J. W. F. Hill. The Publications of the Lincoln Record Society, 45. Hereford. 1952.",,1740,1759,R3BANKS,BANKS_092,1740
BANKS_093,z Banks,1740-1759,R3BANKS,Robert 3,Banks Hodgkinson,M,Gentry Lower,GL,gentry lower,18.0,1722.0,10-19,Unknown,N,Unknown,,J2BANKS,Joseph 2,Banks,M,GL,GL,"gentry lower, ""esquire""",,Family: Nuclear,son - father,A,1740,N,N,N,(salutations removed?),,470,"The Letters and Papers of the Banks Family of Revesby Abbey. 1704-1760. Ed. by J. W. F. Hill. The Publications of the Lincoln Record Society, 45. Hereford. 1952.",,1740,1759,R3BANKS,BANKS_093,1740
BANKS_094,z Banks,1740-1759,R3BANKS,Robert 3,Banks Hodgkinson,M,Gentry Lower,GL,gentry lower,18.0,1722.0,10-19,Unknown,N,Unknown,,J2BANKS,Joseph 2,Banks,M,GL,GL,"gentry lower, ""esquire""",,Family: Nuclear,son - father,A,1740,N,N,N,(salutations removed?),,528,"The Letters and Papers of the Banks Family of Revesby Abbey. 1704-1760. Ed. by J. W. F. Hill. The Publications of the Lincoln Record Society, 45. Hereford. 1952.",,1740,1759,R3BANKS,BANKS_094,1740
BANKS_097,z Banks,1740-1759,R3BANKS,Robert 3,Banks Hodgkinson,M,Gentry Lower,GL,gentry lower,34.0,1722.0,30-39,Unknown,N,Unknown,,WBANKS,William,Banks Hodgkinson,M,GL,GL,gentry lower,,Family: Nuclear,brothers,A,1756,N,N,N,(salutations removed?),,230,"The Letters and Papers of the Banks Family of Revesby Abbey. 1704-1760. Ed. by J. W. F. Hill. The Publications of the Lincoln Record Society, 45. Hereford. 1952.",,1740,1759,R3BANKS,BANKS_097,1756
BANKS_098,z Banks,1740-1759,R3BANKS,Robert 3,Banks Hodgkinson,M,Gentry Lower,GL,gentry lower,34.0,1722.0,30-39,Unknown,N,Unknown,,WBANKS,William,Banks Hodgkinson,M,GL,GL,gentry lower,,Family: Nuclear,brothers,A,1756,N,N,N,(salutations removed?),,336,"The Letters and Papers of the Banks Family of Revesby Abbey. 1704-1760. Ed. by J. W. F. Hill. The Publications of the Lincoln Record Society, 45. Hereford. 1952.",,1740,1759,R3BANKS,BANKS_098,1756
BLOMEFI_001,z Blomefield,1720-1739,FBLOMEFIELD,Francis,Blomefield,M,Clergy Lower,CL,"clergy lower, rector of Fersfield, South Norfolk",28.0,1705.0,20-29,East Anglia,D,Higher: Oxbridge,http://www.oxforddnb.com/view/article/2663,BBELL,Beauprï¿½,Bell,M,GL,GL,Gentry; Antiquarian and numismatist,http://www.oxforddnb.com/view/article/1997,Other,"fellow antiquarians, friends",A,1733,N,N,N,LB1,,333,"The Correspondence of the Reverend Francis Blomefield (1705-52). Ed. by David A. Stoker. Norfolk Record Society, vol. LV. for 1990. [London:] The Bibliographical Society, 1992.",62,1720,1739,FBLOMEFIELD,BLOMEFI_001,1733
BLOMEFI_002,z Blomefield,1720-1739,FBLOMEFIELD,Francis,Blomefield,M,Clergy Lower,CL,"clergy lower, rector of Fersfield, South Norfolk",28.0,1705.0,20-29,East Anglia,D,Higher: Oxbridge,http://www.oxforddnb.com/view/article/2663,JCARLOS,James,Carlos,M,M,M,merchant: bookseller,,Other,business relationship,A,1733,N,N,N,LB1,,388,"The Correspondence of the Reverend Francis Blomefield (1705-52). Ed. by David A. Stoker. Norfolk Record Society, vol. LV. for 1990. [London:] The Bibliographical Society, 1992.",63,1720,1739,FBLOMEFIELD,BLOMEFI_002,1733
BLOMEFI_003,z Blomefield,1720-1739,FBLOMEFIELD,Francis,Blomefield,M,Clergy Lower,CL,"clergy lower, rector of Fersfield, South Norfolk",28.0,1705.0,20-29,East Anglia,D,Higher: Oxbridge,http://www.oxforddnb.com/view/article/2663,TTANNER,Thomas,Tanner,M,CU,CU,Clergy upper; Bishop of St. Asaph; Chancellor of the diocese of Norwich,http://www.oxforddnb.com/view/article/26963,Other,"fellow antiquarians, client - patron",A,1733,N,N,N,LB1,,307,"The Correspondence of the Reverend Francis Blomefield (1705-52). Ed. by David A. Stoker. Norfolk Record Society, vol. LV. for 1990. [London:] The Bibliographical Society, 1992.",65,1720,1739,FBLOMEFIELD,BLOMEFI_003,1733
BLOMEFI_004,z Blomefield,1720-1739,FBLOMEFIELD,Francis,Blomefield,M,Clergy Lower,CL,"clergy lower, rector of Fersfield, South Norfolk",29.0,1705.0,20-29,East Anglia,D,Higher: Oxbridge,http://www.oxforddnb.com/view/article/2663,JCARLOS,James,Carlos,M,M,M,merchant: bookseller,,Other,business relationship,A,1734,N,N,N,LB1,,353,"The Correspondence of the Reverend Francis Blomefield (1705-52). Ed. by David A. Stoker. Norfolk Record Society, vol. LV. for 1990. [London:] The Bibliographical Society, 1992.",76,1720,1739,FBLOMEFIELD,BLOMEFI_004,1734
BLOMEFI_005,z Blomefield,1720-1739,FBLOMEFIELD,Francis,Blomefield,M,Clergy Lower,CL,"clergy lower, rector of Fersfield, South Norfolk",29.0,1705.0,20-29,East Anglia,D,Higher: Oxbridge,http://www.oxforddnb.com/view/article/2663,BBELL,Beauprï¿½,Bell,M,GL,GL,Gentry; Antiquarian and numismatist,http://www.oxforddnb.com/view/article/1997,Other,"fellow antiquarians, friends",A,1734,N,N,N,LB1,,273,"The Correspondence of the Reverend Francis Blomefield (1705-52). Ed. by David A. Stoker. Norfolk Record Society, vol. LV. for 1990. [London:] The Bibliographical Society, 1992.",79,1720,1739,FBLOMEFIELD,BLOMEFI_005,1734
BLOMEFI_006,z Blomefield,1720-1739,FBLOMEFIELD,Francis,Blomefield,M,Clergy Lower,CL,"clergy lower, rector of Fersfield, South Norfolk",30.0,1705.0,30-39,East Anglia,D,Higher: Oxbridge,http://www.oxforddnb.com/view/article/2663,HBRIGGS,Henry,Briggs,M,CL,CL,clergy lower: rector of Holt,,Other,"fellow antiquarians, friends",A,1735,N,N,N,LB1,,318,"The Correspondence of the Reverend Francis Blomefield (1705-52). Ed. by David A. Stoker. Norfolk Record Society, vol. LV. for 1990. [London:] The Bibliographical Society, 1992.",79,1720,1739,FBLOMEFIELD,BLOMEFI_006,1735
BLOMEFI_007,z Blomefield,1720-1739,FBLOMEFIELD,Francis,Blomefield,M,Clergy Lower,CL,"clergy lower, rector of Fersfield, South Norfolk",30.0,1705.0,30-39,East Anglia,D,Higher: Oxbridge,http://www.oxforddnb.com/view/article/2663,WHTOMS,William Henry,Toms,M,O,O,other: engraver,,Other,business relationship,A,1735,N,N,N,LB1,,411,"The Correspondence of the Reverend Francis Blomefield (1705-52). Ed. by David A. Stoker. Norfolk Record Society, vol. LV. for 1990. [London:] The Bibliographical Society, 1992.",90,1720,1739,FBLOMEFIELD,BLOMEFI_007,1735
BLOMEFI_008,z Blomefield,1720-1739,FBLOMEFIELD,Francis,Blomefield,M,Clergy Lower,CL,"clergy lower, rector of Fersfield, South Norfolk",30.0,1705.0,30-39,East Anglia,D,Higher: Oxbridge,http://www.oxforddnb.com/view/article/2663,DGAYLARD,Doctor,Gaylard,M,O,O,other: printer,,Other,business relationship,A,1735,N,N,N,LB1,,302,"The Correspondence of the Reverend Francis Blomefield (1705-52). Ed. by David A. Stoker. Norfolk Record Society, vol. LV. for 1990. [London:] The Bibliographical Society, 1992.",100,1720,1739,FBLOMEFIELD,BLOMEFI_008,1735
BLOMEFI_009,z Blomefield,1720-1739,FBLOMEFIELD,Francis,Blomefield,M,Clergy Lower,CL,"clergy lower, rector of Fersfield, South Norfolk",30.0,1705.0,30-39,East Anglia,D,Higher: Oxbridge,http://www.oxforddnb.com/view/article/2663,TTANNER,Thomas,Tanner,M,CU,CU,Clergy upper; Bishop of St. Asaph; Chancellor of the diocese of Norwich,http://www.oxforddnb.com/view/article/26963,Other,"fellow antiquarians, client - patron",A,1735,N,N,N,LB1,,801,"The Correspondence of the Reverend Francis Blomefield (1705-52). Ed. by David A. Stoker. Norfolk Record Society, vol. LV. for 1990. [London:] The Bibliographical Society, 1992.",103,1720,1739,FBLOMEFIELD,BLOMEFI_009,1735
BLOMEFI_010,z Blomefield,1720-1739,FBLOMEFIELD,Francis,Blomefield,M,Clergy Lower,CL,"clergy lower, rector of Fersfield, South Norfolk",30.0,1705.0,30-39,East Anglia,D,Higher: Oxbridge,http://www.oxforddnb.com/view/article/2663,WPENNOCK,William,Pennock,M,O,O,other: woodcutter,,Other,business relationship,A,1735,N,N,N,LB1,,287,"The Correspondence of the Reverend Francis Blomefield (1705-52). Ed. by David A. Stoker. Norfolk Record Society, vol. LV. for 1990. [London:] The Bibliographical Society, 1992.",106,1720,1739,FBLOMEFIELD,BLOMEFI_010,1735
BLOMEFI_011,z Blomefield,1720-1739,FBLOMEFIELD,Francis,Blomefield,M,Clergy Lower,CL,"clergy lower, rector of Fersfield, South Norfolk",30.0,1705.0,30-39,East Anglia,D,Higher: Oxbridge,http://www.oxforddnb.com/view/article/2663,DGAYLARD,Doctor,Gaylard,M,O,O,other: printer,,Other,business relationship,A,1735,N,N,N,LB1,,307,"The Correspondence of the Reverend Francis Blomefield (1705-52). Ed. by David A. Stoker. Norfolk Record Society, vol. LV. for 1990. [London:] The Bibliographical Society, 1992.",108,1720,1739,FBLOMEFIELD,BLOMEFI_011,1735
BLOMEFI_012,z Blomefield,1720-1739,FBLOMEFIELD,Francis,Blomefield,M,Clergy Lower,CL,"clergy lower, rector of Fersfield, South Norfolk",30.0,1705.0,30-39,East Anglia,D,Higher: Oxbridge,http://www.oxforddnb.com/view/article/2663,JTANNER,John,Tanner,M,CL,CL,clergy lower: vicar of Lowestoft and precentor of St. Asaph Cathedral,,Other,client - executor of patron's will,A,1735,N,N,N,LB1,,470,"The Correspondence of the Reverend Francis Blomefield (1705-52). Ed. by David A. Stoker. Norfolk Record Society, vol. LV. for 1990. [London:] The Bibliographical Society, 1992.",116,1720,1739,FBLOMEFIELD,BLOMEFI_012,1735
BLOMEFI_013,z Blomefield,1720-1739,FBLOMEFIELD,Francis,Blomefield,M,Clergy Lower,CL,"clergy lower, rector of Fersfield, South Norfolk",31.0,1705.0,30-39,East Anglia,D,Higher: Oxbridge,http://www.oxforddnb.com/view/article/2663,WPENNOCK,William,Pennock,M,O,O,other: woodcutter,,Other,business relationship,A,1736,N,N,N,LB1,,223,"The Correspondence of the Reverend Francis Blomefield (1705-52). Ed. by David A. Stoker. Norfolk Record Society, vol. LV. for 1990. [London:] The Bibliographical Society, 1992.",126,1720,1739,FBLOMEFIELD,BLOMEFI_013,1736
BLOMEFI_014,z Blomefield,1720-1739,FBLOMEFIELD,Francis,Blomefield,M,Clergy Lower,CL,"clergy lower, rector of Fersfield, South Norfolk",31.0,1705.0,30-39,East Anglia,D,Higher: Oxbridge,http://www.oxforddnb.com/view/article/2663,WHTOMS,William Henry,Toms,M,O,O,other: engraver,,Other,business relationship,A,1736,N,N,N,LB1,,296,"The Correspondence of the Reverend Francis Blomefield (1705-52). Ed. by David A. Stoker. Norfolk Record Society, vol. LV. for 1990. [London:] The Bibliographical Society, 1992.",129,1720,1739,FBLOMEFIELD,BLOMEFI_014,1736
BLOMEFI_015,z Blomefield,1720-1739,FBLOMEFIELD,Francis,Blomefield,M,Clergy Lower,CL,"clergy lower, rector of Fersfield, South Norfolk",31.0,1705.0,30-39,East Anglia,D,Higher: Oxbridge,http://www.oxforddnb.com/view/article/2663,HBRIGGS,Henry,Briggs,M,CL,CL,clergy lower: rector of Holt,,Other,"fellow antiquarians, friends",A,1736,N,N,N,LB1,,242,"The Correspondence of the Reverend Francis Blomefield (1705-52). Ed. by David A. Stoker. Norfolk Record Society, vol. LV. for 1990. [London:] The Bibliographical Society, 1992.",156,1720,1739,FBLOMEFIELD,BLOMEFI_015,1736
BLOMEFI_016,z Blomefield,1720-1739,FBLOMEFIELD,Francis,Blomefield,M,Clergy Lower,CL,"clergy lower, rector of Fersfield, South Norfolk",32.0,1705.0,30-39,East Anglia,D,Higher: Oxbridge,http://www.oxforddnb.com/view/article/2663,JTANNER,John,Tanner,M,CL,CL,clergy lower: vicar of Lowestoft and precentor of St. Asaph Cathedral,,Other,client - executor of patron's will,A,1737,N,N,N,LB2,,252,"The Correspondence of the Reverend Francis Blomefield (1705-52). Ed. by David A. Stoker. Norfolk Record Society, vol. LV. for 1990. [London:] The Bibliographical Society, 1992.",175,1720,1739,FBLOMEFIELD,BLOMEFI_016,1737
BLOMEFI_017,z Blomefield,1720-1739,FBLOMEFIELD,Francis,Blomefield,M,Clergy Lower,CL,"clergy lower, rector of Fersfield, South Norfolk",32.0,1705.0,30-39,East Anglia,D,Higher: Oxbridge,http://www.oxforddnb.com/view/article/2663,EEWER,Edward,Ewer,M,P,P,professional: attorney-at-law,,Other,client - patron,A,1737,N,N,N,LB2,,396,"The Correspondence of the Reverend Francis Blomefield (1705-52). Ed. by David A. Stoker. Norfolk Record Society, vol. LV. for 1990. [London:] The Bibliographical Society, 1992.",181,1720,1739,FBLOMEFIELD,BLOMEFI_017,1737
BLOMEFI_018,z Blomefield,1720-1739,FBLOMEFIELD,Francis,Blomefield,M,Clergy Lower,CL,"clergy lower, rector of Fersfield, South Norfolk",32.0,1705.0,30-39,East Anglia,D,Higher: Oxbridge,http://www.oxforddnb.com/view/article/2663,TLESTRANGE,Thomas,Le Strange,M,GU,GU,gentry upper: baronet (though Blomefield calls him knight here),,Other,writer - informant,A,1737,N,N,N,LB2,,416,"The Correspondence of the Reverend Francis Blomefield (1705-52). Ed. by David A. Stoker. Norfolk Record Society, vol. LV. for 1990. [London:] The Bibliographical Society, 1992.",194,1720,1739,FBLOMEFIELD,BLOMEFI_018,1737
BLOMEFI_019,z Blomefield,1720-1739,FBLOMEFIELD,Francis,Blomefield,M,Clergy Lower,CL,"clergy lower, rector of Fersfield, South Norfolk",32.0,1705.0,30-39,East Anglia,D,Higher: Oxbridge,http://www.oxforddnb.com/view/article/2663,WHTOMS,William Henry,Toms,M,O,O,other: engraver,,Other,business relationship,A,1737,N,N,N,LB2,,216,"The Correspondence of the Reverend Francis Blomefield (1705-52). Ed. by David A. Stoker. Norfolk Record Society, vol. LV. for 1990. [London:] The Bibliographical Society, 1992.",201,1720,1739,FBLOMEFIELD,BLOMEFI_019,1737
BLOMEFI_020,z Blomefield,1720-1739,FBLOMEFIELD,Francis,Blomefield,M,Clergy Lower,CL,"clergy lower, rector of Fersfield, South Norfolk",33.0,1705.0,30-39,East Anglia,D,Higher: Oxbridge,http://www.oxforddnb.com/view/article/2663,EEWER,Edward,Ewer,M,P,P,professional: attorney-at-law,,Other,client - patron,A,1738,N,N,N,LB2,,382,"The Correspondence of the Reverend Francis Blomefield (1705-52). Ed. by David A. Stoker. Norfolk Record Society, vol. LV. for 1990. [London:] The Bibliographical Society, 1992.",207,1720,1739,FBLOMEFIELD,BLOMEFI_020,1738
BLOMEFI_021,z Blomefield,1720-1739,FBLOMEFIELD,Francis,Blomefield,M,Clergy Lower,CL,"clergy lower, rector of Fersfield, South Norfolk",25.0,1705.0,20-29,East Anglia,D,Higher: Oxbridge,http://www.oxforddnb.com/view/article/2663,TMARTIN,Thomas,Martin,M,GL,GL,"gentry lower, attorney",http://www.oxforddnb.com/view/article/18212,Other,"fellow antiquarians, friends",A,1730,N,N,N,ms,,270,"The Correspondence of the Reverend Francis Blomefield (1705-52). Ed. by David A. Stoker. Norfolk Record Society, vol. LV. for 1990. [London:] The Bibliographical Society, 1992.",219,1720,1739,FBLOMEFIELD,BLOMEFI_021,1730
BLOMEFI_028,z Blomefield,1740-1759,FBLOMEFIELD,Francis,Blomefield,M,Clergy Lower,CL,"clergy lower, rector of Fersfield, South Norfolk",38.0,1705.0,30-39,East Anglia,D,Higher: Oxbridge,http://www.oxforddnb.com/view/article/2663,WWINDHAM,William,Windham,M,,,?,,Other,writer - informant,A,1743,N,N,N,ms,,270,"The Correspondence of the Reverend Francis Blomefield (1705-52). Ed. by David A. Stoker. Norfolk Record Society, vol. LV. for 1990. [London:] The Bibliographical Society, 1992.",237,1740,1759,FBLOMEFIELD,BLOMEFI_028,1743
BLOMEFI_029,z Blomefield,1740-1759,FBLOMEFIELD,Francis,Blomefield,M,Clergy Lower,CL,"clergy lower, rector of Fersfield, South Norfolk",40.0,1705.0,40-49,East Anglia,D,Higher: Oxbridge,http://www.oxforddnb.com/view/article/2663,WCOLE,William,Cole,M,CL,CL,clergy lower; antiquarian,http://www.oxforddnb.com/view/article/5863,Other,fellow antiquarians,A,1745,N,N,N,ms,,344,"The Correspondence of the Reverend Francis Blomefield (1705-52). Ed. by David A. Stoker. Norfolk Record Society, vol. LV. for 1990. [London:] The Bibliographical Society, 1992.",239,1740,1759,FBLOMEFIELD,BLOMEFI_029,1745
BLOMEFI_030,z Blomefield,1740-1759,FBLOMEFIELD,Francis,Blomefield,M,Clergy Lower,CL,"clergy lower, rector of Fersfield, South Norfolk",41.0,1705.0,40-49,East Anglia,D,Higher: Oxbridge,http://www.oxforddnb.com/view/article/2663,WCOLE,William,Cole,M,CL,CL,clergy lower; antiquarian,http://www.oxforddnb.com/view/article/5863,Other,fellow antiquarians,A,1746,N,N,N,ms,,563,"The Correspondence of the Reverend Francis Blomefield (1705-52). Ed. by David A. Stoker. Norfolk Record Society, vol. LV. for 1990. [London:] The Bibliographical Society, 1992.",242,1740,1759,FBLOMEFIELD,BLOMEFI_030,1746
BLOMEFI_031,z Blomefield,1740-1759,FBLOMEFIELD,Francis,Blomefield,M,Clergy Lower,CL,"clergy lower, rector of Fersfield, South Norfolk",42.0,1705.0,40-49,East Anglia,D,Higher: Oxbridge,http://www.oxforddnb.com/view/article/2663,WCOLE,William,Cole,M,CL,CL,clergy lower; antiquarian,http://www.oxforddnb.com/view/article/5863,Other,fellow antiquarians,A,1747,N,N,N,ms,,260,"The Correspondence of the Reverend Francis Blomefield (1705-52). Ed. by David A. Stoker. Norfolk Record Society, vol. LV. for 1990. [London:] The Bibliographical Society, 1992.",243,1740,1759,FBLOMEFIELD,BLOMEFI_031,1747
BLOMEFI_032,z Blomefield,1740-1759,FBLOMEFIELD,Francis,Blomefield,M,Clergy Lower,CL,"clergy lower, rector of Fersfield, South Norfolk",43.0,1705.0,40-49,East Anglia,D,Higher: Oxbridge,http://www.oxforddnb.com/view/article/2663,WCOLE,William,Cole,M,CL,CL,clergy lower; antiquarian,http://www.oxforddnb.com/view/article/5863,Other,fellow antiquarians,A,1748,N,N,N,ms,,481,"The Correspondence of the Reverend Francis Blomefield (1705-52). Ed. by David A. Stoker. Norfolk Record Society, vol. LV. for 1990. [London:] The Bibliographical Society, 1992.",244,1740,1759,FBLOMEFIELD,BLOMEFI_032,1748
BLOMEFI_033,z Blomefield,1740-1759,FBLOMEFIELD,Francis,Blomefield,M,Clergy Lower,CL,"clergy lower, rector of Fersfield, South Norfolk",43.0,1705.0,40-49,East Anglia,D,Higher: Oxbridge,http://www.oxforddnb.com/view/article/2663,WCOLE,William,Cole,M,CL,CL,clergy lower; antiquarian,http://www.oxforddnb.com/view/article/5863,Other,fellow antiquarians,A,1748,N,N,N,ms,,221,"The Correspondence of the Reverend Francis Blomefield (1705-52). Ed. by David A. Stoker. Norfolk Record Society, vol. LV. for 1990. [London:] The Bibliographical Society, 1992.",245,1740,1759,FBLOMEFIELD,BLOMEFI_033,1748
BLOMEFI_034,z Blomefield,1740-1759,FBLOMEFIELD,Francis,Blomefield,M,Clergy Lower,CL,"clergy lower, rector of Fersfield, South Norfolk",43.0,1705.0,40-49,East Anglia,D,Higher: Oxbridge,http://www.oxforddnb.com/view/article/2663,WCOLE,William,Cole,M,CL,CL,clergy lower; antiquarian,http://www.oxforddnb.com/view/article/5863,Other,fellow antiquarians,A,1748,N,N,N,ms,,349,"The Correspondence of the Reverend Francis Blomefield (1705-52). Ed. by David A. Stoker. Norfolk Record Society, vol. LV. for 1990. [London:] The Bibliographical Society, 1992.",246,1740,1759,FBLOMEFIELD,BLOMEFI_034,1748
BLOMEFI_035,z Blomefield,1740-1759,FBLOMEFIELD,Francis,Blomefield,M,Clergy Lower,CL,"clergy lower, rector of Fersfield, South Norfolk",43.0,1705.0,40-49,East Anglia,D,Higher: Oxbridge,http://www.oxforddnb.com/view/article/2663,WCOLE,William,Cole,M,CL,CL,clergy lower; antiquarian,http://www.oxforddnb.com/view/article/5863,Other,fellow antiquarians,A,1748,N,N,N,ms,,454,"The Correspondence of the Reverend Francis Blomefield (1705-52). Ed. by David A. Stoker. Norfolk Record Society, vol. LV. for 1990. [London:] The Bibliographical Society, 1992.",247,1740,1759,FBLOMEFIELD,BLOMEFI_035,1748
BLOMEFI_036,z Blomefield,1740-1759,FBLOMEFIELD,Francis,Blomefield,M,Clergy Lower,CL,"clergy lower, rector of Fersfield, South Norfolk",43.0,1705.0,40-49,East Anglia,D,Higher: Oxbridge,http://www.oxforddnb.com/view/article/2663,TLESTRANGE,Thomas,Le Strange,M,GU,GU,gentry upper: baronet,,Other,writer - informant,A,1748,N,N,N,ms,,174,"The Correspondence of the Reverend Francis Blomefield (1705-52). Ed. by David A. Stoker. Norfolk Record Society, vol. LV. for 1990. [London:] The Bibliographical Society, 1992.",248,1740,1759,FBLOMEFIELD,BLOMEFI_036,1748
BLOMEFI_037,z Blomefield,1740-1759,FBLOMEFIELD,Francis,Blomefield,M,Clergy Lower,CL,"clergy lower, rector of Fersfield, South Norfolk",44.0,1705.0,40-49,East Anglia,D,Higher: Oxbridge,http://www.oxforddnb.com/view/article/2663,WCOLE,William,Cole,M,CL,CL,clergy lower; antiquarian,http://www.oxforddnb.com/view/article/5863,Other,fellow antiquarians,A,1749,N,N,N,ms,,431,"The Correspondence of the Reverend Francis Blomefield (1705-52). Ed. by David A. Stoker. Norfolk Record Society, vol. LV. for 1990. [London:] The Bibliographical Society, 1992.",248,1740,1759,FBLOMEFIELD,BLOMEFI_037,1749
BLOMEFI_038,z Blomefield,1740-1759,FBLOMEFIELD,Francis,Blomefield,M,Clergy Lower,CL,"clergy lower, rector of Fersfield, South Norfolk",44.0,1705.0,40-49,East Anglia,D,Higher: Oxbridge,http://www.oxforddnb.com/view/article/2663,WCOLE,William,Cole,M,CL,CL,clergy lower; antiquarian,http://www.oxforddnb.com/view/article/5863,Other,fellow antiquarians,A,1749,N,N,N,ms,,361,"The Correspondence of the Reverend Francis Blomefield (1705-52). Ed. by David A. Stoker. Norfolk Record Society, vol. LV. for 1990. [London:] The Bibliographical Society, 1992.",250,1740,1759,FBLOMEFIELD,BLOMEFI_038,1749
BLOMEFI_039,z Blomefield,1740-1759,FBLOMEFIELD,Francis,Blomefield,M,Clergy Lower,CL,"clergy lower, rector of Fersfield, South Norfolk",44.0,1705.0,40-49,East Anglia,D,Higher: Oxbridge,http://www.oxforddnb.com/view/article/2663,WOLDYS,William,Oldys,M,P,P,professional: herald and antiquary,http://www.oxforddnb.com/view/article/20699,Other,fellow antiquarians,A,1749,N,N,N,ms,,292,"The Correspondence of the Reverend Francis Blomefield (1705-52). Ed. by David A. Stoker. Norfolk Record Society, vol. LV. for 1990. [London:] The Bibliographical Society, 1992.",251,1740,1759,FBLOMEFIELD,BLOMEFI_039,1749
BLOMEFI_040,z Blomefield,1740-1759,FBLOMEFIELD,Francis,Blomefield,M,Clergy Lower,CL,"clergy lower, rector of Fersfield, South Norfolk",46.0,1705.0,40-49,East Anglia,D,Higher: Oxbridge,http://www.oxforddnb.com/view/article/2663,WCOLE,William,Cole,M,CL,CL,clergy lower; antiquarian,http://www.oxforddnb.com/view/article/5863,Other,fellow antiquarians,A,1751,N,N,N,ms,,290,"The Correspondence of the Reverend Francis Blomefield (1705-52). Ed. by David A. Stoker. Norfolk Record Society, vol. LV. for 1990. [London:] The Bibliographical Society, 1992.",253,1740,1759,FBLOMEFIELD,BLOMEFI_040,1751
CLAVERI_001,z Clavering,1700-1719,ACLAVERING,Ann,Clavering,F,Gentry Lower,GL,gentry lower,22.0,1686.0,20-29,London,N,Unknown,http://www.oxforddnb.com/view/article/63016,JCLAVERING,James,Clavering,M,GL,GU,country gentleman,,Family: Other,second cousins; guardian - trustee,A,1708,N,N,N,,,958,The Correspondence of Sir James Clavering. Ed. by H.T. Dickinson. Gateshead: Surtees Society. 1967. Surtees Society Publications Vol CLXXVIII.,1,1700,1719,ACLAVERING,CLAVERI_001,1708
CLAVERI_002,z Clavering,1700-1719,ACLAVERING,Ann,Clavering,F,Gentry Lower,GL,gentry lower,22.0,1686.0,20-29,London,N,Unknown,http://www.oxforddnb.com/view/article/63016,JCLAVERING,James,Clavering,M,GL,GU,country gentleman,,Family: Other,second cousins; guardian - trustee,A,1708,N,N,N,closing formula cut short by editor,,639,The Correspondence of Sir James Clavering. Ed. by H.T. Dickinson. Gateshead: Surtees Society. 1967. Surtees Society Publications Vol CLXXVIII.,4,1700,1719,ACLAVERING,CLAVERI_002,1708
CLAVERI_003,z Clavering,1700-1719,ACLAVERING,Ann,Clavering,F,Gentry Lower,GL,gentry lower,22.0,1686.0,20-29,London,N,Unknown,http://www.oxforddnb.com/view/article/63016,JCLAVERING,James,Clavering,M,GL,GU,country gentleman,,Family: Other,second cousins; guardian - trustee,A,1708,N,N,N,closing formula cut short by editor,,618,The Correspondence of Sir James Clavering. Ed. by H.T. Dickinson. Gateshead: Surtees Society. 1967. Surtees Society Publications Vol CLXXVIII.,6,1700,1719,ACLAVERING,CLAVERI_003,1708
CLAVERI_004,z Clavering,1700-1719,ACLAVERING,Ann,Clavering,F,Gentry Lower,GL,gentry lower,22.0,1686.0,20-29,London,N,Unknown,http://www.oxforddnb.com/view/article/63016,JCLAVERING,James,Clavering,M,GL,GU,country gentleman,,Family: Other,second cousins; guardian - trustee,A,1708,N,N,N,closing formula cut short by editor,,748,The Correspondence of Sir James Clavering. Ed. by H.T. Dickinson. Gateshead: Surtees Society. 1967. Surtees Society Publications Vol CLXXVIII.,8,1700,1719,ACLAVERING,CLAVERI_004,1708
CLAVERI_007,z Clavering,1700-1719,ACLAVERING,Ann,Clavering,F,Gentry Lower,GL,gentry lower,22.0,1686.0,20-29,London,N,Unknown,http://www.oxforddnb.com/view/article/63016,JCLAVERING,James,Clavering,M,GL,GU,country gentleman,,Family: Other,second cousins; guardian - trustee,A,1708,N,N,N,closing formula cut short by editor,,789,The Correspondence of Sir James Clavering. Ed. by H.T. Dickinson. Gateshead: Surtees Society. 1967. Surtees Society Publications Vol CLXXVIII.,15,1700,1719,ACLAVERING,CLAVERI_007,1708
CLAVERI_008,z Clavering,1700-1719,ACLAVERING,Ann,Clavering,F,Gentry Lower,GL,gentry lower,22.0,1686.0,20-29,London,N,Unknown,http://www.oxforddnb.com/view/article/63016,JCLAVERING,James,Clavering,M,GL,GU,country gentleman,,Family: Other,second cousins; guardian - trustee,A,1708,N,N,N,closing formula cut short by editor,,792,The Correspondence of Sir James Clavering. Ed. by H.T. Dickinson. Gateshead: Surtees Society. 1967. Surtees Society Publications Vol CLXXVIII.,18,1700,1719,ACLAVERING,CLAVERI_008,1708
CLAVERI_009,z Clavering,1700-1719,ACLAVERING,Ann,Clavering,F,Gentry Lower,GL,gentry lower,22.0,1686.0,20-29,London,N,Unknown,http://www.oxforddnb.com/view/article/63016,JCLAVERING,James,Clavering,M,GL,GU,country gentleman,,Family: Other,second cousins; guardian - trustee,A,1708,N,N,N,closing formula cut short by editor,,638,The Correspondence of Sir James Clavering. Ed. by H.T. Dickinson. Gateshead: Surtees Society. 1967. Surtees Society Publications Vol CLXXVIII.,20,1700,1719,ACLAVERING,CLAVERI_009,1708
CLAVERI_010,z Clavering,1700-1719,ACLAVERING,Ann,Clavering,F,Gentry Lower,GL,gentry lower,22.0,1686.0,20-29,London,N,Unknown,http://www.oxforddnb.com/view/article/63016,JCLAVERING,James,Clavering,M,GL,GU,country gentleman,,Family: Other,second cousins; guardian - trustee,A,1708,N,N,N,closing formula cut short by editor,,279,The Correspondence of Sir James Clavering. Ed. by H.T. Dickinson. Gateshead: Surtees Society. 1967. Surtees Society Publications Vol CLXXVIII.,24,1700,1719,ACLAVERING,CLAVERI_010,1708
CLAVERI_011,z Clavering,1700-1719,ACLAVERING,Ann,Clavering,F,Gentry Lower,GL,gentry lower,23.0,1686.0,20-29,London,N,Unknown,http://www.oxforddnb.com/view/article/63016,JCLAVERING,James,Clavering,M,GL,GU,country gentleman,,Family: Other,second cousins; guardian - trustee,A,1709,N,N,N,,,916,The Correspondence of Sir James Clavering. Ed. by H.T. Dickinson. Gateshead: Surtees Society. 1967. Surtees Society Publications Vol CLXXVIII.,25,1700,1719,ACLAVERING,CLAVERI_011,1709
CLAVERI_012,z Clavering,1700-1719,ACLAVERING,Ann,Clavering,F,Gentry Lower,GL,gentry lower,23.0,1686.0,20-29,London,N,Unknown,http://www.oxforddnb.com/view/article/63016,JCLAVERING,James,Clavering,M,GL,GU,country gentleman,,Family: Other,second cousins; guardian - trustee,A,1709,N,N,N,closing formula cut short by editor,,456,The Correspondence of Sir James Clavering. Ed. by H.T. Dickinson. Gateshead: Surtees Society. 1967. Surtees Society Publications Vol CLXXVIII.,29,1700,1719,ACLAVERING,CLAVERI_012,1709
CLAVERI_013,z Clavering,1700-1719,ACLAVERING,Ann,Clavering,F,Gentry Lower,GL,gentry lower,23.0,1686.0,20-29,London,N,Unknown,http://www.oxforddnb.com/view/article/63016,JCLAVERING,James,Clavering,M,GL,GU,country gentleman,,Family: Other,second cousins; guardian - trustee,A,1709,N,N,N,closing formula cut short by editor,,798,The Correspondence of Sir James Clavering. Ed. by H.T. Dickinson. Gateshead: Surtees Society. 1967. Surtees Society Publications Vol CLXXVIII.,30,1700,1719,ACLAVERING,CLAVERI_013,1709
CLAVERI_014,z Clavering,1700-1719,ACLAVERING,Ann,Clavering,F,Gentry Lower,GL,gentry lower,23.0,1686.0,20-29,London,N,Unknown,http://www.oxforddnb.com/view/article/63016,JCLAVERING,James,Clavering,M,GL,GU,country gentleman,,Family: Other,second cousins; guardian - trustee,A,1709,N,N,N,closing formula cut short by editor,,377,The Correspondence of Sir James Clavering. Ed. by H.T. Dickinson. Gateshead: Surtees Society. 1967. Surtees Society Publications Vol CLXXVIII.,32,1700,1719,ACLAVERING,CLAVERI_014,1709
CLAVERI_015,z Clavering,1700-1719,ACLAVERING,Ann,Clavering,F,Gentry Lower,GL,gentry lower,23.0,1686.0,20-29,London,N,Unknown,http://www.oxforddnb.com/view/article/63016,JCLAVERING,James,Clavering,M,GL,GU,country gentleman,,Family: Other,second cousins; guardian - trustee,A,1709,N,N,N,closing formula cut short by editor,,473,The Correspondence of Sir James Clavering. Ed. by H.T. Dickinson. Gateshead: Surtees Society. 1967. Surtees Society Publications Vol CLXXVIII.,33,1700,1719,ACLAVERING,CLAVERI_015,1709
CLAVERI_016,z Clavering,1700-1719,ACLAVERING,Ann,Clavering,F,Gentry Lower,GL,gentry lower,23.0,1686.0,20-29,London,N,Unknown,http://www.oxforddnb.com/view/article/63016,JCLAVERING,James,Clavering,M,GL,GU,country gentleman,,Family: Other,second cousins; guardian - trustee,A,1709,N,N,N,,,896,The Correspondence of Sir James Clavering. Ed. by H.T. Dickinson. Gateshead: Surtees Society. 1967. Surtees Society Publications Vol CLXXVIII.,35,1700,1719,ACLAVERING,CLAVERI_016,1709
CLAVERI_017,z Clavering,1700-1719,ACLAVERING,Ann,Clavering,F,Gentry Lower,GL,gentry lower,23.0,1686.0,20-29,London,N,Unknown,http://www.oxforddnb.com/view/article/63016,JCLAVERING,James,Clavering,M,GL,GU,country gentleman,,Family: Other,second cousins; guardian - trustee,A,1709,N,N,N,closing formula cut short by editor,,1426,The Correspondence of Sir James Clavering. Ed. by H.T. Dickinson. Gateshead: Surtees Society. 1967. Surtees Society Publications Vol CLXXVIII.,37,1700,1719,ACLAVERING,CLAVERI_017,1709
CLAVERI_018,z Clavering,1700-1719,ACLAVERING,Ann,Clavering,F,Gentry Lower,GL,gentry lower,23.0,1686.0,20-29,London,N,Unknown,http://www.oxforddnb.com/view/article/63016,JCLAVERING,James,Clavering,M,GL,GU,country gentleman,,Family: Other,second cousins; guardian - trustee,A,1709,N,N,N,closing formula cut short by editor,,593,The Correspondence of Sir James Clavering. Ed. by H.T. Dickinson. Gateshead: Surtees Society. 1967. Surtees Society Publications Vol CLXXVIII.,41,1700,1719,ACLAVERING,CLAVERI_018,1709
CLAVERI_019,z Clavering,1700-1719,ACLAVERING,Ann,Clavering,F,Gentry Lower,GL,gentry lower,23.0,1686.0,20-29,London,N,Unknown,http://www.oxforddnb.com/view/article/63016,JCLAVERING,James,Clavering,M,GL,GU,country gentleman,,Family: Other,second cousins; guardian - trustee,A,1709,N,N,N,closing formula cut short by editor,,958,The Correspondence of Sir James Clavering. Ed. by H.T. Dickinson. Gateshead: Surtees Society. 1967. Surtees Society Publications Vol CLXXVIII.,42,1700,1719,ACLAVERING,CLAVERI_019,1709
CLAVERI_020,z Clavering,1700-1719,ACLAVERING,Ann,Clavering,F,Gentry Lower,GL,gentry lower,23.0,1686.0,20-29,London,N,Unknown,http://www.oxforddnb.com/view/article/63016,JCLAVERING,James,Clavering,M,GL,GU,country gentleman,,Family: Other,second cousins; guardian - trustee,A,1709,N,N,N,closing formula cut short by editor,,452,The Correspondence of Sir James Clavering. Ed. by H.T. Dickinson. Gateshead: Surtees Society. 1967. Surtees Society Publications Vol CLXXVIII.,51,1700,1719,ACLAVERING,CLAVERI_020,1709
CLAVERI_021,z Clavering,1700-1719,ACLAVERING,Ann,Clavering,F,Gentry Lower,GL,gentry lower,23.0,1686.0,20-29,London,N,Unknown,http://www.oxforddnb.com/view/article/63016,JCLAVERING,James,Clavering,M,GL,GU,country gentleman,,Family: Other,second cousins; guardian - trustee,A,1709,N,N,N,closing formula cut short by editor,,1188,The Correspondence of Sir James Clavering. Ed. by H.T. Dickinson. Gateshead: Surtees Society. 1967. Surtees Society Publications Vol CLXXVIII.,53,1700,1719,ACLAVERING,CLAVERI_021,1709
CLAVERI_022,z Clavering,1700-1719,ACLAVERING,Ann,Clavering,F,Gentry Lower,GL,gentry lower,23.0,1686.0,20-29,London,N,Unknown,http://www.oxforddnb.com/view/article/63016,JCLAVERING,James,Clavering,M,GL,GU,country gentleman,,Family: Other,second cousins; guardian - trustee,A,1709,N,N,N,closing formula cut short by editor,,1137,The Correspondence of Sir James Clavering. Ed. by H.T. Dickinson. Gateshead: Surtees Society. 1967. Surtees Society Publications Vol CLXXVIII.,56,1700,1719,ACLAVERING,CLAVERI_022,1709
CLAVERI_023,z Clavering,1700-1719,ACLAVERING,Ann,Clavering,F,Gentry Lower,GL,gentry lower,24.0,1686.0,20-29,London,N,Unknown,http://www.oxforddnb.com/view/article/63016,JCLAVERING,James,Clavering,M,GL,GU,country gentleman,,Family: Other,second cousins; guardian - trustee,A,1710,N,N,N,closing formula cut short by editor,,987,The Correspondence of Sir James Clavering. Ed. by H.T. Dickinson. Gateshead: Surtees Society. 1967. Surtees Society Publications Vol CLXXVIII.,61,1700,1719,ACLAVERING,CLAVERI_023,1710
CLAVERI_024,z Clavering,1700-1719,ACLAVERING,Ann,Clavering,F,Gentry Lower,GL,gentry lower,24.0,1686.0,20-29,London,N,Unknown,http://www.oxforddnb.com/view/article/63016,JCLAVERING,James,Clavering,M,GL,GU,country gentleman,,Family: Other,second cousins; guardian - trustee,A,1710,N,N,N,closing formula cut short by editor,,537,The Correspondence of Sir James Clavering. Ed. by H.T. Dickinson. Gateshead: Surtees Society. 1967. Surtees Society Publications Vol CLXXVIII.,66,1700,1719,ACLAVERING,CLAVERI_024,1710
CLAVERI_025,z Clavering,1700-1719,ACLAVERING,Ann,Clavering,F,Gentry Lower,GL,gentry lower,24.0,1686.0,20-29,London,N,Unknown,http://www.oxforddnb.com/view/article/63016,JCLAVERING,James,Clavering,M,GL,GU,country gentleman,,Family: Other,second cousins; guardian - trustee,A,1710,N,N,N,closing formula cut short by editor,,1046,The Correspondence of Sir James Clavering. Ed. by H.T. Dickinson. Gateshead: Surtees Society. 1967. Surtees Society Publications Vol CLXXVIII.,67,1700,1719,ACLAVERING,CLAVERI_025,1710
CLAVERI_026,z Clavering,1700-1719,ACLAVERING,Ann,Clavering,F,Gentry Lower,GL,gentry lower,24.0,1686.0,20-29,London,N,Unknown,http://www.oxforddnb.com/view/article/63016,JCLAVERING,James,Clavering,M,GL,GU,country gentleman,,Family: Other,second cousins; guardian - trustee,A,1710,N,N,N,closing formula cut short by editor,,739,The Correspondence of Sir James Clavering. Ed. by H.T. Dickinson. Gateshead: Surtees Society. 1967. Surtees Society Publications Vol CLXXVIII.,74,1700,1719,ACLAVERING,CLAVERI_026,1710
CLAVERI_027,z Clavering,1700-1719,ACLAVERING,Ann,Clavering,F,Gentry Lower,GL,gentry lower,24.0,1686.0,20-29,London,N,Unknown,http://www.oxforddnb.com/view/article/63016,JCLAVERING,James,Clavering,M,GL,GU,country gentleman,,Family: Other,second cousins; guardian - trustee,A,1710,N,N,N,closing formula cut short by editor,,727,The Correspondence of Sir James Clavering. Ed. by H.T. Dickinson. Gateshead: Surtees Society. 1967. Surtees Society Publications Vol CLXXVIII.,76,1700,1719,ACLAVERING,CLAVERI_027,1710
CLAVERI_028,z Clavering,1700-1719,ACLAVERING,Ann,Clavering,F,Gentry Lower,GL,gentry lower,24.0,1686.0,20-29,London,N,Unknown,http://www.oxforddnb.com/view/article/63016,JCLAVERING,James,Clavering,M,GL,GU,country gentleman,,Family: Other,second cousins; guardian - trustee,A,1710,N,N,N,closing formula cut short by editor,,584,The Correspondence of Sir James Clavering. Ed. by H.T. Dickinson. Gateshead: Surtees Society. 1967. Surtees Society Publications Vol CLXXVIII.,77,1700,1719,ACLAVERING,CLAVERI_028,1710
CLAVERI_029,z Clavering,1700-1719,ACLAVERING,Ann,Clavering,F,Gentry Lower,GL,gentry lower,24.0,1686.0,20-29,London,N,Unknown,http://www.oxforddnb.com/view/article/63016,JCLAVERING,James,Clavering,M,GL,GU,country gentleman,,Family: Other,second cousins; guardian - trustee,A,1710,N,N,N,closing formula cut short by editor,,592,The Correspondence of Sir James Clavering. Ed. by H.T. Dickinson. Gateshead: Surtees Society. 1967. Surtees Society Publications Vol CLXXVIII.,82,1700,1719,ACLAVERING,CLAVERI_029,1710
CLAVERI_030,z Clavering,1700-1719,ACLAVERING,Ann,Clavering,F,Gentry Lower,GL,gentry lower,24.0,1686.0,20-29,London,N,Unknown,http://www.oxforddnb.com/view/article/63016,JCLAVERING,James,Clavering,M,GL,GU,country gentleman,,Family: Other,second cousins; guardian - trustee,A,1710,N,N,N,closing formula cut short by editor,,260,The Correspondence of Sir James Clavering. Ed. by H.T. Dickinson. Gateshead: Surtees Society. 1967. Surtees Society Publications Vol CLXXVIII.,83,1700,1719,ACLAVERING,CLAVERI_030,1710
CLAVERI_032,z Clavering,1700-1719,ACLAVERING,Ann,Clavering,F,Gentry Lower,GL,gentry lower,24.0,1686.0,20-29,London,N,Unknown,http://www.oxforddnb.com/view/article/63016,JCLAVERING,James,Clavering,M,GL,GU,country gentleman,,Family: Other,second cousins; guardian - trustee,A,1710,N,N,N,closing formula cut short by editor,,806,The Correspondence of Sir James Clavering. Ed. by H.T. Dickinson. Gateshead: Surtees Society. 1967. Surtees Society Publications Vol CLXXVIII.,88,1700,1719,ACLAVERING,CLAVERI_032,1710
CLAVERI_034,z Clavering,1700-1719,ACLAVERING,Ann,Clavering,F,Gentry Lower,GL,gentry lower,24.0,1686.0,20-29,London,N,Unknown,http://www.oxforddnb.com/view/article/63016,JCLAVERING,James,Clavering,M,GL,GU,country gentleman,,Family: Other,second cousins; guardian - trustee,A,1710,N,N,N,closing formula cut short by editor,,785,The Correspondence of Sir James Clavering. Ed. by H.T. Dickinson. Gateshead: Surtees Society. 1967. Surtees Society Publications Vol CLXXVIII.,93,1700,1719,ACLAVERING,CLAVERI_034,1710
CLAVERI_035,z Clavering,1700-1719,ACLAVERING,Ann,Clavering,F,Gentry Lower,GL,gentry lower,24.0,1686.0,20-29,London,N,Unknown,http://www.oxforddnb.com/view/article/63016,JCLAVERING,James,Clavering,M,GL,GU,country gentleman,,Family: Other,second cousins; guardian - trustee,A,1710,N,N,N,,,668,The Correspondence of Sir James Clavering. Ed. by H.T. Dickinson. Gateshead: Surtees Society. 1967. Surtees Society Publications Vol CLXXVIII.,95,1700,1719,ACLAVERING,CLAVERI_035,1710
CLAVERI_036,z Clavering,1700-1719,ACLAVERING,Ann,Clavering,F,Gentry Lower,GL,gentry lower,24.0,1686.0,20-29,London,N,Unknown,http://www.oxforddnb.com/view/article/63016,JCLAVERING,James,Clavering,M,GL,GU,country gentleman,,Family: Other,second cousins; guardian - trustee,A,1710,N,N,N,,,300,The Correspondence of Sir James Clavering. Ed. by H.T. Dickinson. Gateshead: Surtees Society. 1967. Surtees Society Publications Vol CLXXVIII.,98,1700,1719,ACLAVERING,CLAVERI_036,1710
CLAVERI_037,z Clavering,1700-1719,ACLAVERING,Ann,Clavering,F,Gentry Lower,GL,gentry lower,24.0,1686.0,20-29,London,N,Unknown,http://www.oxforddnb.com/view/article/63016,JCLAVERING,James,Clavering,M,GL,GU,country gentleman,,Family: Other,second cousins; guardian - trustee,A,1710,N,N,N,,,697,The Correspondence of Sir James Clavering. Ed. by H.T. Dickinson. Gateshead: Surtees Society. 1967. Surtees Society Publications Vol CLXXVIII.,101,1700,1719,ACLAVERING,CLAVERI_037,1710
CLAVERI_038,z Clavering,1700-1719,ACLAVERING,Ann,Clavering,F,Gentry Lower,GL,gentry lower,24.0,1686.0,20-29,London,N,Unknown,http://www.oxforddnb.com/view/article/63016,JCLAVERING,James,Clavering,M,GL,GU,country gentleman,,Family: Other,second cousins; guardian - trustee,A,1710,N,N,N,closing formula cut short by editor,,180,The Correspondence of Sir James Clavering. Ed. by H.T. Dickinson. Gateshead: Surtees Society. 1967. Surtees Society Publications Vol CLXXVIII.,103,1700,1719,ACLAVERING,CLAVERI_038,1710
CLAVERI_040,z Clavering,1700-1719,ACLAVERING,Ann,Clavering,F,Gentry Lower,GL,gentry lower,24.0,1686.0,20-29,London,N,Unknown,http://www.oxforddnb.com/view/article/63016,JCLAVERING,James,Clavering,M,GL,GU,country gentleman,,Family: Other,second cousins; guardian - trustee,A,1710,N,N,N,closing formula cut short by editor,,781,The Correspondence of Sir James Clavering. Ed. by H.T. Dickinson. Gateshead: Surtees Society. 1967. Surtees Society Publications Vol CLXXVIII.,104,1700,1719,ACLAVERING,CLAVERI_040,1710
CLAVERI_042,z Clavering,1700-1719,ACLAVERING,Ann,Clavering,F,Gentry Lower,GL,gentry lower,24.0,1686.0,20-29,London,N,Unknown,http://www.oxforddnb.com/view/article/63016,JCLAVERING,James,Clavering,M,GL,GU,country gentleman,,Family: Other,second cousins; guardian - trustee,A,1710,N,N,N,closing formula cut short by editor,,315,The Correspondence of Sir James Clavering. Ed. by H.T. Dickinson. Gateshead: Surtees Society. 1967. Surtees Society Publications Vol CLXXVIII.,107,1700,1719,ACLAVERING,CLAVERI_042,1710
CLAVERI_043,z Clavering,1700-1719,ACLAVERING,Ann,Clavering,F,Gentry Lower,GL,gentry lower,25.0,1686.0,20-29,London,N,Unknown,http://www.oxforddnb.com/view/article/63016,JCLAVERING,James,Clavering,M,GL,GU,country gentleman,,Family: Other,second cousins; guardian - trustee,A,1711,N,N,N,,,486,The Correspondence of Sir James Clavering. Ed. by H.T. Dickinson. Gateshead: Surtees Society. 1967. Surtees Society Publications Vol CLXXVIII.,107,1700,1719,ACLAVERING,CLAVERI_043,1711
CLAVERI_044,z Clavering,1700-1719,ACLAVERING,Ann,Clavering,F,Gentry Lower,GL,gentry lower,25.0,1686.0,20-29,London,N,Unknown,http://www.oxforddnb.com/view/article/63016,JCLAVERING,James,Clavering,M,GL,GU,country gentleman,,Family: Other,second cousins; guardian - trustee,A,1711,N,N,N,,,587,The Correspondence of Sir James Clavering. Ed. by H.T. Dickinson. Gateshead: Surtees Society. 1967. Surtees Society Publications Vol CLXXVIII.,109,1700,1719,ACLAVERING,CLAVERI_044,1711
CLAVERI_045,z Clavering,1700-1719,ACLAVERING,Ann,Clavering,F,Gentry Lower,GL,gentry lower,25.0,1686.0,20-29,London,N,Unknown,http://www.oxforddnb.com/view/article/63016,JCLAVERING,James,Clavering,M,GL,GU,country gentleman,,Family: Other,second cousins; guardian - trustee,A,1711,N,N,N,,,464,The Correspondence of Sir James Clavering. Ed. by H.T. Dickinson. Gateshead: Surtees Society. 1967. Surtees Society Publications Vol CLXXVIII.,110,1700,1719,ACLAVERING,CLAVERI_045,1711
CLAVERI_046,z Clavering,1700-1719,ACLAVERING,Ann,Clavering,F,Gentry Lower,GL,gentry lower,25.0,1686.0,20-29,London,N,Unknown,http://www.oxforddnb.com/view/article/63016,JCLAVERING,James,Clavering,M,GL,GU,country gentleman,,Family: Other,second cousins; guardian - trustee,A,1711,N,N,N,,,571,The Correspondence of Sir James Clavering. Ed. by H.T. Dickinson. Gateshead: Surtees Society. 1967. Surtees Society Publications Vol CLXXVIII.,111,1700,1719,ACLAVERING,CLAVERI_046,1711
CLAVERI_048,z Clavering,1700-1719,ACLAVERING,Ann,Clavering,F,Gentry Lower,GL,gentry lower,25.0,1686.0,20-29,London,N,Unknown,http://www.oxforddnb.com/view/article/63016,JCLAVERING,James,Clavering,M,GL,GU,country gentleman,,Family: Other,second cousins; guardian - trustee,A,1711,N,N,N,,,411,The Correspondence of Sir James Clavering. Ed. by H.T. Dickinson. Gateshead: Surtees Society. 1967. Surtees Society Publications Vol CLXXVIII.,114,1700,1719,ACLAVERING,CLAVERI_048,1711
CLAVERI_049,z Clavering,1700-1719,ACLAVERING,Ann,Clavering,F,Gentry Lower,GL,gentry lower,25.0,1686.0,20-29,London,N,Unknown,http://www.oxforddnb.com/view/article/63016,JCLAVERING,James,Clavering,M,GL,GU,country gentleman,,Family: Other,second cousins; guardian - trustee,A,1711,N,N,N,,,810,The Correspondence of Sir James Clavering. Ed. by H.T. Dickinson. Gateshead: Surtees Society. 1967. Surtees Society Publications Vol CLXXVIII.,115,1700,1719,ACLAVERING,CLAVERI_049,1711
CLAVERI_050,z Clavering,1700-1719,ACLAVERING,Ann,Clavering,F,Gentry Lower,GL,gentry lower,25.0,1686.0,20-29,London,N,Unknown,http://www.oxforddnb.com/view/article/63016,JCLAVERING,James,Clavering,M,GL,GU,country gentleman,,Family: Other,second cousins; guardian - trustee,A,1711,N,N,N,,,721,The Correspondence of Sir James Clavering. Ed. by H.T. Dickinson. Gateshead: Surtees Society. 1967. Surtees Society Publications Vol CLXXVIII.,118,1700,1719,ACLAVERING,CLAVERI_050,1711
CLAVERI_051,z Clavering,1700-1719,ACLAVERING,Ann,Clavering,F,Gentry Lower,GL,gentry lower,25.0,1686.0,20-29,London,N,Unknown,http://www.oxforddnb.com/view/article/63016,JCLAVERING,James,Clavering,M,GL,GU,country gentleman,,Family: Other,second cousins; guardian - trustee,A,1711,N,N,N,,,657,The Correspondence of Sir James Clavering. Ed. by H.T. Dickinson. Gateshead: Surtees Society. 1967. Surtees Society Publications Vol CLXXVIII.,119,1700,1719,ACLAVERING,CLAVERI_051,1711
CLAVERI_052,z Clavering,1700-1719,ACLAVERING,Ann,Clavering,F,Gentry Lower,GL,gentry lower,25.0,1686.0,20-29,London,N,Unknown,http://www.oxforddnb.com/view/article/63016,JCLAVERING,James,Clavering,M,GL,GU,country gentleman,,Family: Other,second cousins; guardian - trustee,A,1711,N,N,N,,,922,The Correspondence of Sir James Clavering. Ed. by H.T. Dickinson. Gateshead: Surtees Society. 1967. Surtees Society Publications Vol CLXXVIII.,121,1700,1719,ACLAVERING,CLAVERI_052,1711
CLAVERI_054,z Clavering,1700-1719,ACLAVERING,Ann,Clavering,F,Gentry Lower,GL,"gentry lower: wife of Henry Liddell, esquire",26.0,1686.0,20-29,London,N,Unknown,http://www.oxforddnb.com/view/article/63016,JCLAVERING,James,Clavering,M,GL,GU,country gentleman,,Family: Other,second cousins; guardian's wife - trustee,A,1712,N,N,N,closing formula cut short by editor,,625,The Correspondence of Sir James Clavering. Ed. by H.T. Dickinson. Gateshead: Surtees Society. 1967. Surtees Society Publications Vol CLXXVIII.,124,1700,1719,ACLAVERING,CLAVERI_054,1712
CLAVERI_056,z Clavering,1700-1719,ACLAVERING,Ann,Clavering,F,Gentry Lower,GL,"gentry lower: wife of Henry Liddell, esquire",28.0,1686.0,20-29,London,N,Unknown,http://www.oxforddnb.com/view/article/63016,JCLAVERING,James,Clavering,M,GL,GU,country gentleman,,Family: Other,second cousins; guardian's wife - trustee,A,1714,N,N,N,closing formula cut short by editor,,396,The Correspondence of Sir James Clavering. Ed. by H.T. Dickinson. Gateshead: Surtees Society. 1967. Surtees Society Publications Vol CLXXVIII.,126,1700,1719,ACLAVERING,CLAVERI_056,1714
CLAVERI_057,z Clavering,1700-1719,ACLAVERING,Ann,Clavering,F,Gentry Lower,GL,"gentry lower: wife of Henry Liddell, esquire",28.0,1686.0,20-29,London,N,Unknown,http://www.oxforddnb.com/view/article/63016,JCLAVERING,James,Clavering,M,GL,GU,country gentleman,,Family: Other,second cousins; guardian's wife - trustee,A,1714,N,N,N,closing formula cut short by editor,,329,The Correspondence of Sir James Clavering. Ed. by H.T. Dickinson. Gateshead: Surtees Society. 1967. Surtees Society Publications Vol CLXXVIII.,127,1700,1719,ACLAVERING,CLAVERI_057,1714
CLAVERI_058,z Clavering,1700-1719,ACLAVERING,Ann,Clavering,F,Gentry Lower,GL,"gentry lower: wife of Henry Liddell, esquire",28.0,1686.0,20-29,London,N,Unknown,http://www.oxforddnb.com/view/article/63016,JCLAVERING,James,Clavering,M,GL,GU,country gentleman,,Family: Other,second cousins; guardian's wife - trustee,A,1714,N,N,N,closing formula cut short by editor,,334,The Correspondence of Sir James Clavering. Ed. by H.T. Dickinson. Gateshead: Surtees Society. 1967. Surtees Society Publications Vol CLXXVIII.,128,1700,1719,ACLAVERING,CLAVERI_058,1714
CLAVERI_059,z Clavering,1720-1739,ACLAVERING,Ann,Clavering,F,Gentry Lower,GL,"gentry lower: widow of Henry Liddell, esquire",36.0,1686.0,30-39,London,N,Unknown,http://www.oxforddnb.com/view/article/63016,JCLAVERING,James,Clavering,M,GL,GU,country gentleman,,Family: Other,second cousins,A,1722,N,N,N,closing formula cut short by editor,,259,The Correspondence of Sir James Clavering. Ed. by H.T. Dickinson. Gateshead: Surtees Society. 1967. Surtees Society Publications Vol CLXXVIII.,129,1720,1739,ACLAVERING,CLAVERI_059,1722
CLAVERI_060,z Clavering,1720-1739,ACLAVERING,Ann,Clavering,F,Gentry Lower,GL,"gentry lower: widow of Henry Liddell, esquire",40.0,1686.0,40-49,London,N,Unknown,http://www.oxforddnb.com/view/article/63016,JCLAVERING,James,Clavering,M,GL,GU,country gentleman,,Family: Other,second cousins,A,1726,N,N,N,closing formula cut short by editor,,277,The Correspondence of Sir James Clavering. Ed. by H.T. Dickinson. Gateshead: Surtees Society. 1967. Surtees Society Publications Vol CLXXVIII.,130,1720,1739,ACLAVERING,CLAVERI_060,1726
CLAVERI_061,z Clavering,1720-1739,ACLAVERING,Ann,Clavering,F,Gentry Lower,GL,"gentry lower: widow of Henry Liddell, esquire",40.0,1686.0,40-49,London,N,Unknown,http://www.oxforddnb.com/view/article/63016,JCLAVERING,James,Clavering,M,GL,GU,country gentleman,,Family: Other,second cousins,A,1726,N,N,N,closing formula cut short by editor,,216,The Correspondence of Sir James Clavering. Ed. by H.T. Dickinson. Gateshead: Surtees Society. 1967. Surtees Society Publications Vol CLXXVIII.,131,1720,1739,ACLAVERING,CLAVERI_061,1726
CLAVERI_062,z Clavering,1720-1739,ACLAVERING,Ann,Clavering,F,Gentry Lower,GL,"gentry lower: widow of Henry Liddell, esquire",40.0,1686.0,40-49,London,N,Unknown,http://www.oxforddnb.com/view/article/63016,JCLAVERING,James,Clavering,M,GL,GU,country gentleman,,Family: Other,second cousins,A,1726,N,N,N,closing formula cut short by editor,,271,The Correspondence of Sir James Clavering. Ed. by H.T. Dickinson. Gateshead: Surtees Society. 1967. Surtees Society Publications Vol CLXXVIII.,132,1720,1739,ACLAVERING,CLAVERI_062,1726
CLAVERI_063,z Clavering,1720-1739,ACLAVERING,Ann,Clavering,F,Gentry Lower,GL,"gentry lower: widow of Henry Liddell, esquire",40.0,1686.0,40-49,London,N,Unknown,http://www.oxforddnb.com/view/article/63016,JCLAVERING,James,Clavering,M,GL,GU,country gentleman,,Family: Other,second cousins,A,1726,N,N,N,closing formula cut short by editor,,514,The Correspondence of Sir James Clavering. Ed. by H.T. Dickinson. Gateshead: Surtees Society. 1967. Surtees Society Publications Vol CLXXVIII.,133,1720,1739,ACLAVERING,CLAVERI_063,1726
CLAVERI_081,z Clavering,1720-1739,JYORKE,John,Yorke,M,Gentry Lower,GL,gentry lower,39.0,1685.0,30-39,Northern England,N,Higher: Oxbridge,,JCLAVERING,James,Clavering,M,GL,GU,country gentleman,,Family: Other,brothers-in-law,A,1724,N,N,N,,,450,The Correspondence of Sir James Clavering. Ed. by H.T. Dickinson. Gateshead: Surtees Society. 1967. Surtees Society Publications Vol CLXXVIII.,153,1720,1739,JYORKE,CLAVERI_081,1724
CLAVERI_082,z Clavering,1720-1739,JYORKE,John,Yorke,M,Gentry Lower,GL,gentry lower,39.0,1685.0,30-39,Northern England,N,Higher: Oxbridge,,JCLAVERING,James,Clavering,M,GL,GU,country gentleman,,Family: Other,brothers-in-law,A,1724,N,N,N,shortish; closing formula cut short by editor,,110,The Correspondence of Sir James Clavering. Ed. by H.T. Dickinson. Gateshead: Surtees Society. 1967. Surtees Society Publications Vol CLXXVIII.,154,1720,1739,JYORKE,CLAVERI_082,1724
CLAVERI_083,z Clavering,1720-1739,JYORKE,John,Yorke,M,Gentry Lower,GL,gentry lower,41.0,1685.0,40-49,Northern England,N,Higher: Oxbridge,,JCLAVERING,James,Clavering,M,GL,GU,country gentleman,,Family: Other,brothers-in-law,A,1726,N,N,N,closing formula cut short by editor,,285,The Correspondence of Sir James Clavering. Ed. by H.T. Dickinson. Gateshead: Surtees Society. 1967. Surtees Society Publications Vol CLXXVIII.,154,1720,1739,JYORKE,CLAVERI_083,1726
CLAVERI_084,z Clavering,1720-1739,JYORKE,John,Yorke,M,Gentry Lower,GL,gentry lower,41.0,1685.0,40-49,Northern England,N,Higher: Oxbridge,,JCLAVERING,James,Clavering,M,GL,GU,country gentleman,,Family: Other,brothers-in-law,A,1726,N,N,N,closing formula cut short by editor,,243,The Correspondence of Sir James Clavering. Ed. by H.T. Dickinson. Gateshead: Surtees Society. 1967. Surtees Society Publications Vol CLXXVIII.,155,1720,1739,JYORKE,CLAVERI_084,1726
CLAVERI_085,z Clavering,1720-1739,JYORKE,John,Yorke,M,Gentry Lower,GL,gentry lower,41.0,1685.0,40-49,Northern England,N,Higher: Oxbridge,,JCLAVERING,James,Clavering,M,GL,GU,country gentleman,,Family: Other,brothers-in-law,A,1726,N,N,N,closing formula cut short by editor,,213,The Correspondence of Sir James Clavering. Ed. by H.T. Dickinson. Gateshead: Surtees Society. 1967. Surtees Society Publications Vol CLXXVIII.,156,1720,1739,JYORKE,CLAVERI_085,1726
CLAVERI_086,z Clavering,1720-1739,JYORKE,John,Yorke,M,Gentry Lower,GL,gentry lower,41.0,1685.0,40-49,Northern England,N,Higher: Oxbridge,,JCLAVERING,James,Clavering,M,GL,GU,country gentleman,,Family: Other,brothers-in-law,A,1726,N,N,N,closing formula cut short by editor,,281,The Correspondence of Sir James Clavering. Ed. by H.T. Dickinson. Gateshead: Surtees Society. 1967. Surtees Society Publications Vol CLXXVIII.,156,1720,1739,JYORKE,CLAVERI_086,1726
CLAVERI_087,z Clavering,1720-1739,JYORKE,John,Yorke,M,Gentry Lower,GL,gentry lower,41.0,1685.0,40-49,Northern England,N,Higher: Oxbridge,,JCLAVERING,James,Clavering,M,GL,GU,country gentleman,,Family: Other,brothers-in-law,A,1726,N,N,N,closing formula cut short by editor,,219,The Correspondence of Sir James Clavering. Ed. by H.T. Dickinson. Gateshead: Surtees Society. 1967. Surtees Society Publications Vol CLXXVIII.,157,1720,1739,JYORKE,CLAVERI_087,1726
CLAVERI_088,z Clavering,1720-1739,JYORKE,John,Yorke,M,Gentry Lower,GL,gentry lower,41.0,1685.0,40-49,Northern England,N,Higher: Oxbridge,,JCLAVERING,James,Clavering,M,GL,GU,country gentleman,,Family: Other,brothers-in-law,A,1726,N,N,N,closing formula cut short by editor,,285,The Correspondence of Sir James Clavering. Ed. by H.T. Dickinson. Gateshead: Surtees Society. 1967. Surtees Society Publications Vol CLXXVIII.,157,1720,1739,JYORKE,CLAVERI_088,1726
CLAVERI_090,z Clavering,1720-1739,JYORKE,John,Yorke,M,Gentry Lower,GL,gentry lower,41.0,1685.0,40-49,Northern England,N,Higher: Oxbridge,,JCLAVERING,James,Clavering,M,GL,GU,country gentleman,,Family: Other,brothers-in-law,A,1726,N,N,N,closing formula cut short by editor,,190,The Correspondence of Sir James Clavering. Ed. by H.T. Dickinson. Gateshead: Surtees Society. 1967. Surtees Society Publications Vol CLXXVIII.,159,1720,1739,JYORKE,CLAVERI_090,1726
CLAVERI_091,z Clavering,1720-1739,JYORKE,John,Yorke,M,Gentry Lower,GL,gentry lower,41.0,1685.0,40-49,Northern England,N,Higher: Oxbridge,,JCLAVERING,James,Clavering,M,GL,GU,country gentleman,,Family: Other,brothers-in-law,A,1726,N,N,N,closing formula cut short by editor,,249,The Correspondence of Sir James Clavering. Ed. by H.T. Dickinson. Gateshead: Surtees Society. 1967. Surtees Society Publications Vol CLXXVIII.,159,1720,1739,JYORKE,CLAVERI_091,1726
CLAVERI_092,z Clavering,1720-1739,JYORKE,John,Yorke,M,Gentry Lower,GL,gentry lower,41.0,1685.0,40-49,Northern England,N,Higher: Oxbridge,,JCLAVERING,James,Clavering,M,GL,GU,country gentleman,,Family: Other,brothers-in-law,A,1726,N,N,N,closing formula cut short by editor,,277,The Correspondence of Sir James Clavering. Ed. by H.T. Dickinson. Gateshead: Surtees Society. 1967. Surtees Society Publications Vol CLXXVIII.,160,1720,1739,JYORKE,CLAVERI_092,1726
CLAVERI_093,z Clavering,1720-1739,JYORKE,John,Yorke,M,Gentry Lower,GL,gentry lower,41.0,1685.0,40-49,Northern England,N,Higher: Oxbridge,,JCLAVERING,James,Clavering,M,GL,GU,country gentleman,,Family: Other,brothers-in-law,A,1726,N,N,N,closing formula cut short by editor,,415,The Correspondence of Sir James Clavering. Ed. by H.T. Dickinson. Gateshead: Surtees Society. 1967. Surtees Society Publications Vol CLXXVIII.,160,1720,1739,JYORKE,CLAVERI_093,1726
CLAVERI_094,z Clavering,1720-1739,JYORKE,John,Yorke,M,Gentry Lower,GL,gentry lower,41.0,1685.0,40-49,Northern England,N,Higher: Oxbridge,,JCLAVERING,James,Clavering,M,GL,GU,country gentleman,,Family: Other,brothers-in-law,A,1726,N,N,N,closing formula cut short by editor,,340,The Correspondence of Sir James Clavering. Ed. by H.T. Dickinson. Gateshead: Surtees Society. 1967. Surtees Society Publications Vol CLXXVIII.,161,1720,1739,JYORKE,CLAVERI_094,1726
CLAVERI_095,z Clavering,1720-1739,JYORKE,John,Yorke,M,Gentry Lower,GL,gentry lower,41.0,1685.0,40-49,Northern England,N,Higher: Oxbridge,,JCLAVERING,James,Clavering,M,GL,GU,country gentleman,,Family: Other,brothers-in-law,A,1726,N,N,N,closing formula cut short by editor,,361,The Correspondence of Sir James Clavering. Ed. by H.T. Dickinson. Gateshead: Surtees Society. 1967. Surtees Society Publications Vol CLXXVIII.,162,1720,1739,JYORKE,CLAVERI_095,1726
CLAVERI_096,z Clavering,1720-1739,JYORKE,John,Yorke,M,Gentry Lower,GL,gentry lower,41.0,1685.0,40-49,Northern England,N,Higher: Oxbridge,,JCLAVERING,James,Clavering,M,GL,GU,country gentleman,,Family: Other,brothers-in-law,A,1726,N,N,N,closing formula cut short by editor,,340,The Correspondence of Sir James Clavering. Ed. by H.T. Dickinson. Gateshead: Surtees Society. 1967. Surtees Society Publications Vol CLXXVIII.,163,1720,1739,JYORKE,CLAVERI_096,1726
CLAVERI_097,z Clavering,1720-1739,JYORKE,John,Yorke,M,Gentry Lower,GL,gentry lower,41.0,1685.0,40-49,Northern England,N,Higher: Oxbridge,,JCLAVERING,James,Clavering,M,GL,GU,country gentleman,,Family: Other,brothers-in-law,A,1726,N,N,N,closing formula cut short by editor,,372,The Correspondence of Sir James Clavering. Ed. by H.T. Dickinson. Gateshead: Surtees Society. 1967. Surtees Society Publications Vol CLXXVIII.,164,1720,1739,JYORKE,CLAVERI_097,1726
CLAVERI_098,z Clavering,1720-1739,JYORKE,John,Yorke,M,Gentry Lower,GL,gentry lower,41.0,1685.0,40-49,Northern England,N,Higher: Oxbridge,,JCLAVERING,James,Clavering,M,GL,GU,country gentleman,,Family: Other,brothers-in-law,A,1726,N,N,N,closing formula cut short by editor,,269,The Correspondence of Sir James Clavering. Ed. by H.T. Dickinson. Gateshead: Surtees Society. 1967. Surtees Society Publications Vol CLXXVIII.,165,1720,1739,JYORKE,CLAVERI_098,1726
CLAVERI_099,z Clavering,1720-1739,JYORKE,John,Yorke,M,Gentry Lower,GL,gentry lower,43.0,1685.0,40-49,Northern England,N,Higher: Oxbridge,,JCLAVERING,James,Clavering,M,GL,GU,country gentleman,,Family: Other,brothers-in-law,A,1728,N,N,N,shortish; closing formula cut short by editor,,125,The Correspondence of Sir James Clavering. Ed. by H.T. Dickinson. Gateshead: Surtees Society. 1967. Surtees Society Publications Vol CLXXVIII.,166,1720,1739,JYORKE,CLAVERI_099,1728
CLAVERI_100,z Clavering,1720-1739,JYORKE,John,Yorke,M,Gentry Lower,GL,gentry lower,45.0,1685.0,40-49,Northern England,N,Higher: Oxbridge,,JCLAVERING,James,Clavering,M,GL,GU,country gentleman,,Family: Other,brothers-in-law,A,1730,N,N,N,closing formula cut short by editor,,134,The Correspondence of Sir James Clavering. Ed. by H.T. Dickinson. Gateshead: Surtees Society. 1967. Surtees Society Publications Vol CLXXVIII.,166,1720,1739,JYORKE,CLAVERI_100,1730
CLAVERI_101,z Clavering,1720-1739,JYORKE,John,Yorke,M,Gentry Lower,GL,gentry lower,45.0,1685.0,40-49,Northern England,N,Higher: Oxbridge,,JCLAVERING,James,Clavering,M,GL,GU,country gentleman,,Family: Other,brothers-in-law,A,1730,N,N,N,closing formula cut short by editor,,169,The Correspondence of Sir James Clavering. Ed. by H.T. Dickinson. Gateshead: Surtees Society. 1967. Surtees Society Publications Vol CLXXVIII.,166,1720,1739,JYORKE,CLAVERI_101,1730
CLAVERI_102,z Clavering,1720-1739,JYORKE,John,Yorke,M,Gentry Lower,GL,gentry lower,45.0,1685.0,40-49,Northern England,N,Higher: Oxbridge,,JCLAVERING,James,Clavering,M,GL,GU,country gentleman,,Family: Other,brothers-in-law,A,1730,N,N,N,closing formula cut short by editor,,264,The Correspondence of Sir James Clavering. Ed. by H.T. Dickinson. Gateshead: Surtees Society. 1967. Surtees Society Publications Vol CLXXVIII.,167,1720,1739,JYORKE,CLAVERI_102,1730
CLAVERI_103,z Clavering,1720-1739,JYORKE,John,Yorke,M,Gentry Lower,GL,gentry lower,46.0,1685.0,40-49,Northern England,N,Higher: Oxbridge,,JCLAVERING,James,Clavering,M,GL,GU,country gentleman,,Family: Other,brothers-in-law,A,1731,N,N,N,closing formula cut short by editor,,330,The Correspondence of Sir James Clavering. Ed. by H.T. Dickinson. Gateshead: Surtees Society. 1967. Surtees Society Publications Vol CLXXVIII.,167,1720,1739,JYORKE,CLAVERI_103,1731
CLAVERI_104,z Clavering,1720-1739,JYORKE,John,Yorke,M,Gentry Lower,GL,gentry lower,46.0,1685.0,40-49,Northern England,N,Higher: Oxbridge,,JCLAVERING,James,Clavering,M,GL,GU,country gentleman,,Family: Other,brothers-in-law,A,1731,N,N,N,closing formula cut short by editor,,316,The Correspondence of Sir James Clavering. Ed. by H.T. Dickinson. Gateshead: Surtees Society. 1967. Surtees Society Publications Vol CLXXVIII.,168,1720,1739,JYORKE,CLAVERI_104,1731
CLAVERI_105,z Clavering,1720-1739,JYORKE,John,Yorke,M,Gentry Lower,GL,gentry lower,46.0,1685.0,40-49,Northern England,N,Higher: Oxbridge,,JCLAVERING,James,Clavering,M,GL,GU,country gentleman,,Family: Other,brothers-in-law,A,1731,N,N,N,shortish; closing formula cut short by editor,,166,The Correspondence of Sir James Clavering. Ed. by H.T. Dickinson. Gateshead: Surtees Society. 1967. Surtees Society Publications Vol CLXXVIII.,169,1720,1739,JYORKE,CLAVERI_105,1731
CLAVERI_106,z Clavering,1720-1739,JYORKE,John,Yorke,M,Gentry Lower,GL,gentry lower,46.0,1685.0,40-49,Northern England,N,Higher: Oxbridge,,JCLAVERING,James,Clavering,M,GL,GU,country gentleman,,Family: Other,brothers-in-law,A,1731,N,N,N,shortish; closing formula cut short by editor,,128,The Correspondence of Sir James Clavering. Ed. by H.T. Dickinson. Gateshead: Surtees Society. 1967. Surtees Society Publications Vol CLXXVIII.,170,1720,1739,JYORKE,CLAVERI_106,1731
CLAVERI_107,z Clavering,1720-1739,JYORKE,John,Yorke,M,Gentry Lower,GL,gentry lower,46.0,1685.0,40-49,Northern England,N,Higher: Oxbridge,,JCLAVERING,James,Clavering,M,GL,GU,country gentleman,,Family: Other,brothers-in-law,A,1731,N,N,N,shortish; closing formula cut short by editor,,165,The Correspondence of Sir James Clavering. Ed. by H.T. Dickinson. Gateshead: Surtees Society. 1967. Surtees Society Publications Vol CLXXVIII.,170,1720,1739,JYORKE,CLAVERI_107,1731
CLAVERI_108,z Clavering,1720-1739,JYORKE,John,Yorke,M,Gentry Lower,GL,gentry lower,46.0,1685.0,40-49,Northern England,N,Higher: Oxbridge,,JCLAVERING,James,Clavering,M,GL,GU,country gentleman,,Family: Other,brothers-in-law,A,1731,N,N,N,closing formula cut short by editor,,221,The Correspondence of Sir James Clavering. Ed. by H.T. Dickinson. Gateshead: Surtees Society. 1967. Surtees Society Publications Vol CLXXVIII.,170,1720,1739,JYORKE,CLAVERI_108,1731
CLAVERI_109,z Clavering,1720-1739,JYORKE,John,Yorke,M,Gentry Lower,GL,gentry lower,46.0,1685.0,40-49,Northern England,N,Higher: Oxbridge,,JCLAVERING,James,Clavering,M,GL,GU,country gentleman,,Family: Other,brothers-in-law,A,1731,N,N,N,closing formula cut short by editor,,270,The Correspondence of Sir James Clavering. Ed. by H.T. Dickinson. Gateshead: Surtees Society. 1967. Surtees Society Publications Vol CLXXVIII.,171,1720,1739,JYORKE,CLAVERI_109,1731
CLAVERI_110,z Clavering,1720-1739,JYORKE,John,Yorke,M,Gentry Lower,GL,gentry lower,46.0,1685.0,40-49,Northern England,N,Higher: Oxbridge,,JCLAVERING,James,Clavering,M,GL,GU,country gentleman,,Family: Other,brothers-in-law,A,1731,N,N,N,closing formula cut short by editor,,229,The Correspondence of Sir James Clavering. Ed. by H.T. Dickinson. Gateshead: Surtees Society. 1967. Surtees Society Publications Vol CLXXVIII.,172,1720,1739,JYORKE,CLAVERI_110,1731
CLAVERI_111,z Clavering,1720-1739,JYORKE,John,Yorke,M,Gentry Lower,GL,gentry lower,46.0,1685.0,40-49,Northern England,N,Higher: Oxbridge,,JCLAVERING,James,Clavering,M,GL,GU,country gentleman,,Family: Other,brothers-in-law,A,1731,N,N,N,closing formula cut short by editor,,158,The Correspondence of Sir James Clavering. Ed. by H.T. Dickinson. Gateshead: Surtees Society. 1967. Surtees Society Publications Vol CLXXVIII.,172,1720,1739,JYORKE,CLAVERI_111,1731
CLAVERI_112,z Clavering,1720-1739,JYORKE,John,Yorke,M,Gentry Lower,GL,gentry lower,47.0,1685.0,40-49,Northern England,N,Higher: Oxbridge,,JCLAVERING,James,Clavering,M,GL,GU,country gentleman,,Family: Other,brothers-in-law,A,1732,N,N,N,closing formula cut short by editor,,269,The Correspondence of Sir James Clavering. Ed. by H.T. Dickinson. Gateshead: Surtees Society. 1967. Surtees Society Publications Vol CLXXVIII.,173,1720,1739,JYORKE,CLAVERI_112,1732
CLAVERI_113,z Clavering,1720-1739,JYORKE,John,Yorke,M,Gentry Lower,GL,gentry lower,47.0,1685.0,40-49,Northern England,N,Higher: Oxbridge,,JCLAVERING,James,Clavering,M,GL,GU,country gentleman,,Family: Other,brothers-in-law,A,1732,N,N,N,closing formula cut short by editor,,258,The Correspondence of Sir James Clavering. Ed. by H.T. Dickinson. Gateshead: Surtees Society. 1967. Surtees Society Publications Vol CLXXVIII.,173,1720,1739,JYORKE,CLAVERI_113,1732
CLAVERI_114,z Clavering,1720-1739,JYORKE,John,Yorke,M,Gentry Lower,GL,gentry lower,47.0,1685.0,40-49,Northern England,N,Higher: Oxbridge,,JCLAVERING,James,Clavering,M,GL,GU,country gentleman,,Family: Other,brothers-in-law,A,1732,N,N,N,shortish; closing formula cut short by editor,,120,The Correspondence of Sir James Clavering. Ed. by H.T. Dickinson. Gateshead: Surtees Society. 1967. Surtees Society Publications Vol CLXXVIII.,174,1720,1739,JYORKE,CLAVERI_114,1732
CLAVERI_115,z Clavering,1720-1739,JYORKE,John,Yorke,M,Gentry Lower,GL,gentry lower,47.0,1685.0,40-49,Northern England,N,Higher: Oxbridge,,JCLAVERING,James,Clavering,M,GL,GU,country gentleman,,Family: Other,brothers-in-law,A,1732,N,N,N,closing formula cut short by editor,,239,The Correspondence of Sir James Clavering. Ed. by H.T. Dickinson. Gateshead: Surtees Society. 1967. Surtees Society Publications Vol CLXXVIII.,174,1720,1739,JYORKE,CLAVERI_115,1732
CLAVERI_116,z Clavering,1720-1739,JYORKE,John,Yorke,M,Gentry Lower,GL,gentry lower,48.0,1685.0,40-49,Northern England,N,Higher: Oxbridge,,JCLAVERING,James,Clavering,M,GL,GU,country gentleman,,Family: Other,brothers-in-law,A,1733,N,N,N,shortish; closing formula cut short by editor,,147,The Correspondence of Sir James Clavering. Ed. by H.T. Dickinson. Gateshead: Surtees Society. 1967. Surtees Society Publications Vol CLXXVIII.,175,1720,1739,JYORKE,CLAVERI_116,1733
CLAVERI_117,z Clavering,1720-1739,JYORKE,John,Yorke,M,Gentry Lower,GL,gentry lower,48.0,1685.0,40-49,Northern England,N,Higher: Oxbridge,,JCLAVERING,James,Clavering,M,GL,GU,country gentleman,,Family: Other,brothers-in-law,A,1733,N,N,N,closing formula cut short by editor,,204,The Correspondence of Sir James Clavering. Ed. by H.T. Dickinson. Gateshead: Surtees Society. 1967. Surtees Society Publications Vol CLXXVIII.,175,1720,1739,JYORKE,CLAVERI_117,1733
CLAVERI_118,z Clavering,1720-1739,JYORKE,John,Yorke,M,Gentry Lower,GL,gentry lower,48.0,1685.0,40-49,Northern England,N,Higher: Oxbridge,,JCLAVERING,James,Clavering,M,GL,GU,country gentleman,,Family: Other,brothers-in-law,A,1733,N,N,N,closing formula cut short by editor,,299,The Correspondence of Sir James Clavering. Ed. by H.T. Dickinson. Gateshead: Surtees Society. 1967. Surtees Society Publications Vol CLXXVIII.,176,1720,1739,JYORKE,CLAVERI_118,1733
CLAVERI_119,z Clavering,1720-1739,JYORKE,John,Yorke,M,Gentry Lower,GL,gentry lower,48.0,1685.0,40-49,Northern England,N,Higher: Oxbridge,,JCLAVERING,James,Clavering,M,GL,GU,country gentleman,,Family: Other,brothers-in-law,A,1733,N,N,N,closing formula cut short by editor,,170,The Correspondence of Sir James Clavering. Ed. by H.T. Dickinson. Gateshead: Surtees Society. 1967. Surtees Society Publications Vol CLXXVIII.,176,1720,1739,JYORKE,CLAVERI_119,1733
CLAVERI_120,z Clavering,1720-1739,JYORKE,John,Yorke,M,Gentry Lower,GL,gentry lower,48.0,1685.0,40-49,Northern England,N,Higher: Oxbridge,,JCLAVERING,James,Clavering,M,GL,GU,country gentleman,,Family: Other,brothers-in-law,A,1733,N,N,N,shortish; closing formula cut short by editor,,130,The Correspondence of Sir James Clavering. Ed. by H.T. Dickinson. Gateshead: Surtees Society. 1967. Surtees Society Publications Vol CLXXVIII.,177,1720,1739,JYORKE,CLAVERI_120,1733
CLAVERI_121,z Clavering,1720-1739,JYORKE,John,Yorke,M,Gentry Lower,GL,gentry lower,48.0,1685.0,40-49,Northern England,N,Higher: Oxbridge,,JCLAVERING,James,Clavering,M,GL,GU,country gentleman,,Family: Other,brothers-in-law,A,1733,N,N,N,closing formula cut short by editor,,208,The Correspondence of Sir James Clavering. Ed. by H.T. Dickinson. Gateshead: Surtees Society. 1967. Surtees Society Publications Vol CLXXVIII.,177,1720,1739,JYORKE,CLAVERI_121,1733
CLAVERI_122,z Clavering,1720-1739,JYORKE,John,Yorke,M,Gentry Lower,GL,gentry lower,48.0,1685.0,40-49,Northern England,N,Higher: Oxbridge,,JCLAVERING,James,Clavering,M,GL,GU,country gentleman,,Family: Other,brothers-in-law,A,1733,N,N,N,closing formula cut short by editor,,173,The Correspondence of Sir James Clavering. Ed. by H.T. Dickinson. Gateshead: Surtees Society. 1967. Surtees Society Publications Vol CLXXVIII.,178,1720,1739,JYORKE,CLAVERI_122,1733
CLAVERI_123,z Clavering,1720-1739,JYORKE,John,Yorke,M,Gentry Lower,GL,gentry lower,48.0,1685.0,40-49,Northern England,N,Higher: Oxbridge,,JCLAVERING,James,Clavering,M,GL,GU,country gentleman,,Family: Other,brothers-in-law,A,1733,N,N,N,closing formula cut short by editor,,297,The Correspondence of Sir James Clavering. Ed. by H.T. Dickinson. Gateshead: Surtees Society. 1967. Surtees Society Publications Vol CLXXVIII.,178,1720,1739,JYORKE,CLAVERI_123,1733
CLAVERI_124,z Clavering,1720-1739,JYORKE,John,Yorke,M,Gentry Lower,GL,gentry lower,49.0,1685.0,40-49,Northern England,N,Higher: Oxbridge,,JCLAVERING,James,Clavering,M,GL,GU,country gentleman,,Family: Other,brothers-in-law,A,1734,N,N,N,closing formula cut short by editor,,197,The Correspondence of Sir James Clavering. Ed. by H.T. Dickinson. Gateshead: Surtees Society. 1967. Surtees Society Publications Vol CLXXVIII.,179,1720,1739,JYORKE,CLAVERI_124,1734
CLAVERI_125,z Clavering,1720-1739,JYORKE,John,Yorke,M,Gentry Lower,GL,gentry lower,49.0,1685.0,40-49,Northern England,N,Higher: Oxbridge,,JCLAVERING,James,Clavering,M,GL,GU,country gentleman,,Family: Other,brothers-in-law,A,1734,N,N,N,closing formula cut short by editor,,249,The Correspondence of Sir James Clavering. Ed. by H.T. Dickinson. Gateshead: Surtees Society. 1967. Surtees Society Publications Vol CLXXVIII.,180,1720,1739,JYORKE,CLAVERI_125,1734
CLAVERI_126,z Clavering,1720-1739,JYORKE,John,Yorke,M,Gentry Lower,GL,gentry lower,51.0,1685.0,50-59,Northern England,N,Higher: Oxbridge,,JCLAVERING,James,Clavering,M,GL,GU,country gentleman,,Family: Other,brothers-in-law,A,1736,N,N,N,closing formula cut short by editor,,172,The Correspondence of Sir James Clavering. Ed. by H.T. Dickinson. Gateshead: Surtees Society. 1967. Surtees Society Publications Vol CLXXVIII.,180,1720,1739,JYORKE,CLAVERI_126,1736
CLAVERI_127,z Clavering,1720-1739,JYORKE,John,Yorke,M,Gentry Lower,GL,gentry lower,51.0,1685.0,50-59,Northern England,N,Higher: Oxbridge,,JCLAVERING,James,Clavering,M,GL,GU,country gentleman,,Family: Other,brothers-in-law,A,1736,N,N,N,closing formula cut short by editor,,210,The Correspondence of Sir James Clavering. Ed. by H.T. Dickinson. Gateshead: Surtees Society. 1967. Surtees Society Publications Vol CLXXVIII.,181,1720,1739,JYORKE,CLAVERI_127,1736
CLAVERI_128,z Clavering,1720-1739,JYORKE,John,Yorke,M,Gentry Lower,GL,gentry lower,51.0,1685.0,50-59,Northern England,N,Higher: Oxbridge,,JCLAVERING,James,Clavering,M,GL,GU,country gentleman,,Family: Other,brothers-in-law,A,1736,N,N,N,closing formula cut short by editor,,192,The Correspondence of Sir James Clavering. Ed. by H.T. Dickinson. Gateshead: Surtees Society. 1967. Surtees Society Publications Vol CLXXVIII.,181,1720,1739,JYORKE,CLAVERI_128,1736
CLAVERI_129,z Clavering,1720-1739,JYORKE,John,Yorke,M,Gentry Lower,GL,gentry lower,52.0,1685.0,50-59,Northern England,N,Higher: Oxbridge,,JCLAVERING,James,Clavering,M,GL,GU,country gentleman,,Family: Other,brothers-in-law,A,1737,N,N,N,shortish; closing formula cut short by editor,,129,The Correspondence of Sir James Clavering. Ed. by H.T. Dickinson. Gateshead: Surtees Society. 1967. Surtees Society Publications Vol CLXXVIII.,182,1720,1739,JYORKE,CLAVERI_129,1737
CLAVERI_130,z Clavering,1720-1739,JYORKE,John,Yorke,M,Gentry Lower,GL,gentry lower,52.0,1685.0,50-59,Northern England,N,Higher: Oxbridge,,JCLAVERING,James,Clavering,M,GL,GU,country gentleman,,Family: Other,brothers-in-law,A,1737,N,N,N,shortish; closing formula cut short by editor,,149,The Correspondence of Sir James Clavering. Ed. by H.T. Dickinson. Gateshead: Surtees Society. 1967. Surtees Society Publications Vol CLXXVIII.,182,1720,1739,JYORKE,CLAVERI_130,1737
COWPERS_001,z Cowper S,1720-1739,SCOWPER,Spencer,Cowper,M,Clergy Lower,CU,clergy lower,19.0,1713.0,10-19,Home Counties,D,Higher: Oxbridge,http://www.oxforddnb.com/view/article/6508,W2COWPER,William,Cowper,M,N,N,nobility; 2nd Earl Cowper,,Family: Nuclear,"brothers (younger brother to older brother), close",A,1732,N,N,N,,,155,"Letters of Spencer Cowper, Dean of Durham 1747-74. Ed. by Edward Hughes. Andrews & Co. and Bernard Quaritch: Durham and London. 1956.",3,1720,1739,SCOWPER,COWPERS_001,1732
COWPERS_002,z Cowper S,1720-1739,SCOWPER,Spencer,Cowper,M,Clergy Lower,CU,clergy lower,19.0,1713.0,10-19,Home Counties,D,Higher: Oxbridge,http://www.oxforddnb.com/view/article/6508,W2COWPER,William,Cowper,M,N,N,nobility; 2nd Earl Cowper,,Family: Nuclear,"brothers (younger brother to older brother), close",A,1732,N,N,N,,,635,"Letters of Spencer Cowper, Dean of Durham 1747-74. Ed. by Edward Hughes. Andrews & Co. and Bernard Quaritch: Durham and London. 1956.",12-14,1720,1739,SCOWPER,COWPERS_002,1732
COWPERS_003,z Cowper S,1720-1739,SCOWPER,Spencer,Cowper,M,Clergy Lower,CU,clergy lower,26.0,1713.0,20-29,Home Counties,D,Higher: Oxbridge,http://www.oxforddnb.com/view/article/6508,W2COWPER,William,Cowper,M,N,N,nobility; 2nd Earl Cowper,,Family: Nuclear,"brothers (younger brother to older brother), close",A,1739,N,N,N,,,142,"Letters of Spencer Cowper, Dean of Durham 1747-74. Ed. by Edward Hughes. Andrews & Co. and Bernard Quaritch: Durham and London. 1956.",17,1720,1739,SCOWPER,COWPERS_003,1739
COWPERS_004,z Cowper S,1740-1759,SCOWPER,Spencer,Cowper,M,Clergy Lower,CU,clergy lower,31.0,1713.0,30-39,Home Counties,D,Higher: Oxbridge,http://www.oxforddnb.com/view/article/6508,W2COWPER,William,Cowper,M,N,N,nobility; 2nd Earl Cowper,,Family: Nuclear,"brothers (younger brother to older brother), close",A,1744,N,N,N,,,438,"Letters of Spencer Cowper, Dean of Durham 1747-74. Ed. by Edward Hughes. Andrews & Co. and Bernard Quaritch: Durham and London. 1956.",35-36,1740,1759,SCOWPER,COWPERS_004,1744
COWPERS_005,z Cowper S,1740-1759,SCOWPER,Spencer,Cowper,M,Clergy Lower,CU,clergy lower,32.0,1713.0,30-39,Home Counties,D,Higher: Oxbridge,http://www.oxforddnb.com/view/article/6508,W2COWPER,William,Cowper,M,N,N,nobility; 2nd Earl Cowper,,Family: Nuclear,"brothers (younger brother to older brother), close",A,1745,N,N,N,,,658,"Letters of Spencer Cowper, Dean of Durham 1747-74. Ed. by Edward Hughes. Andrews & Co. and Bernard Quaritch: Durham and London. 1956.",52-53,1740,1759,SCOWPER,COWPERS_005,1745
COWPERS_006,z Cowper S,1740-1759,SCOWPER,Spencer,Cowper,M,Clergy Upper,CU,clergy upper; dean of Durham,33.0,1713.0,30-39,Home Counties,D,Higher: Oxbridge,http://www.oxforddnb.com/view/article/6508,W2COWPER,William,Cowper,M,N,N,nobility; 2nd Earl Cowper,,Family: Nuclear,"brothers (younger brother to older brother), close",A,1746,N,N,N,,,1544,"Letters of Spencer Cowper, Dean of Durham 1747-74. Ed. by Edward Hughes. Andrews & Co. and Bernard Quaritch: Durham and London. 1956.",66-69,1740,1759,SCOWPER,COWPERS_006,1746
COWPERS_007,z Cowper S,1740-1759,SCOWPER,Spencer,Cowper,M,Clergy Upper,CU,clergy upper; dean of Durham,34.0,1713.0,30-39,Home Counties,D,Higher: Oxbridge,http://www.oxforddnb.com/view/article/6508,W2COWPER,William,Cowper,M,N,N,nobility; 2nd Earl Cowper,,Family: Nuclear,"brothers (younger brother to older brother), close",A,1747,N,N,N,,,476,"Letters of Spencer Cowper, Dean of Durham 1747-74. Ed. by Edward Hughes. Andrews & Co. and Bernard Quaritch: Durham and London. 1956.",95-96,1740,1759,SCOWPER,COWPERS_007,1747
COWPERS_008,z Cowper S,1740-1759,SCOWPER,Spencer,Cowper,M,Clergy Upper,CU,clergy upper; dean of Durham,35.0,1713.0,30-39,Home Counties,D,Higher: Oxbridge,http://www.oxforddnb.com/view/article/6508,W2COWPER,William,Cowper,M,N,N,nobility; 2nd Earl Cowper,,Family: Nuclear,"brothers (younger brother to older brother), close",A,1748,N,N,N,,,381,"Letters of Spencer Cowper, Dean of Durham 1747-74. Ed. by Edward Hughes. Andrews & Co. and Bernard Quaritch: Durham and London. 1956.",102,1740,1759,SCOWPER,COWPERS_008,1748
COWPERS_009,z Cowper S,1740-1759,SCOWPER,Spencer,Cowper,M,Clergy Upper,CU,clergy upper; dean of Durham,36.0,1713.0,30-39,Home Counties,D,Higher: Oxbridge,http://www.oxforddnb.com/view/article/6508,W2COWPER,William,Cowper,M,N,N,nobility; 2nd Earl Cowper,,Family: Nuclear,"brothers (younger brother to older brother), close",A,1749,N,N,N,,,442,"Letters of Spencer Cowper, Dean of Durham 1747-74. Ed. by Edward Hughes. Andrews & Co. and Bernard Quaritch: Durham and London. 1956.",110-111,1740,1759,SCOWPER,COWPERS_009,1749
COWPERS_010,z Cowper S,1740-1759,SCOWPER,Spencer,Cowper,M,Clergy Upper,CU,clergy upper; dean of Durham,37.0,1713.0,30-39,Home Counties,D,Higher: Oxbridge,http://www.oxforddnb.com/view/article/6508,W2COWPER,William,Cowper,M,N,N,nobility; 2nd Earl Cowper,,Family: Nuclear,"brothers (younger brother to older brother), close",A,1750,N,N,N,,,566,"Letters of Spencer Cowper, Dean of Durham 1747-74. Ed. by Edward Hughes. Andrews & Co. and Bernard Quaritch: Durham and London. 1956.",125-126,1740,1759,SCOWPER,COWPERS_010,1750
COWPERS_011,z Cowper S,1740-1759,SCOWPER,Spencer,Cowper,M,Clergy Upper,CU,clergy upper; dean of Durham,38.0,1713.0,30-39,Home Counties,D,Higher: Oxbridge,http://www.oxforddnb.com/view/article/6508,W2COWPER,William,Cowper,M,N,N,nobility; 2nd Earl Cowper,,Family: Nuclear,"brothers (younger brother to older brother), close",A,1751,N,N,N,,,189,"Letters of Spencer Cowper, Dean of Durham 1747-74. Ed. by Edward Hughes. Andrews & Co. and Bernard Quaritch: Durham and London. 1956.",139-140,1740,1759,SCOWPER,COWPERS_011,1751
COWPERS_012,z Cowper S,1740-1759,SCOWPER,Spencer,Cowper,M,Clergy Upper,CU,clergy upper; dean of Durham,39.0,1713.0,30-39,Home Counties,D,Higher: Oxbridge,http://www.oxforddnb.com/view/article/6508,W2COWPER,William,Cowper,M,N,N,nobility; 2nd Earl Cowper,,Family: Nuclear,"brothers (younger brother to older brother), close",A,1752,N,N,N,,,677,"Letters of Spencer Cowper, Dean of Durham 1747-74. Ed. by Edward Hughes. Andrews & Co. and Bernard Quaritch: Durham and London. 1956.",150-151,1740,1759,SCOWPER,COWPERS_012,1752
COWPERS_013,z Cowper S,1740-1759,SCOWPER,Spencer,Cowper,M,Clergy Upper,CU,clergy upper; dean of Durham,40.0,1713.0,40-49,Home Counties,D,Higher: Oxbridge,http://www.oxforddnb.com/view/article/6508,W2COWPER,William,Cowper,M,N,N,nobility; 2nd Earl Cowper,,Family: Nuclear,"brothers (younger brother to older brother), close",A,1753,N,N,N,,,554,"Letters of Spencer Cowper, Dean of Durham 1747-74. Ed. by Edward Hughes. Andrews & Co. and Bernard Quaritch: Durham and London. 1956.",163-164,1740,1759,SCOWPER,COWPERS_013,1753
COWPERS_014,z Cowper S,1740-1759,SCOWPER,Spencer,Cowper,M,Clergy Upper,CU,clergy upper; dean of Durham,41.0,1713.0,40-49,Home Counties,D,Higher: Oxbridge,http://www.oxforddnb.com/view/article/6508,W2COWPER,William,Cowper,M,N,N,nobility; 2nd Earl Cowper,,Family: Nuclear,"brothers (younger brother to older brother), close",A,1754,N,N,N,,,857,"Letters of Spencer Cowper, Dean of Durham 1747-74. Ed. by Edward Hughes. Andrews & Co. and Bernard Quaritch: Durham and London. 1956.",172-174,1740,1759,SCOWPER,COWPERS_014,1754
COWPERS_015,z Cowper S,1740-1759,SCOWPER,Spencer,Cowper,M,Clergy Upper,CU,clergy upper; dean of Durham,43.0,1713.0,40-49,Home Counties,D,Higher: Oxbridge,http://www.oxforddnb.com/view/article/6508,W2COWPER,William,Cowper,M,N,N,nobility; 2nd Earl Cowper,,Family: Nuclear,"brothers (younger brother to older brother), close",A,1756,N,N,N,,,504,"Letters of Spencer Cowper, Dean of Durham 1747-74. Ed. by Edward Hughes. Andrews & Co. and Bernard Quaritch: Durham and London. 1956.",182-183,1740,1759,SCOWPER,COWPERS_015,1756
COWPERS_016,z Cowper S,1740-1759,SCOWPER,Spencer,Cowper,M,Clergy Upper,CU,clergy upper; dean of Durham,44.0,1713.0,40-49,Home Counties,D,Higher: Oxbridge,http://www.oxforddnb.com/view/article/6508,W2COWPER,William,Cowper,M,N,N,nobility; 2nd Earl Cowper,,Family: Nuclear,"brothers (younger brother to older brother), close",A,1757,N,N,N,,,629,"Letters of Spencer Cowper, Dean of Durham 1747-74. Ed. by Edward Hughes. Andrews & Co. and Bernard Quaritch: Durham and London. 1956.",188-190,1740,1759,SCOWPER,COWPERS_016,1757
COWPERS_017,z Cowper S,1740-1759,SCOWPER,Spencer,Cowper,M,Clergy Upper,CU,clergy upper; dean of Durham,45.0,1713.0,40-49,Home Counties,D,Higher: Oxbridge,http://www.oxforddnb.com/view/article/6508,W2COWPER,William,Cowper,M,N,N,nobility; 2nd Earl Cowper,,Family: Nuclear,"brothers (younger brother to older brother), close",A,1758,N,N,N,,,302,"Letters of Spencer Cowper, Dean of Durham 1747-74. Ed. by Edward Hughes. Andrews & Co. and Bernard Quaritch: Durham and London. 1956.",202-203,1740,1759,SCOWPER,COWPERS_017,1758
COWPERS_018,z Cowper S,1760-1779,SCOWPER,Spencer,Cowper,M,Clergy Upper,CU,clergy upper; dean of Durham,48.0,1713.0,40-49,Home Counties,D,Higher: Oxbridge,http://www.oxforddnb.com/view/article/6508,W2COWPER,William,Cowper,M,N,N,nobility; 2nd Earl Cowper,,Family: Nuclear,"brothers (younger brother to older brother), close",A,1761,N,N,N,,,364,"Letters of Spencer Cowper, Dean of Durham 1747-74. Ed. by Edward Hughes. Andrews & Co. and Bernard Quaritch: Durham and London. 1956.",206-207,1760,1779,SCOWPER,COWPERS_018,1761
COWPERS_019,z Cowper S,1760-1779,SCOWPER,Spencer,Cowper,M,Clergy Upper,CU,clergy upper; dean of Durham,49.0,1713.0,40-49,Home Counties,D,Higher: Oxbridge,http://www.oxforddnb.com/view/article/6508,W2COWPER,William,Cowper,M,N,N,nobility; 2nd Earl Cowper,,Family: Nuclear,"brothers (younger brother to older brother), close",A,1762,N,N,N,,,274,"Letters of Spencer Cowper, Dean of Durham 1747-74. Ed. by Edward Hughes. Andrews & Co. and Bernard Quaritch: Durham and London. 1956.",208,1760,1779,SCOWPER,COWPERS_019,1762
COWPERS_020,z Cowper S,1760-1779,SCOWPER,Spencer,Cowper,M,Clergy Upper,CU,clergy upper; dean of Durham,51.0,1713.0,50-59,Home Counties,D,Higher: Oxbridge,http://www.oxforddnb.com/view/article/6508,W2COWPER,William,Cowper,M,N,N,nobility; 2nd Earl Cowper,,Family: Nuclear,"brothers (younger brother to older brother), close",A,1764,N,N,N,,,400,"Letters of Spencer Cowper, Dean of Durham 1747-74. Ed. by Edward Hughes. Andrews & Co. and Bernard Quaritch: Durham and London. 1956.",210-211,1760,1779,SCOWPER,COWPERS_020,1764
DARWIN_001,z Darwin,1760-1779,EDARWIN,Erasmus,Darwin,M,Professional,P,professional; physician,32.0,1731.0,30-39,Other,N,Higher: Oxbridge,http://www.oxforddnb.com/view/article/7177,MBOULTON,Matthew,Boulton,M,P,P,professional; manufacturer and engineer,http://www.oxforddnb.com/view/article/2983,Close Friend,,A,1763,N,N,N,,,312,The Letters of Erasmus Darwin. Ed. by Desmond King-Hele. Cambridge: Cambridge University Press. 1981.,,1760,1779,EDARWIN,DARWIN_001,1763
DARWIN_003,z Darwin,1760-1779,EDARWIN,Erasmus,Darwin,M,Professional,P,professional; physician,33.0,1731.0,30-39,Other,N,Higher: Oxbridge,http://www.oxforddnb.com/view/article/7177,MBOULTON,Matthew,Boulton,M,P,P,professional; manufacturer and engineer,http://www.oxforddnb.com/view/article/2983,Close Friend,,A,1764,N,N,N,,,260,The Letters of Erasmus Darwin. Ed. by Desmond King-Hele. Cambridge: Cambridge University Press. 1981.,,1760,1779,EDARWIN,DARWIN_003,1764
DARWIN_004,z Darwin,1760-1779,EDARWIN,Erasmus,Darwin,M,Professional,P,professional; physician,34.0,1731.0,30-39,Other,N,Higher: Oxbridge,http://www.oxforddnb.com/view/article/7177,MBOULTON,Matthew,Boulton,M,P,P,professional; manufacturer and engineer,http://www.oxforddnb.com/view/article/2983,Close Friend,,A,1765,N,N,N,,,472,The Letters of Erasmus Darwin. Ed. by Desmond King-Hele. Cambridge: Cambridge University Press. 1981.,,1760,1779,EDARWIN,DARWIN_004,1765
DARWIN_005,z Darwin,1760-1779,EDARWIN,Erasmus,Darwin,M,Professional,P,professional; physician,35.0,1731.0,30-39,Other,N,Higher: Oxbridge,http://www.oxforddnb.com/view/article/7177,MBOULTON,Matthew,Boulton,M,P,P,professional; manufacturer and engineer,http://www.oxforddnb.com/view/article/2983,Close Friend,,A,1766,N,N,N,,,478,The Letters of Erasmus Darwin. Ed. by Desmond King-Hele. Cambridge: Cambridge University Press. 1981.,,1760,1779,EDARWIN,DARWIN_005,1766
DARWIN_006,z Darwin,1760-1779,EDARWIN,Erasmus,Darwin,M,Professional,P,professional; physician,36.0,1731.0,30-39,Other,N,Higher: Oxbridge,http://www.oxforddnb.com/view/article/7177,JWATT,James,Watt,M,P,P,professional; inventor and mechanical engineer,http://www.oxforddnb.com/view/article/28880,Close Friend,,A,1767,N,N,N,,,470,The Letters of Erasmus Darwin. Ed. by Desmond King-Hele. Cambridge: Cambridge University Press. 1981.,,1760,1779,EDARWIN,DARWIN_006,1767
DARWIN_007,z Darwin,1760-1779,EDARWIN,Erasmus,Darwin,M,Professional,P,professional; physician,38.0,1731.0,30-39,Other,N,Higher: Oxbridge,http://www.oxforddnb.com/view/article/7177,MBOULTON,Matthew,Boulton,M,P,P,professional; manufacturer and engineer,http://www.oxforddnb.com/view/article/2983,Close Friend,,A,1769,N,N,N,,,500,The Letters of Erasmus Darwin. Ed. by Desmond King-Hele. Cambridge: Cambridge University Press. 1981.,,1760,1779,EDARWIN,DARWIN_007,1769
DARWIN_008,z Darwin,1760-1779,EDARWIN,Erasmus,Darwin,M,Professional,P,professional; physician,44.0,1731.0,40-49,Other,N,Higher: Oxbridge,http://www.oxforddnb.com/view/article/7177,JWATT,James,Watt,M,P,P,professional; inventor and mechanical engineer,http://www.oxforddnb.com/view/article/28880,Close Friend,,A,1775,N,N,N,,,514,The Letters of Erasmus Darwin. Ed. by Desmond King-Hele. Cambridge: Cambridge University Press. 1981.,,1760,1779,EDARWIN,DARWIN_008,1775
DARWIN_009,z Darwin,1760-1779,EDARWIN,Erasmus,Darwin,M,Professional,P,professional; physician,47.0,1731.0,40-49,Other,N,Higher: Oxbridge,http://www.oxforddnb.com/view/article/7177,MBOULTON,Matthew,Boulton,M,P,P,professional; manufacturer and engineer,http://www.oxforddnb.com/view/article/2983,Close Friend,,A,1778,N,N,N,,,356,The Letters of Erasmus Darwin. Ed. by Desmond King-Hele. Cambridge: Cambridge University Press. 1981.,,1760,1779,EDARWIN,DARWIN_009,1778
DARWIN_010,z Darwin,1760-1779,EDARWIN,Erasmus,Darwin,M,Professional,P,professional; physician,47.0,1731.0,40-49,Other,N,Higher: Oxbridge,http://www.oxforddnb.com/view/article/7177,MBOULTON,Matthew,Boulton,M,P,P,professional; manufacturer and engineer,http://www.oxforddnb.com/view/article/2983,Close Friend,,A,1778,N,N,N,,,265,The Letters of Erasmus Darwin. Ed. by Desmond King-Hele. Cambridge: Cambridge University Press. 1981.,,1760,1779,EDARWIN,DARWIN_010,1778
DARWIN_011,z Darwin,1760-1779,EDARWIN,Erasmus,Darwin,M,Professional,P,professional; physician,47.0,1731.0,40-49,Other,N,Higher: Oxbridge,http://www.oxforddnb.com/view/article/7177,CGREVILLE,Charles Francis,Greville,M,GU,GU,gentry upper; mineralogist and horticulturist,http://www.oxforddnb.com/view/article/40496,Close Friend,,A,1778,N,N,N,,,488,The Letters of Erasmus Darwin. Ed. by Desmond King-Hele. Cambridge: Cambridge University Press. 1981.,,1760,1779,EDARWIN,DARWIN_011,1778
DARWIN_012,z Darwin,1760-1779,EDARWIN,Erasmus,Darwin,M,Professional,P,professional; physician,48.0,1731.0,40-49,Other,N,Higher: Oxbridge,http://www.oxforddnb.com/view/article/7177,CGREVILLE,Charles Francis,Greville,M,GU,GU,gentry upper; mineralogist and horticulturist,http://www.oxforddnb.com/view/article/40496,Close Friend,,A,1779,N,N,N,,,360,The Letters of Erasmus Darwin. Ed. by Desmond King-Hele. Cambridge: Cambridge University Press. 1981.,,1760,1779,EDARWIN,DARWIN_012,1779
DARWIN_013,z Darwin,1780-1800,EDARWIN,Erasmus,Darwin,M,Professional,P,professional; physician,49.0,1731.0,40-49,Other,N,Higher: Oxbridge,http://www.oxforddnb.com/view/article/7177,ASEWARD,Anna,Seward,F,GL,GL,gentry lower; poet and author,http://www.oxforddnb.com/view/article/25135,Close Friend,Darwin had a close relationship with the Seward family,A,1780,N,N,N,,,447,The Letters of Erasmus Darwin. Ed. by Desmond King-Hele. Cambridge: Cambridge University Press. 1981.,,1780,1800,EDARWIN,DARWIN_013,1780
DARWIN_014,z Darwin,1780-1800,EDARWIN,Erasmus,Darwin,M,Professional,P,professional; physician,51.0,1731.0,50-59,Other,N,Higher: Oxbridge,http://www.oxforddnb.com/view/article/7177,MBOULTON,Matthew,Boulton,M,P,P,professional; manufacturer and engineer,http://www.oxforddnb.com/view/article/2983,Close Friend,,A,1782,N,N,N,,,268,The Letters of Erasmus Darwin. Ed. by Desmond King-Hele. Cambridge: Cambridge University Press. 1981.,,1780,1800,EDARWIN,DARWIN_014,1782
DARWIN_015,z Darwin,1780-1800,EDARWIN,Erasmus,Darwin,M,Professional,P,professional; physician,51.0,1731.0,50-59,Other,N,Higher: Oxbridge,http://www.oxforddnb.com/view/article/7177,MBOULTON,Matthew,Boulton,M,P,P,professional; manufacturer and engineer,http://www.oxforddnb.com/view/article/2983,Close Friend,,A,1782,N,N,N,,,184,The Letters of Erasmus Darwin. Ed. by Desmond King-Hele. Cambridge: Cambridge University Press. 1981.,,1780,1800,EDARWIN,DARWIN_015,1782
DARWIN_016,z Darwin,1780-1800,EDARWIN,Erasmus,Darwin,M,Professional,P,professional; physician,52.0,1731.0,50-59,Other,N,Higher: Oxbridge,http://www.oxforddnb.com/view/article/7177,MBOULTON,Matthew,Boulton,M,P,P,professional; manufacturer and engineer,http://www.oxforddnb.com/view/article/2983,Close Friend,,A,1783,N,N,N,,,269,The Letters of Erasmus Darwin. Ed. by Desmond King-Hele. Cambridge: Cambridge University Press. 1981.,,1780,1800,EDARWIN,DARWIN_016,1783
DARWIN_017,z Darwin,1780-1800,EDARWIN,Erasmus,Darwin,M,Professional,P,professional; physician,52.0,1731.0,50-59,Other,N,Higher: Oxbridge,http://www.oxforddnb.com/view/article/7177,W3CAVENDISH,William,Cavendish,M,N,N,nobility,http://www.oxforddnb.com/view/article/58758,Other,,A,1783,N,N,N,,,1391,The Letters of Erasmus Darwin. Ed. by Desmond King-Hele. Cambridge: Cambridge University Press. 1981.,,1780,1800,EDARWIN,DARWIN_017,1783
DARWIN_018,z Darwin,1780-1800,EDARWIN,Erasmus,Darwin,M,Professional,P,professional; physician,54.0,1731.0,50-59,Other,N,Higher: Oxbridge,http://www.oxforddnb.com/view/article/7177,MBOULTON,Matthew,Boulton,M,P,P,professional; manufacturer and engineer,http://www.oxforddnb.com/view/article/2983,Close Friend,,A,1785,N,N,N,,,414,The Letters of Erasmus Darwin. Ed. by Desmond King-Hele. Cambridge: Cambridge University Press. 1981.,,1780,1800,EDARWIN,DARWIN_018,1785
DARWIN_019,z Darwin,1780-1800,EDARWIN,Erasmus,Darwin,M,Professional,P,professional; physician,57.0,1731.0,50-59,Other,N,Higher: Oxbridge,http://www.oxforddnb.com/view/article/7177,JWATT,James,Watt,M,P,P,professional; inventor and mechanical engineer,http://www.oxforddnb.com/view/article/28880,Close Friend,,A,1788,N,N,N,,,422,The Letters of Erasmus Darwin. Ed. by Desmond King-Hele. Cambridge: Cambridge University Press. 1981.,,1780,1800,EDARWIN,DARWIN_019,1788
DARWIN_020,z Darwin,1780-1800,EDARWIN,Erasmus,Darwin,M,Professional,P,professional; physician,58.0,1731.0,50-59,Other,N,Higher: Oxbridge,http://www.oxforddnb.com/view/article/7177,MBOULTON,Matthew,Boulton,M,P,P,professional; manufacturer and engineer,http://www.oxforddnb.com/view/article/2983,Close Friend,,A,1789,N,N,N,,,227,The Letters of Erasmus Darwin. Ed. by Desmond King-Hele. Cambridge: Cambridge University Press. 1981.,,1780,1800,EDARWIN,DARWIN_020,1789
DARWIN_021,z Darwin,1780-1800,EDARWIN,Erasmus,Darwin,M,Professional,P,professional; physician,58.0,1731.0,50-59,Other,N,Higher: Oxbridge,http://www.oxforddnb.com/view/article/7177,MBOULTON,Matthew,Boulton,M,P,P,professional; manufacturer and engineer,http://www.oxforddnb.com/view/article/2983,Close Friend,,A,1789,N,N,N,,,323,The Letters of Erasmus Darwin. Ed. by Desmond King-Hele. Cambridge: Cambridge University Press. 1981.,,1780,1800,EDARWIN,DARWIN_021,1789
DARWIN_022,z Darwin,1780-1800,EDARWIN,Erasmus,Darwin,M,Professional,P,professional; physician,58.0,1731.0,50-59,Other,N,Higher: Oxbridge,http://www.oxforddnb.com/view/article/7177,MBOULTON,Matthew,Boulton,M,P,P,professional; manufacturer and engineer,http://www.oxforddnb.com/view/article/2983,Close Friend,,A,1789,N,N,N,,,202,The Letters of Erasmus Darwin. Ed. by Desmond King-Hele. Cambridge: Cambridge University Press. 1981.,,1780,1800,EDARWIN,DARWIN_022,1789
DARWIN_023,z Darwin,1780-1800,EDARWIN,Erasmus,Darwin,M,Professional,P,professional; physician,59.0,1731.0,50-59,Other,N,Higher: Oxbridge,http://www.oxforddnb.com/view/article/7177,JWATT,James,Watt,M,P,P,professional; inventor and mechanical engineer,http://www.oxforddnb.com/view/article/28880,Close Friend,,A,1790,N,N,N,,,400,The Letters of Erasmus Darwin. Ed. by Desmond King-Hele. Cambridge: Cambridge University Press. 1981.,,1780,1800,EDARWIN,DARWIN_023,1790
DARWIN_024,z Darwin,1780-1800,EDARWIN,Erasmus,Darwin,M,Professional,P,professional; physician,60.0,1731.0,60-69,Other,N,Higher: Oxbridge,http://www.oxforddnb.com/view/article/7177,MBOULTON,Matthew,Boulton,M,P,P,professional; manufacturer and engineer,http://www.oxforddnb.com/view/article/2983,Close Friend,,A,1791,N,N,N,,,312,The Letters of Erasmus Darwin. Ed. by Desmond King-Hele. Cambridge: Cambridge University Press. 1981.,,1780,1800,EDARWIN,DARWIN_024,1791
DARWIN_025,z Darwin,1780-1800,EDARWIN,Erasmus,Darwin,M,Professional,P,professional; physician,60.0,1731.0,60-69,Other,N,Higher: Oxbridge,http://www.oxforddnb.com/view/article/7177,ASEWARD,Anna,Seward,F,GL,GL,gentry lower; poet and author,http://www.oxforddnb.com/view/article/25135,Close Friend,Darwin had a close relationship with the Seward family,A,1791,N,N,N,,,162,The Letters of Erasmus Darwin. Ed. by Desmond King-Hele. Cambridge: Cambridge University Press. 1981.,,1780,1800,EDARWIN,DARWIN_025,1791
DARWIN_026,z Darwin,1780-1800,EDARWIN,Erasmus,Darwin,M,Professional,P,professional; physician,62.0,1731.0,60-69,Other,N,Higher: Oxbridge,http://www.oxforddnb.com/view/article/7177,TWEDGWOOD,Thomas,Wedgwood,M,P,P,professional,http://www.oxforddnb.com/view/article/28967,Close Friend,,A,1793,N,N,N,,,553,The Letters of Erasmus Darwin. Ed. by Desmond King-Hele. Cambridge: Cambridge University Press. 1981.,,1780,1800,EDARWIN,DARWIN_026,1793
DARWIN_027,z Darwin,1780-1800,EDARWIN,Erasmus,Darwin,M,Professional,P,professional; physician,62.0,1731.0,60-69,Other,N,Higher: Oxbridge,http://www.oxforddnb.com/view/article/7177,TWEDGWOOD,Thomas,Wedgwood,M,P,P,professional,http://www.oxforddnb.com/view/article/28967,Close Friend,,A,1793,N,N,N,,,311,The Letters of Erasmus Darwin. Ed. by Desmond King-Hele. Cambridge: Cambridge University Press. 1981.,,1780,1800,EDARWIN,DARWIN_027,1793
DARWIN_028,z Darwin,1780-1800,EDARWIN,Erasmus,Darwin,M,Professional,P,professional; physician,62.0,1731.0,60-69,Other,N,Higher: Oxbridge,http://www.oxforddnb.com/view/article/7177,JWATT,James,Watt,M,P,P,professional; inventor and mechanical engineer,http://www.oxforddnb.com/view/article/28880,Close Friend,,A,1793,N,N,N,,,507,The Letters of Erasmus Darwin. Ed. by Desmond King-Hele. Cambridge: Cambridge University Press. 1981.,,1780,1800,EDARWIN,DARWIN_028,1793
DARWIN_029,z Darwin,1780-1800,EDARWIN,Erasmus,Darwin,M,Professional,P,professional; physician,63.0,1731.0,60-69,Other,N,Higher: Oxbridge,http://www.oxforddnb.com/view/article/7177,JWATT,James,Watt,M,P,P,professional; inventor and mechanical engineer,http://www.oxforddnb.com/view/article/28880,Close Friend,,A,1794,N,N,N,,,393,The Letters of Erasmus Darwin. Ed. by Desmond King-Hele. Cambridge: Cambridge University Press. 1981.,,1780,1800,EDARWIN,DARWIN_029,1794
DARWIN_030,z Darwin,1780-1800,EDARWIN,Erasmus,Darwin,M,Professional,P,professional; physician,63.0,1731.0,60-69,Other,N,Higher: Oxbridge,http://www.oxforddnb.com/view/article/7177,TWEDGWOOD,Thomas,Wedgwood,M,P,P,professional,http://www.oxforddnb.com/view/article/28967,Close Friend,,A,1794,N,N,N,,,303,The Letters of Erasmus Darwin. Ed. by Desmond King-Hele. Cambridge: Cambridge University Press. 1981.,,1780,1800,EDARWIN,DARWIN_030,1794
DARWIN_031,z Darwin,1780-1800,EDARWIN,Erasmus,Darwin,M,Professional,P,professional; physician,63.0,1731.0,60-69,Other,N,Higher: Oxbridge,http://www.oxforddnb.com/view/article/7177,JWATT,James,Watt,M,P,P,professional; inventor and mechanical engineer,http://www.oxforddnb.com/view/article/28880,Close Friend,,A,1794,N,N,N,,,559,The Letters of Erasmus Darwin. Ed. by Desmond King-Hele. Cambridge: Cambridge University Press. 1981.,,1780,1800,EDARWIN,DARWIN_031,1794
DARWIN_032,z Darwin,1780-1800,EDARWIN,Erasmus,Darwin,M,Professional,P,professional; physician,63.0,1731.0,60-69,Other,N,Higher: Oxbridge,http://www.oxforddnb.com/view/article/7177,JWATT,James,Watt,M,P,P,professional; inventor and mechanical engineer,http://www.oxforddnb.com/view/article/28880,Close Friend,,A,1794,N,N,N,,,337,The Letters of Erasmus Darwin. Ed. by Desmond King-Hele. Cambridge: Cambridge University Press. 1981.,,1780,1800,EDARWIN,DARWIN_032,1794
DARWIN_033,z Darwin,1780-1800,EDARWIN,Erasmus,Darwin,M,Professional,P,professional; physician,63.0,1731.0,60-69,Other,N,Higher: Oxbridge,http://www.oxforddnb.com/view/article/7177,JWATT,James,Watt,M,P,P,professional; inventor and mechanical engineer,http://www.oxforddnb.com/view/article/28880,Close Friend,,A,1794,N,N,N,,,275,The Letters of Erasmus Darwin. Ed. by Desmond King-Hele. Cambridge: Cambridge University Press. 1981.,,1780,1800,EDARWIN,DARWIN_033,1794
DARWIN_034,z Darwin,1780-1800,EDARWIN,Erasmus,Darwin,M,Professional,P,professional; physician,63.0,1731.0,60-69,Other,N,Higher: Oxbridge,http://www.oxforddnb.com/view/article/7177,TWEDGWOOD,Thomas,Wedgwood,M,P,P,professional,http://www.oxforddnb.com/view/article/28967,Close Friend,,A,1794,N,N,N,,,1003,The Letters of Erasmus Darwin. Ed. by Desmond King-Hele. Cambridge: Cambridge University Press. 1981.,,1780,1800,EDARWIN,DARWIN_034,1794
DARWIN_035,z Darwin,1780-1800,EDARWIN,Erasmus,Darwin,M,Professional,P,professional; physician,63.0,1731.0,60-69,Other,N,Higher: Oxbridge,http://www.oxforddnb.com/view/article/7177,JWATT,James,Watt,M,P,P,professional; inventor and mechanical engineer,http://www.oxforddnb.com/view/article/28880,Close Friend,,A,1794,N,N,N,,,492,The Letters of Erasmus Darwin. Ed. by Desmond King-Hele. Cambridge: Cambridge University Press. 1981.,,1780,1800,EDARWIN,DARWIN_035,1794
DARWIN_036,z Darwin,1780-1800,EDARWIN,Erasmus,Darwin,M,Professional,P,professional; physician,63.0,1731.0,60-69,Other,N,Higher: Oxbridge,http://www.oxforddnb.com/view/article/7177,W3CAVENDISH,William,Cavendish,M,N,N,nobility,http://www.oxforddnb.com/view/article/58758,Other,,A,1794,N,N,N,,,595,The Letters of Erasmus Darwin. Ed. by Desmond King-Hele. Cambridge: Cambridge University Press. 1981.,,1780,1800,EDARWIN,DARWIN_036,1794
DARWIN_037,z Darwin,1780-1800,EDARWIN,Erasmus,Darwin,M,Professional,P,professional; physician,64.0,1731.0,60-69,Other,N,Higher: Oxbridge,http://www.oxforddnb.com/view/article/7177,TWEDGWOOD,Thomas,Wedgwood,M,P,P,professional,http://www.oxforddnb.com/view/article/28967,Close Friend,,A,1795,N,N,N,,,410,The Letters of Erasmus Darwin. Ed. by Desmond King-Hele. Cambridge: Cambridge University Press. 1981.,,1780,1800,EDARWIN,DARWIN_037,1795
DARWIN_038,z Darwin,1780-1800,EDARWIN,Erasmus,Darwin,M,Professional,P,professional; physician,64.0,1731.0,60-69,Other,N,Higher: Oxbridge,http://www.oxforddnb.com/view/article/7177,TWEDGWOOD,Thomas,Wedgwood,M,P,P,professional,http://www.oxforddnb.com/view/article/28967,Close Friend,,A,1795,N,N,N,,,453,The Letters of Erasmus Darwin. Ed. by Desmond King-Hele. Cambridge: Cambridge University Press. 1981.,,1780,1800,EDARWIN,DARWIN_038,1795
DARWIN_039,z Darwin,1780-1800,EDARWIN,Erasmus,Darwin,M,Professional,P,professional; physician,64.0,1731.0,60-69,Other,N,Higher: Oxbridge,http://www.oxforddnb.com/view/article/7177,JWATT,James,Watt,M,P,P,professional; inventor and mechanical engineer,http://www.oxforddnb.com/view/article/28880,Close Friend,,A,1795,N,N,N,,,572,The Letters of Erasmus Darwin. Ed. by Desmond King-Hele. Cambridge: Cambridge University Press. 1981.,,1780,1800,EDARWIN,DARWIN_039,1795
DARWIN_040,z Darwin,1780-1800,EDARWIN,Erasmus,Darwin,M,Professional,P,professional; physician,65.0,1731.0,60-69,Other,N,Higher: Oxbridge,http://www.oxforddnb.com/view/article/7177,TWEDGWOOD,Thomas,Wedgwood,M,P,P,professional,http://www.oxforddnb.com/view/article/28967,Close Friend,,A,1796,N,N,N,,,593,The Letters of Erasmus Darwin. Ed. by Desmond King-Hele. Cambridge: Cambridge University Press. 1981.,,1780,1800,EDARWIN,DARWIN_040,1796
DARWIN_041,z Darwin,1780-1800,EDARWIN,Erasmus,Darwin,M,Professional,P,professional; physician,66.0,1731.0,60-69,Other,N,Higher: Oxbridge,http://www.oxforddnb.com/view/article/7177,TWEDGWOOD,Thomas,Wedgwood,M,P,P,professional,http://www.oxforddnb.com/view/article/28967,Close Friend,,A,1797,N,N,N,,,237,The Letters of Erasmus Darwin. Ed. by Desmond King-Hele. Cambridge: Cambridge University Press. 1981.,,1780,1800,EDARWIN,DARWIN_041,1797
DODSLEY_019,z Dodsley,1740-1759,RDODSLEY,Robert,Dodsley,M,Professional,P,"professional; bookseller, poet, playwright",44.0,1704.0,40-49,London,N,Apprenticed,http://www.oxforddnb.com/view/article/7755,JSPENCE,Joseph,Spence,M,GL,GL,"gentry lower?; writer, professor",http://www.oxforddnb.com/view/article/26111,Other,one of Robert Dodsley's closest friends and his travelling companion in later years,A,1748,N,N,N,,,348,The Correspondence of Robert Dodsley 1733-1764. Ed. by James E. Tierney. Cambridge: Cambridge University Press. 1988.,125,1740,1759,RDODSLEY,DODSLEY_019,1748
DODSLEY_026,z Dodsley,1740-1759,RDODSLEY,Robert,Dodsley,M,Professional,P,"professional; bookseller, poet, playwright",45.0,1704.0,40-49,London,N,Apprenticed,http://www.oxforddnb.com/view/article/7755,JGCOOPER,John Gilbert,Cooper,M,GL,GL,gentry lower; poet and miscellaneous writer,http://www.oxforddnb.com/view/article/6221,Other,professional relationship; on friendly terms,A,1749,N,N,N,,,140,The Correspondence of Robert Dodsley 1733-1764. Ed. by James E. Tierney. Cambridge: Cambridge University Press. 1988.,131,1740,1759,RDODSLEY,DODSLEY_026,1749
DODSLEY_038,z Dodsley,1740-1759,RDODSLEY,Robert,Dodsley,M,Professional,P,"professional; bookseller, poet, playwright",49.0,1704.0,40-49,London,N,Apprenticed,http://www.oxforddnb.com/view/article/7755,WSHENSTONE,William,Shenstone,M,GL,GL,gentry lower; poet,http://www.oxforddnb.com/view/article/25321,Close Friend,intimate friends,A,1753,N,N,N,,,236,The Correspondence of Robert Dodsley 1733-1764. Ed. by James E. Tierney. Cambridge: Cambridge University Press. 1988.,162,1740,1759,RDODSLEY,DODSLEY_038,1753
DODSLEY_046,z Dodsley,1740-1759,RDODSLEY,Robert,Dodsley,M,Professional,P,"professional; bookseller, poet, playwright",51.0,1704.0,50-59,London,N,Apprenticed,http://www.oxforddnb.com/view/article/7755,JWARTON,Joseph,Warton,M,P,P,"clergy lower; poet, critic",http://www.oxforddnb.com/view/article/28796,Other,friends,A,1755,N,N,N,,,300,The Correspondence of Robert Dodsley 1733-1764. Ed. by James E. Tierney. Cambridge: Cambridge University Press. 1988.,190,1740,1759,RDODSLEY,DODSLEY_046,1755
DODSLEY_047,z Dodsley,1740-1759,RDODSLEY,Robert,Dodsley,M,Professional,P,"professional; bookseller, poet, playwright",51.0,1704.0,50-59,London,N,Apprenticed,http://www.oxforddnb.com/view/article/7755,WSHENSTONE,William,Shenstone,M,GL,GL,gentry lower; poet,http://www.oxforddnb.com/view/article/25321,Close Friend,intimate friends,A,1755,N,N,N,,,233,The Correspondence of Robert Dodsley 1733-1764. Ed. by James E. Tierney. Cambridge: Cambridge University Press. 1988.,192,1740,1759,RDODSLEY,DODSLEY_047,1755
DODSLEY_051,z Dodsley,1740-1759,RDODSLEY,Robert,Dodsley,M,Professional,P,"professional; bookseller, poet, playwright",51.0,1704.0,50-59,London,N,Apprenticed,http://www.oxforddnb.com/view/article/7755,WSHENSTONE,William,Shenstone,M,GL,GL,gentry lower; poet,http://www.oxforddnb.com/view/article/25321,Close Friend,intimate friends,A,1755,N,N,N,,,313,The Correspondence of Robert Dodsley 1733-1764. Ed. by James E. Tierney. Cambridge: Cambridge University Press. 1988.,197,1740,1759,RDODSLEY,DODSLEY_051,1755
DODSLEY_053,z Dodsley,1740-1759,RDODSLEY,Robert,Dodsley,M,Professional,P,"professional; bookseller, poet, playwright",52.0,1704.0,50-59,London,N,Apprenticed,http://www.oxforddnb.com/view/article/7755,WSHENSTONE,William,Shenstone,M,GL,GL,gentry lower; poet,http://www.oxforddnb.com/view/article/25321,Close Friend,intimate friends,A,1756,N,N,N,,,398,The Correspondence of Robert Dodsley 1733-1764. Ed. by James E. Tierney. Cambridge: Cambridge University Press. 1988.,218,1740,1759,RDODSLEY,DODSLEY_053,1756
DODSLEY_054,z Dodsley,1740-1759,RDODSLEY,Robert,Dodsley,M,Professional,P,"professional; bookseller, poet, playwright",52.0,1704.0,50-59,London,N,Apprenticed,http://www.oxforddnb.com/view/article/7755,WSHENSTONE,William,Shenstone,M,GL,GL,gentry lower; poet,http://www.oxforddnb.com/view/article/25321,Close Friend,intimate friends,A,1756,N,N,N,,,341,The Correspondence of Robert Dodsley 1733-1764. Ed. by James E. Tierney. Cambridge: Cambridge University Press. 1988.,230,1740,1759,RDODSLEY,DODSLEY_054,1756
DODSLEY_058,z Dodsley,1740-1759,RDODSLEY,Robert,Dodsley,M,Professional,P,"professional; bookseller, poet, playwright",52.0,1704.0,50-59,London,N,Apprenticed,http://www.oxforddnb.com/view/article/7755,MOSBORNE,Mary Godolphin,Osborne,F,N,N,nobility; duchess of Leeds,,Other,?,A,1756,N,N,N,,,183,The Correspondence of Robert Dodsley 1733-1764. Ed. by James E. Tierney. Cambridge: Cambridge University Press. 1988.,239,1740,1759,RDODSLEY,DODSLEY_058,1756
DODSLEY_068,z Dodsley,1740-1759,RDODSLEY,Robert,Dodsley,M,Professional,P,"professional; bookseller, poet, playwright",53.0,1704.0,50-59,London,N,Apprenticed,http://www.oxforddnb.com/view/article/7755,WSHENSTONE,William,Shenstone,M,GL,GL,gentry lower; poet,http://www.oxforddnb.com/view/article/25321,Close Friend,intimate friends,A,1757,N,N,N,,,343,The Correspondence of Robert Dodsley 1733-1764. Ed. by James E. Tierney. Cambridge: Cambridge University Press. 1988.,270,1740,1759,RDODSLEY,DODSLEY_068,1757
DODSLEY_070,z Dodsley,1740-1759,RDODSLEY,Robert,Dodsley,M,Professional,P,"professional; bookseller, poet, playwright",53.0,1704.0,50-59,London,N,Apprenticed,http://www.oxforddnb.com/view/article/7755,WSHENSTONE,William,Shenstone,M,GL,GL,gentry lower; poet,http://www.oxforddnb.com/view/article/25321,Close Friend,intimate friends,A,1757,N,N,N,,,359,The Correspondence of Robert Dodsley 1733-1764. Ed. by James E. Tierney. Cambridge: Cambridge University Press. 1988.,274,1740,1759,RDODSLEY,DODSLEY_070,1757
DODSLEY_076,z Dodsley,1740-1759,DGARRICK,David,Garrick,M,Gentry Lower,GL,"gentry lower; actor, theatre manager, playwright",40.0,1717.0,40-49,London,U,Secondary,http://www.oxforddnb.com/view/article/10408,RDODSLEY,Robert,Dodsley,M,P,P,"professional; bookseller, poet, playwright",http://www.oxforddnb.com/view/article/7755,Other,friends; friendship turning into rivalry,A,1757,N,N,N,,,186,The Correspondence of Robert Dodsley 1733-1764. Ed. by James E. Tierney. Cambridge: Cambridge University Press. 1988.,291,1740,1759,DGARRICK,DODSLEY_076,1757
DODSLEY_086,z Dodsley,1740-1759,RDODSLEY,Robert,Dodsley,M,Professional,P,"professional; bookseller, poet, playwright",54.0,1704.0,50-59,London,N,Apprenticed,http://www.oxforddnb.com/view/article/7755,WSHENSTONE,William,Shenstone,M,GL,GL,gentry lower; poet,http://www.oxforddnb.com/view/article/25321,Close Friend,intimate friends,A,1758,N,N,N,,,168,The Correspondence of Robert Dodsley 1733-1764. Ed. by James E. Tierney. Cambridge: Cambridge University Press. 1988.,328,1740,1759,RDODSLEY,DODSLEY_086,1758
DODSLEY_087,z Dodsley,1740-1759,RDODSLEY,Robert,Dodsley,M,Professional,P,"professional; bookseller, poet, playwright",54.0,1704.0,50-59,London,N,Apprenticed,http://www.oxforddnb.com/view/article/7755,PDSTANHOPE,Philip Dormer,Stanhope,M,N,N,"nobility; ambassador, statesman",http://www.oxforddnb.com/view/article/26255,Other,Stanhope was Dodsley's patron,A,1758,N,N,N,,,136,The Correspondence of Robert Dodsley 1733-1764. Ed. by James E. Tierney. Cambridge: Cambridge University Press. 1988.,329,1740,1759,RDODSLEY,DODSLEY_087,1758
DODSLEY_134,z Dodsley,1760-1779,RDODSLEY,Robert,Dodsley,M,Professional,P,"professional; bookseller, poet, playwright",59.0,1704.0,50-59,London,N,Apprenticed,http://www.oxforddnb.com/view/article/7755,ECARTWRIGHT,Elizabeth,Cartwright,F,P,P,married to a hosier,,Other,"cousins; regular, friendly correspondence; RD chaperoned E during her stay in London",A,1763,N,N,N,,,283,The Correspondence of Robert Dodsley 1733-1764. Ed. by James E. Tierney. Cambridge: Cambridge University Press. 1988.,478,1760,1779,RDODSLEY,DODSLEY_134,1763
DUKES_001,z Dukes,1720-1739,HPELHAM,Henry,Pelham,M,Gentry Lower,GL,"MP, statesman (gentry)",38.0,1694.0,30-39,London,D,Higher: Oxbridge,http://www.oxforddnb.com/view/article/21789,CLENNOX,Charles,Lennox,M,N,N,"Duke of Richmond, politician, sportsman",http://www.oxforddnb.com/view/article/16450,Close Friend,close friends,A,1732,N,N,N,,,157,"The Correspondence of the Dukes of Richmond and Newcastle 1724-1750. Ed. by Timothy J. McCann. [Sussex Record Society Volume 73.] Lewes: Sussex Record Society, 1984.",,1720,1739,HPELHAM,DUKES_001,1732
DUKES_002,z Dukes,1720-1739,TPELHAM,Thomas,Pelham-Holles,M,Nobility,N,"Duke of Newcastle, statesman",40.0,1693.0,40-49,Other,N,Higher: Oxbridge,http://www.oxforddnb.com/view/article/21801,CLENNOX,Charles,Lennox,M,N,N,"Duke of Richmond, politician, sportsman",http://www.oxforddnb.com/view/article/16450,Close Friend,close friends,A,1733,N,N,N,,,197,"The Correspondence of the Dukes of Richmond and Newcastle 1724-1750. Ed. by Timothy J. McCann. [Sussex Record Society Volume 73.] Lewes: Sussex Record Society, 1984.",,1720,1739,TPELHAM,DUKES_002,1733
DUKES_003,z Dukes,1720-1739,CLENNOX,Charles,Lennox,M,Nobility,N,"Duke of Richmond, politician, sportsman",32.0,1701.0,30-39,Other,N,,http://www.oxforddnb.com/view/article/16450,TPELHAM,Thomas,Pelham-Holles,M,N,N,"Duke of Newcastle, statesman",http://www.oxforddnb.com/view/article/21801,Close Friend,close friends,A,1733,N,N,N,,,422,"The Correspondence of the Dukes of Richmond and Newcastle 1724-1750. Ed. by Timothy J. McCann. [Sussex Record Society Volume 73.] Lewes: Sussex Record Society, 1984.",,1720,1739,CLENNOX,DUKES_003,1733
DUKES_005,z Dukes,1720-1739,CLENNOX,Charles,Lennox,M,Nobility,N,"Duke of Richmond, politician, sportsman",32.0,1701.0,30-39,Other,N,,http://www.oxforddnb.com/view/article/16450,TPELHAM,Thomas,Pelham-Holles,M,N,N,"Duke of Newcastle, statesman",http://www.oxforddnb.com/view/article/21801,Close Friend,close friends,A,1733,N,N,N,,,430,"The Correspondence of the Dukes of Richmond and Newcastle 1724-1750. Ed. by Timothy J. McCann. [Sussex Record Society Volume 73.] Lewes: Sussex Record Society, 1984.",,1720,1739,CLENNOX,DUKES_005,1733
DUKES_006,z Dukes,1720-1739,TPELHAM,Thomas,Pelham-Holles,M,Nobility,N,"Duke of Newcastle, statesman",40.0,1693.0,40-49,Other,N,Higher: Oxbridge,http://www.oxforddnb.com/view/article/21801,CLENNOX,Charles,Lennox,M,N,N,"Duke of Richmond, politician, sportsman",http://www.oxforddnb.com/view/article/16450,Close Friend,close friends,A,1733,N,N,N,,,376,"The Correspondence of the Dukes of Richmond and Newcastle 1724-1750. Ed. by Timothy J. McCann. [Sussex Record Society Volume 73.] Lewes: Sussex Record Society, 1984.",,1720,1739,TPELHAM,DUKES_006,1733
DUKES_008,z Dukes,1720-1739,CLENNOX,Charles,Lennox,M,Nobility,N,"Duke of Richmond, politician, sportsman",32.0,1701.0,30-39,Other,N,,http://www.oxforddnb.com/view/article/16450,TPELHAM,Thomas,Pelham-Holles,M,N,N,"Duke of Newcastle, statesman",http://www.oxforddnb.com/view/article/21801,Close Friend,close friends,A,1733,N,N,N,,,292,"The Correspondence of the Dukes of Richmond and Newcastle 1724-1750. Ed. by Timothy J. McCann. [Sussex Record Society Volume 73.] Lewes: Sussex Record Society, 1984.",,1720,1739,CLENNOX,DUKES_008,1733
DUKES_009,z Dukes,1720-1739,CLENNOX,Charles,Lennox,M,Nobility,N,"Duke of Richmond, politician, sportsman",32.0,1701.0,30-39,Other,N,,http://www.oxforddnb.com/view/article/16450,TPELHAM,Thomas,Pelham-Holles,M,N,N,"Duke of Newcastle, statesman",http://www.oxforddnb.com/view/article/21801,Close Friend,close friends,A,1733,N,N,N,,,245,"The Correspondence of the Dukes of Richmond and Newcastle 1724-1750. Ed. by Timothy J. McCann. [Sussex Record Society Volume 73.] Lewes: Sussex Record Society, 1984.",,1720,1739,CLENNOX,DUKES_009,1733
DUKES_010,z Dukes,1720-1739,CLENNOX,Charles,Lennox,M,Nobility,N,"Duke of Richmond, politician, sportsman",32.0,1701.0,30-39,Other,N,,http://www.oxforddnb.com/view/article/16450,TPELHAM,Thomas,Pelham-Holles,M,N,N,"Duke of Newcastle, statesman",http://www.oxforddnb.com/view/article/21801,Close Friend,close friends,A,1733,N,N,N,,,220,"The Correspondence of the Dukes of Richmond and Newcastle 1724-1750. Ed. by Timothy J. McCann. [Sussex Record Society Volume 73.] Lewes: Sussex Record Society, 1984.",,1720,1739,CLENNOX,DUKES_010,1733
DUKES_012,z Dukes,1720-1739,CLENNOX,Charles,Lennox,M,Nobility,N,"Duke of Richmond, politician, sportsman",33.0,1701.0,30-39,Other,N,,http://www.oxforddnb.com/view/article/16450,TPELHAM,Thomas,Pelham-Holles,M,N,N,"Duke of Newcastle, statesman",http://www.oxforddnb.com/view/article/21801,Close Friend,close friends,A,1734,N,N,N,,,335,"The Correspondence of the Dukes of Richmond and Newcastle 1724-1750. Ed. by Timothy J. McCann. [Sussex Record Society Volume 73.] Lewes: Sussex Record Society, 1984.",,1720,1739,CLENNOX,DUKES_012,1734
DUKES_013,z Dukes,1720-1739,TPELHAM,Thomas,Pelham-Holles,M,Nobility,N,"Duke of Newcastle, statesman",41.0,1693.0,40-49,Other,N,Higher: Oxbridge,http://www.oxforddnb.com/view/article/21801,CLENNOX,Charles,Lennox,M,N,N,"Duke of Richmond, politician, sportsman",http://www.oxforddnb.com/view/article/16450,Close Friend,close friends,A,1734,N,N,N,,,340,"The Correspondence of the Dukes of Richmond and Newcastle 1724-1750. Ed. by Timothy J. McCann. [Sussex Record Society Volume 73.] Lewes: Sussex Record Society, 1984.",,1720,1739,TPELHAM,DUKES_013,1734
DUKES_014,z Dukes,1720-1739,CLENNOX,Charles,Lennox,M,Nobility,N,"Duke of Richmond, politician, sportsman",33.0,1701.0,30-39,Other,N,,http://www.oxforddnb.com/view/article/16450,TPELHAM,Thomas,Pelham-Holles,M,N,N,"Duke of Newcastle, statesman",http://www.oxforddnb.com/view/article/21801,Close Friend,close friends,A,1734,N,N,N,,,614,"The Correspondence of the Dukes of Richmond and Newcastle 1724-1750. Ed. by Timothy J. McCann. [Sussex Record Society Volume 73.] Lewes: Sussex Record Society, 1984.",,1720,1739,CLENNOX,DUKES_014,1734
DUKES_015,z Dukes,1720-1739,CLENNOX,Charles,Lennox,M,Nobility,N,"Duke of Richmond, politician, sportsman",33.0,1701.0,30-39,Other,N,,http://www.oxforddnb.com/view/article/16450,TPELHAM,Thomas,Pelham-Holles,M,N,N,"Duke of Newcastle, statesman",http://www.oxforddnb.com/view/article/21801,Close Friend,close friends,A,1734,N,N,N,,,366,"The Correspondence of the Dukes of Richmond and Newcastle 1724-1750. Ed. by Timothy J. McCann. [Sussex Record Society Volume 73.] Lewes: Sussex Record Society, 1984.",,1720,1739,CLENNOX,DUKES_015,1734
DUKES_016,z Dukes,1720-1739,TPELHAM,Thomas,Pelham-Holles,M,Nobility,N,"Duke of Newcastle, statesman",42.0,1693.0,40-49,Other,N,Higher: Oxbridge,http://www.oxforddnb.com/view/article/21801,CLENNOX,Charles,Lennox,M,N,N,"Duke of Richmond, politician, sportsman",http://www.oxforddnb.com/view/article/16450,Close Friend,close friends,A,1735,N,N,N,,,246,"The Correspondence of the Dukes of Richmond and Newcastle 1724-1750. Ed. by Timothy J. McCann. [Sussex Record Society Volume 73.] Lewes: Sussex Record Society, 1984.",,1720,1739,TPELHAM,DUKES_016,1735
DUKES_017,z Dukes,1720-1739,TPELHAM,Thomas,Pelham-Holles,M,Nobility,N,"Duke of Newcastle, statesman",42.0,1693.0,40-49,Other,N,Higher: Oxbridge,http://www.oxforddnb.com/view/article/21801,CLENNOX,Charles,Lennox,M,N,N,"Duke of Richmond, politician, sportsman",http://www.oxforddnb.com/view/article/16450,Close Friend,close friends,A,1735,N,N,N,,,364,"The Correspondence of the Dukes of Richmond and Newcastle 1724-1750. Ed. by Timothy J. McCann. [Sussex Record Society Volume 73.] Lewes: Sussex Record Society, 1984.",,1720,1739,TPELHAM,DUKES_017,1735
DUKES_018,z Dukes,1720-1739,TPELHAM,Thomas,Pelham-Holles,M,Nobility,N,"Duke of Newcastle, statesman",42.0,1693.0,40-49,Other,N,Higher: Oxbridge,http://www.oxforddnb.com/view/article/21801,CLENNOX,Charles,Lennox,M,N,N,"Duke of Richmond, politician, sportsman",http://www.oxforddnb.com/view/article/16450,Close Friend,close friends,A,1735,N,N,N,,,357,"The Correspondence of the Dukes of Richmond and Newcastle 1724-1750. Ed. by Timothy J. McCann. [Sussex Record Society Volume 73.] Lewes: Sussex Record Society, 1984.",,1720,1739,TPELHAM,DUKES_018,1735
DUKES_019,z Dukes,1720-1739,TPELHAM,Thomas,Pelham-Holles,M,Nobility,N,"Duke of Newcastle, statesman",43.0,1693.0,40-49,Other,N,Higher: Oxbridge,http://www.oxforddnb.com/view/article/21801,CLENNOX,Charles,Lennox,M,N,N,"Duke of Richmond, politician, sportsman",http://www.oxforddnb.com/view/article/16450,Close Friend,close friends,A,1736,N,N,N,,,243,"The Correspondence of the Dukes of Richmond and Newcastle 1724-1750. Ed. by Timothy J. McCann. [Sussex Record Society Volume 73.] Lewes: Sussex Record Society, 1984.",,1720,1739,TPELHAM,DUKES_019,1736
DUKES_020,z Dukes,1720-1739,TPELHAM,Thomas,Pelham-Holles,M,Nobility,N,"Duke of Newcastle, statesman",44.0,1693.0,40-49,Other,N,Higher: Oxbridge,http://www.oxforddnb.com/view/article/21801,CLENNOX,Charles,Lennox,M,N,N,"Duke of Richmond, politician, sportsman",http://www.oxforddnb.com/view/article/16450,Close Friend,close friends,A,1737,N,N,N,,,346,"The Correspondence of the Dukes of Richmond and Newcastle 1724-1750. Ed. by Timothy J. McCann. [Sussex Record Society Volume 73.] Lewes: Sussex Record Society, 1984.",,1720,1739,TPELHAM,DUKES_020,1737
DUKES_021,z Dukes,1720-1739,CLENNOX,Charles,Lennox,M,Nobility,N,"Duke of Richmond, politician, sportsman",37.0,1701.0,30-39,Other,N,,http://www.oxforddnb.com/view/article/16450,TPELHAM,Thomas,Pelham-Holles,M,N,N,"Duke of Newcastle, statesman",http://www.oxforddnb.com/view/article/21801,Close Friend,close friends,A,1738,N,N,N,,,299,"The Correspondence of the Dukes of Richmond and Newcastle 1724-1750. Ed. by Timothy J. McCann. [Sussex Record Society Volume 73.] Lewes: Sussex Record Society, 1984.",,1720,1739,CLENNOX,DUKES_021,1738
DUKES_022,z Dukes,1720-1739,CLENNOX,Charles,Lennox,M,Nobility,N,"Duke of Richmond, politician, sportsman",37.0,1701.0,30-39,Other,N,,http://www.oxforddnb.com/view/article/16450,TPELHAM,Thomas,Pelham-Holles,M,N,N,"Duke of Newcastle, statesman",http://www.oxforddnb.com/view/article/21801,Close Friend,close friends,A,1738,N,N,N,,,432,"The Correspondence of the Dukes of Richmond and Newcastle 1724-1750. Ed. by Timothy J. McCann. [Sussex Record Society Volume 73.] Lewes: Sussex Record Society, 1984.",,1720,1739,CLENNOX,DUKES_022,1738
DUKES_023,z Dukes,1720-1739,CLENNOX,Charles,Lennox,M,Nobility,N,"Duke of Richmond, politician, sportsman",37.0,1701.0,30-39,Other,N,,http://www.oxforddnb.com/view/article/16450,TPELHAM,Thomas,Pelham-Holles,M,N,N,"Duke of Newcastle, statesman",http://www.oxforddnb.com/view/article/21801,Close Friend,close friends,A,1738,N,N,N,,,647,"The Correspondence of the Dukes of Richmond and Newcastle 1724-1750. Ed. by Timothy J. McCann. [Sussex Record Society Volume 73.] Lewes: Sussex Record Society, 1984.",,1720,1739,CLENNOX,DUKES_023,1738
DUKES_024,z Dukes,1720-1739,CLENNOX,Charles,Lennox,M,Nobility,N,"Duke of Richmond, politician, sportsman",37.0,1701.0,30-39,Other,N,,http://www.oxforddnb.com/view/article/16450,TPELHAM,Thomas,Pelham-Holles,M,N,N,"Duke of Newcastle, statesman",http://www.oxforddnb.com/view/article/21801,Close Friend,close friends,A,1738,N,N,N,,,184,"The Correspondence of the Dukes of Richmond and Newcastle 1724-1750. Ed. by Timothy J. McCann. [Sussex Record Society Volume 73.] Lewes: Sussex Record Society, 1984.",,1720,1739,CLENNOX,DUKES_024,1738
DUKES_025,z Dukes,1720-1739,CLENNOX,Charles,Lennox,M,Nobility,N,"Duke of Richmond, politician, sportsman",37.0,1701.0,30-39,Other,N,,http://www.oxforddnb.com/view/article/16450,TPELHAM,Thomas,Pelham-Holles,M,N,N,"Duke of Newcastle, statesman",http://www.oxforddnb.com/view/article/21801,Close Friend,close friends,A,1738,N,N,N,,,554,"The Correspondence of the Dukes of Richmond and Newcastle 1724-1750. Ed. by Timothy J. McCann. [Sussex Record Society Volume 73.] Lewes: Sussex Record Society, 1984.",,1720,1739,CLENNOX,DUKES_025,1738
DUKES_026,z Dukes,1720-1739,CLENNOX,Charles,Lennox,M,Nobility,N,"Duke of Richmond, politician, sportsman",37.0,1701.0,30-39,Other,N,,http://www.oxforddnb.com/view/article/16450,TPELHAM,Thomas,Pelham-Holles,M,N,N,"Duke of Newcastle, statesman",http://www.oxforddnb.com/view/article/21801,Close Friend,close friends,A,1738,N,N,N,,,487,"The Correspondence of the Dukes of Richmond and Newcastle 1724-1750. Ed. by Timothy J. McCann. [Sussex Record Society Volume 73.] Lewes: Sussex Record Society, 1984.",,1720,1739,CLENNOX,DUKES_026,1738
DUKES_027,z Dukes,1720-1739,CLENNOX,Charles,Lennox,M,Nobility,N,"Duke of Richmond, politician, sportsman",37.0,1701.0,30-39,Other,N,,http://www.oxforddnb.com/view/article/16450,TPELHAM,Thomas,Pelham-Holles,M,N,N,"Duke of Newcastle, statesman",http://www.oxforddnb.com/view/article/21801,Close Friend,close friends,A,1738,N,N,N,,,597,"The Correspondence of the Dukes of Richmond and Newcastle 1724-1750. Ed. by Timothy J. McCann. [Sussex Record Society Volume 73.] Lewes: Sussex Record Society, 1984.",,1720,1739,CLENNOX,DUKES_027,1738
DUKES_028,z Dukes,1720-1739,TPELHAM,Thomas,Pelham-Holles,M,Nobility,N,"Duke of Newcastle, statesman",45.0,1693.0,40-49,Other,N,Higher: Oxbridge,http://www.oxforddnb.com/view/article/21801,CLENNOX,Charles,Lennox,M,N,N,"Duke of Richmond, politician, sportsman",http://www.oxforddnb.com/view/article/16450,Close Friend,close friends,A,1738,N,N,N,,,283,"The Correspondence of the Dukes of Richmond and Newcastle 1724-1750. Ed. by Timothy J. McCann. [Sussex Record Society Volume 73.] Lewes: Sussex Record Society, 1984.",,1720,1739,TPELHAM,DUKES_028,1738
DUKES_029,z Dukes,1720-1739,CLENNOX,Charles,Lennox,M,Nobility,N,"Duke of Richmond, politician, sportsman",37.0,1701.0,30-39,Other,N,,http://www.oxforddnb.com/view/article/16450,TPELHAM,Thomas,Pelham-Holles,M,N,N,"Duke of Newcastle, statesman",http://www.oxforddnb.com/view/article/21801,Close Friend,close friends,A,1738,N,N,N,,,226,"The Correspondence of the Dukes of Richmond and Newcastle 1724-1750. Ed. by Timothy J. McCann. [Sussex Record Society Volume 73.] Lewes: Sussex Record Society, 1984.",,1720,1739,CLENNOX,DUKES_029,1738
DUKES_030,z Dukes,1720-1739,TPELHAM,Thomas,Pelham-Holles,M,Nobility,N,"Duke of Newcastle, statesman",45.0,1693.0,40-49,Other,N,Higher: Oxbridge,http://www.oxforddnb.com/view/article/21801,CLENNOX,Charles,Lennox,M,N,N,"Duke of Richmond, politician, sportsman",http://www.oxforddnb.com/view/article/16450,Close Friend,close friends,A,1738,N,N,N,,,185,"The Correspondence of the Dukes of Richmond and Newcastle 1724-1750. Ed. by Timothy J. McCann. [Sussex Record Society Volume 73.] Lewes: Sussex Record Society, 1984.",,1720,1739,TPELHAM,DUKES_030,1738
DUKES_031,z Dukes,1720-1739,CLENNOX,Charles,Lennox,M,Nobility,N,"Duke of Richmond, politician, sportsman",38.0,1701.0,30-39,Other,N,,http://www.oxforddnb.com/view/article/16450,TPELHAM,Thomas,Pelham-Holles,M,N,N,"Duke of Newcastle, statesman",http://www.oxforddnb.com/view/article/21801,Close Friend,close friends,A,1739,N,N,N,,,166,"The Correspondence of the Dukes of Richmond and Newcastle 1724-1750. Ed. by Timothy J. McCann. [Sussex Record Society Volume 73.] Lewes: Sussex Record Society, 1984.",,1720,1739,CLENNOX,DUKES_031,1739
DUKES_032,z Dukes,1720-1739,TPELHAM,Thomas,Pelham-Holles,M,Nobility,N,"Duke of Newcastle, statesman",46.0,1693.0,40-49,Other,N,Higher: Oxbridge,http://www.oxforddnb.com/view/article/21801,CLENNOX,Charles,Lennox,M,N,N,"Duke of Richmond, politician, sportsman",http://www.oxforddnb.com/view/article/16450,Close Friend,close friends,A,1739,N,N,N,,,350,"The Correspondence of the Dukes of Richmond and Newcastle 1724-1750. Ed. by Timothy J. McCann. [Sussex Record Society Volume 73.] Lewes: Sussex Record Society, 1984.",,1720,1739,TPELHAM,DUKES_032,1739
DUKES_035,z Dukes,1720-1739,TPELHAM,Thomas,Pelham-Holles,M,Nobility,N,"Duke of Newcastle, statesman",46.0,1693.0,40-49,Other,N,Higher: Oxbridge,http://www.oxforddnb.com/view/article/21801,CLENNOX,Charles,Lennox,M,N,N,"Duke of Richmond, politician, sportsman",http://www.oxforddnb.com/view/article/16450,Close Friend,close friends,A,1739,N,N,N,,,323,"The Correspondence of the Dukes of Richmond and Newcastle 1724-1750. Ed. by Timothy J. McCann. [Sussex Record Society Volume 73.] Lewes: Sussex Record Society, 1984.",,1720,1739,TPELHAM,DUKES_035,1739
DUKES_036,z Dukes,1720-1739,HPELHAM,Henry,Pelham,M,Gentry Lower,GL,"MP, statesman (gentry)",45.0,1694.0,40-49,London,D,Higher: Oxbridge,http://www.oxforddnb.com/view/article/21789,CLENNOX,Charles,Lennox,M,N,N,"Duke of Richmond, politician, sportsman",http://www.oxforddnb.com/view/article/16450,Close Friend,close friends,A,1739,N,N,N,,,202,"The Correspondence of the Dukes of Richmond and Newcastle 1724-1750. Ed. by Timothy J. McCann. [Sussex Record Society Volume 73.] Lewes: Sussex Record Society, 1984.",,1720,1739,HPELHAM,DUKES_036,1739
DUKES_038,z Dukes,1720-1739,CLENNOX,Charles,Lennox,M,Nobility,N,"Duke of Richmond, politician, sportsman",38.0,1701.0,30-39,Other,N,,http://www.oxforddnb.com/view/article/16450,TPELHAM,Thomas,Pelham-Holles,M,N,N,"Duke of Newcastle, statesman",http://www.oxforddnb.com/view/article/21801,Close Friend,close friends,A,1739,N,N,N,,,429,"The Correspondence of the Dukes of Richmond and Newcastle 1724-1750. Ed. by Timothy J. McCann. [Sussex Record Society Volume 73.] Lewes: Sussex Record Society, 1984.",,1720,1739,CLENNOX,DUKES_038,1739
DUKES_039,z Dukes,1740-1759,HPELHAM,Henry,Pelham,M,Gentry Lower,GL,"MP, statesman (gentry)",46.0,1694.0,40-49,London,D,Higher: Oxbridge,http://www.oxforddnb.com/view/article/21789,CLENNOX,Charles,Lennox,M,N,N,"Duke of Richmond, politician, sportsman",http://www.oxforddnb.com/view/article/16450,Close Friend,close friends,A,1740,N,N,N,,,558,"The Correspondence of the Dukes of Richmond and Newcastle 1724-1750. Ed. by Timothy J. McCann. [Sussex Record Society Volume 73.] Lewes: Sussex Record Society, 1984.",,1740,1759,HPELHAM,DUKES_039,1740
DUKES_041,z Dukes,1740-1759,CLENNOX,Charles,Lennox,M,Nobility,N,"Duke of Richmond, politician, sportsman",39.0,1701.0,30-39,Other,N,,http://www.oxforddnb.com/view/article/16450,TPELHAM,Thomas,Pelham-Holles,M,N,N,"Duke of Newcastle, statesman",http://www.oxforddnb.com/view/article/21801,Close Friend,close friends,A,1740,N,N,N,,,440,"The Correspondence of the Dukes of Richmond and Newcastle 1724-1750. Ed. by Timothy J. McCann. [Sussex Record Society Volume 73.] Lewes: Sussex Record Society, 1984.",,1740,1759,CLENNOX,DUKES_041,1740
DUKES_042,z Dukes,1740-1759,TPELHAM,Thomas,Pelham-Holles,M,Nobility,N,"Duke of Newcastle, statesman",47.0,1693.0,40-49,Other,N,Higher: Oxbridge,http://www.oxforddnb.com/view/article/21801,CLENNOX,Charles,Lennox,M,N,N,"Duke of Richmond, politician, sportsman",http://www.oxforddnb.com/view/article/16450,Close Friend,close friends,A,1740,N,N,N,,,479,"The Correspondence of the Dukes of Richmond and Newcastle 1724-1750. Ed. by Timothy J. McCann. [Sussex Record Society Volume 73.] Lewes: Sussex Record Society, 1984.",,1740,1759,TPELHAM,DUKES_042,1740
DUKES_043,z Dukes,1740-1759,CLENNOX,Charles,Lennox,M,Nobility,N,"Duke of Richmond, politician, sportsman",39.0,1701.0,30-39,Other,N,,http://www.oxforddnb.com/view/article/16450,TPELHAM,Thomas,Pelham-Holles,M,N,N,"Duke of Newcastle, statesman",http://www.oxforddnb.com/view/article/21801,Close Friend,close friends,A,1740,N,N,N,,,436,"The Correspondence of the Dukes of Richmond and Newcastle 1724-1750. Ed. by Timothy J. McCann. [Sussex Record Society Volume 73.] Lewes: Sussex Record Society, 1984.",,1740,1759,CLENNOX,DUKES_043,1740
DUKES_044,z Dukes,1740-1759,TPELHAM,Thomas,Pelham-Holles,M,Nobility,N,"Duke of Newcastle, statesman",47.0,1693.0,40-49,Other,N,Higher: Oxbridge,http://www.oxforddnb.com/view/article/21801,CLENNOX,Charles,Lennox,M,N,N,"Duke of Richmond, politician, sportsman",http://www.oxforddnb.com/view/article/16450,Close Friend,close friends,A,1740,N,N,N,,,358,"The Correspondence of the Dukes of Richmond and Newcastle 1724-1750. Ed. by Timothy J. McCann. [Sussex Record Society Volume 73.] Lewes: Sussex Record Society, 1984.",,1740,1759,TPELHAM,DUKES_044,1740
DUKES_045,z Dukes,1740-1759,HPELHAM,Henry,Pelham,M,Gentry Lower,GL,"MP, statesman (gentry)",46.0,1694.0,40-49,London,D,Higher: Oxbridge,http://www.oxforddnb.com/view/article/21789,CLENNOX,Charles,Lennox,M,N,N,"Duke of Richmond, politician, sportsman",http://www.oxforddnb.com/view/article/16450,Close Friend,close friends,A,1740,N,N,N,,,618,"The Correspondence of the Dukes of Richmond and Newcastle 1724-1750. Ed. by Timothy J. McCann. [Sussex Record Society Volume 73.] Lewes: Sussex Record Society, 1984.",,1740,1759,HPELHAM,DUKES_045,1740
DUKES_046,z Dukes,1740-1759,TPELHAM,Thomas,Pelham-Holles,M,Nobility,N,"Duke of Newcastle, statesman",47.0,1693.0,40-49,Other,N,Higher: Oxbridge,http://www.oxforddnb.com/view/article/21801,CLENNOX,Charles,Lennox,M,N,N,"Duke of Richmond, politician, sportsman",http://www.oxforddnb.com/view/article/16450,Close Friend,close friends,A,1740,N,N,N,,,277,"The Correspondence of the Dukes of Richmond and Newcastle 1724-1750. Ed. by Timothy J. McCann. [Sussex Record Society Volume 73.] Lewes: Sussex Record Society, 1984.",,1740,1759,TPELHAM,DUKES_046,1740
DUKES_047,z Dukes,1740-1759,CLENNOX,Charles,Lennox,M,Nobility,N,"Duke of Richmond, politician, sportsman",39.0,1701.0,30-39,Other,N,,http://www.oxforddnb.com/view/article/16450,TPELHAM,Thomas,Pelham-Holles,M,N,N,"Duke of Newcastle, statesman",http://www.oxforddnb.com/view/article/21801,Close Friend,close friends,A,1740,N,N,N,,,318,"The Correspondence of the Dukes of Richmond and Newcastle 1724-1750. Ed. by Timothy J. McCann. [Sussex Record Society Volume 73.] Lewes: Sussex Record Society, 1984.",,1740,1759,CLENNOX,DUKES_047,1740
DUKES_048,z Dukes,1740-1759,CLENNOX,Charles,Lennox,M,Nobility,N,"Duke of Richmond, politician, sportsman",40.0,1701.0,40-49,Other,N,,http://www.oxforddnb.com/view/article/16450,TPELHAM,Thomas,Pelham-Holles,M,N,N,"Duke of Newcastle, statesman",http://www.oxforddnb.com/view/article/21801,Close Friend,close friends,A,1741,N,N,N,,,883,"The Correspondence of the Dukes of Richmond and Newcastle 1724-1750. Ed. by Timothy J. McCann. [Sussex Record Society Volume 73.] Lewes: Sussex Record Society, 1984.",,1740,1759,CLENNOX,DUKES_048,1741
DUKES_049,z Dukes,1740-1759,TPELHAM,Thomas,Pelham-Holles,M,Nobility,N,"Duke of Newcastle, statesman",48.0,1693.0,40-49,Other,N,Higher: Oxbridge,http://www.oxforddnb.com/view/article/21801,CLENNOX,Charles,Lennox,M,N,N,"Duke of Richmond, politician, sportsman",http://www.oxforddnb.com/view/article/16450,Close Friend,close friends,A,1741,N,N,N,,,555,"The Correspondence of the Dukes of Richmond and Newcastle 1724-1750. Ed. by Timothy J. McCann. [Sussex Record Society Volume 73.] Lewes: Sussex Record Society, 1984.",,1740,1759,TPELHAM,DUKES_049,1741
DUKES_050,z Dukes,1740-1759,HPELHAM,Henry,Pelham,M,Gentry Lower,GL,"MP, statesman (gentry)",47.0,1694.0,40-49,London,D,Higher: Oxbridge,http://www.oxforddnb.com/view/article/21789,CLENNOX,Charles,Lennox,M,N,N,"Duke of Richmond, politician, sportsman",http://www.oxforddnb.com/view/article/16450,Close Friend,close friends,A,1741,N,N,N,,,301,"The Correspondence of the Dukes of Richmond and Newcastle 1724-1750. Ed. by Timothy J. McCann. [Sussex Record Society Volume 73.] Lewes: Sussex Record Society, 1984.",,1740,1759,HPELHAM,DUKES_050,1741
DUKES_052,z Dukes,1740-1759,CLENNOX,Charles,Lennox,M,Nobility,N,"Duke of Richmond, politician, sportsman",40.0,1701.0,40-49,Other,N,,http://www.oxforddnb.com/view/article/16450,ASTONE,Andrew,Stone,M,GL,GL,politician (gentry lower),http://www.oxforddnb.com/view/article/26565,Other,Stone was Newcastle's secretary and Lennox's political informant,A,1741,N,N,N,,,340,"The Correspondence of the Dukes of Richmond and Newcastle 1724-1750. Ed. by Timothy J. McCann. [Sussex Record Society Volume 73.] Lewes: Sussex Record Society, 1984.",,1740,1759,CLENNOX,DUKES_052,1741
DUKES_053,z Dukes,1740-1759,HPELHAM,Henry,Pelham,M,Gentry Lower,GL,"MP, statesman (gentry)",47.0,1694.0,40-49,London,D,Higher: Oxbridge,http://www.oxforddnb.com/view/article/21789,CLENNOX,Charles,Lennox,M,N,N,"Duke of Richmond, politician, sportsman",http://www.oxforddnb.com/view/article/16450,Close Friend,close friends,A,1741,N,N,N,,,341,"The Correspondence of the Dukes of Richmond and Newcastle 1724-1750. Ed. by Timothy J. McCann. [Sussex Record Society Volume 73.] Lewes: Sussex Record Society, 1984.",,1740,1759,HPELHAM,DUKES_053,1741
DUKES_055,z Dukes,1740-1759,CLENNOX,Charles,Lennox,M,Nobility,N,"Duke of Richmond, politician, sportsman",40.0,1701.0,40-49,Other,N,,http://www.oxforddnb.com/view/article/16450,TPELHAM,Thomas,Pelham-Holles,M,N,N,"Duke of Newcastle, statesman",http://www.oxforddnb.com/view/article/21801,Close Friend,close friends,A,1741,N,N,N,,,332,"The Correspondence of the Dukes of Richmond and Newcastle 1724-1750. Ed. by Timothy J. McCann. [Sussex Record Society Volume 73.] Lewes: Sussex Record Society, 1984.",,1740,1759,CLENNOX,DUKES_055,1741
DUKES_056,z Dukes,1740-1759,TPELHAM,Thomas,Pelham-Holles,M,Nobility,N,"Duke of Newcastle, statesman",48.0,1693.0,40-49,Other,N,Higher: Oxbridge,http://www.oxforddnb.com/view/article/21801,CLENNOX,Charles,Lennox,M,N,N,"Duke of Richmond, politician, sportsman",http://www.oxforddnb.com/view/article/16450,Close Friend,close friends,A,1741,N,N,N,,,354,"The Correspondence of the Dukes of Richmond and Newcastle 1724-1750. Ed. by Timothy J. McCann. [Sussex Record Society Volume 73.] Lewes: Sussex Record Society, 1984.",,1740,1759,TPELHAM,DUKES_056,1741
DUKES_057,z Dukes,1740-1759,TPELHAM,Thomas,Pelham-Holles,M,Nobility,N,"Duke of Newcastle, statesman",49.0,1693.0,40-49,Other,N,Higher: Oxbridge,http://www.oxforddnb.com/view/article/21801,CLENNOX,Charles,Lennox,M,N,N,"Duke of Richmond, politician, sportsman",http://www.oxforddnb.com/view/article/16450,Close Friend,close friends,A,1742,N,N,N,,,587,"The Correspondence of the Dukes of Richmond and Newcastle 1724-1750. Ed. by Timothy J. McCann. [Sussex Record Society Volume 73.] Lewes: Sussex Record Society, 1984.",,1740,1759,TPELHAM,DUKES_057,1742
DUKES_059,z Dukes,1740-1759,CLENNOX,Charles,Lennox,M,Nobility,N,"Duke of Richmond, politician, sportsman",41.0,1701.0,40-49,Other,N,,http://www.oxforddnb.com/view/article/16450,TPELHAM,Thomas,Pelham-Holles,M,N,N,"Duke of Newcastle, statesman",http://www.oxforddnb.com/view/article/21801,Close Friend,close friends,A,1742,N,N,N,,,554,"The Correspondence of the Dukes of Richmond and Newcastle 1724-1750. Ed. by Timothy J. McCann. [Sussex Record Society Volume 73.] Lewes: Sussex Record Society, 1984.",,1740,1759,CLENNOX,DUKES_059,1742
DUKES_060,z Dukes,1740-1759,TPELHAM,Thomas,Pelham-Holles,M,Nobility,N,"Duke of Newcastle, statesman",49.0,1693.0,40-49,Other,N,Higher: Oxbridge,http://www.oxforddnb.com/view/article/21801,CLENNOX,Charles,Lennox,M,N,N,"Duke of Richmond, politician, sportsman",http://www.oxforddnb.com/view/article/16450,Close Friend,close friends,A,1742,N,N,N,,,616,"The Correspondence of the Dukes of Richmond and Newcastle 1724-1750. Ed. by Timothy J. McCann. [Sussex Record Society Volume 73.] Lewes: Sussex Record Society, 1984.",,1740,1759,TPELHAM,DUKES_060,1742
DUKES_062,z Dukes,1740-1759,TPELHAM,Thomas,Pelham-Holles,M,Nobility,N,"Duke of Newcastle, statesman",50.0,1693.0,50-59,Other,N,Higher: Oxbridge,http://www.oxforddnb.com/view/article/21801,CLENNOX,Charles,Lennox,M,N,N,"Duke of Richmond, politician, sportsman",http://www.oxforddnb.com/view/article/16450,Close Friend,close friends,A,1743,N,N,N,,,558,"The Correspondence of the Dukes of Richmond and Newcastle 1724-1750. Ed. by Timothy J. McCann. [Sussex Record Society Volume 73.] Lewes: Sussex Record Society, 1984.",,1740,1759,TPELHAM,DUKES_062,1743
DUKES_063,z Dukes,1740-1759,CLENNOX,Charles,Lennox,M,Nobility,N,"Duke of Richmond, politician, sportsman",42.0,1701.0,40-49,Other,N,,http://www.oxforddnb.com/view/article/16450,TPELHAM,Thomas,Pelham-Holles,M,N,N,"Duke of Newcastle, statesman",http://www.oxforddnb.com/view/article/21801,Close Friend,close friends,A,1743,N,N,N,,,1014,"The Correspondence of the Dukes of Richmond and Newcastle 1724-1750. Ed. by Timothy J. McCann. [Sussex Record Society Volume 73.] Lewes: Sussex Record Society, 1984.",,1740,1759,CLENNOX,DUKES_063,1743
DUKES_064,z Dukes,1740-1759,TPELHAM,Thomas,Pelham-Holles,M,Nobility,N,"Duke of Newcastle, statesman",50.0,1693.0,50-59,Other,N,Higher: Oxbridge,http://www.oxforddnb.com/view/article/21801,CLENNOX,Charles,Lennox,M,N,N,"Duke of Richmond, politician, sportsman",http://www.oxforddnb.com/view/article/16450,Close Friend,close friends,A,1743,N,N,N,,,303,"The Correspondence of the Dukes of Richmond and Newcastle 1724-1750. Ed. by Timothy J. McCann. [Sussex Record Society Volume 73.] Lewes: Sussex Record Society, 1984.",,1740,1759,TPELHAM,DUKES_064,1743
DUKES_065,z Dukes,1740-1759,TPELHAM,Thomas,Pelham-Holles,M,Nobility,N,"Duke of Newcastle, statesman",50.0,1693.0,50-59,Other,N,Higher: Oxbridge,http://www.oxforddnb.com/view/article/21801,CLENNOX,Charles,Lennox,M,N,N,"Duke of Richmond, politician, sportsman",http://www.oxforddnb.com/view/article/16450,Close Friend,close friends,A,1743,N,N,N,,,1003,"The Correspondence of the Dukes of Richmond and Newcastle 1724-1750. Ed. by Timothy J. McCann. [Sussex Record Society Volume 73.] Lewes: Sussex Record Society, 1984.",,1740,1759,TPELHAM,DUKES_065,1743
DUKES_066,z Dukes,1740-1759,CLENNOX,Charles,Lennox,M,Nobility,N,"Duke of Richmond, politician, sportsman",42.0,1701.0,40-49,Other,N,,http://www.oxforddnb.com/view/article/16450,TPELHAM,Thomas,Pelham-Holles,M,N,N,"Duke of Newcastle, statesman",http://www.oxforddnb.com/view/article/21801,Close Friend,close friends,A,1743,N,N,N,,,1222,"The Correspondence of the Dukes of Richmond and Newcastle 1724-1750. Ed. by Timothy J. McCann. [Sussex Record Society Volume 73.] Lewes: Sussex Record Society, 1984.",,1740,1759,CLENNOX,DUKES_066,1743
DUKES_067,z Dukes,1740-1759,CLENNOX,Charles,Lennox,M,Nobility,N,"Duke of Richmond, politician, sportsman",42.0,1701.0,40-49,Other,N,,http://www.oxforddnb.com/view/article/16450,TPELHAM,Thomas,Pelham-Holles,M,N,N,"Duke of Newcastle, statesman",http://www.oxforddnb.com/view/article/21801,Close Friend,close friends,A,1743,N,N,N,,,429,"The Correspondence of the Dukes of Richmond and Newcastle 1724-1750. Ed. by Timothy J. McCann. [Sussex Record Society Volume 73.] Lewes: Sussex Record Society, 1984.",,1740,1759,CLENNOX,DUKES_067,1743
DUKES_068,z Dukes,1740-1759,TPELHAM,Thomas,Pelham-Holles,M,Nobility,N,"Duke of Newcastle, statesman",50.0,1693.0,50-59,Other,N,Higher: Oxbridge,http://www.oxforddnb.com/view/article/21801,CLENNOX,Charles,Lennox,M,N,N,"Duke of Richmond, politician, sportsman",http://www.oxforddnb.com/view/article/16450,Close Friend,close friends,A,1743,N,N,N,,,436,"The Correspondence of the Dukes of Richmond and Newcastle 1724-1750. Ed. by Timothy J. McCann. [Sussex Record Society Volume 73.] Lewes: Sussex Record Society, 1984.",,1740,1759,TPELHAM,DUKES_068,1743
DUKES_069,z Dukes,1740-1759,HPELHAM,Henry,Pelham,M,Gentry Lower,GL,"MP, statesman (gentry)",50.0,1694.0,50-59,London,D,Higher: Oxbridge,http://www.oxforddnb.com/view/article/21789,CLENNOX,Charles,Lennox,M,N,N,"Duke of Richmond, politician, sportsman",http://www.oxforddnb.com/view/article/16450,Close Friend,close friends,A,1744,N,N,N,,,350,"The Correspondence of the Dukes of Richmond and Newcastle 1724-1750. Ed. by Timothy J. McCann. [Sussex Record Society Volume 73.] Lewes: Sussex Record Society, 1984.",,1740,1759,HPELHAM,DUKES_069,1744
DUKES_070,z Dukes,1740-1759,TPELHAM,Thomas,Pelham-Holles,M,Nobility,N,"Duke of Newcastle, statesman",51.0,1693.0,50-59,Other,N,Higher: Oxbridge,http://www.oxforddnb.com/view/article/21801,CLENNOX,Charles,Lennox,M,N,N,"Duke of Richmond, politician, sportsman",http://www.oxforddnb.com/view/article/16450,Close Friend,close friends,A,1744,N,N,N,,,613,"The Correspondence of the Dukes of Richmond and Newcastle 1724-1750. Ed. by Timothy J. McCann. [Sussex Record Society Volume 73.] Lewes: Sussex Record Society, 1984.",,1740,1759,TPELHAM,DUKES_070,1744
DUKES_072,z Dukes,1740-1759,CLENNOX,Charles,Lennox,M,Nobility,N,"Duke of Richmond, politician, sportsman",43.0,1701.0,40-49,Other,N,,http://www.oxforddnb.com/view/article/16450,HPELHAM,Henry,Pelham,M,GL,GL,"MP, statesman (gentry)",http://www.oxforddnb.com/view/article/21789,Close Friend,close friends,A,1744,N,N,N,,,214,"The Correspondence of the Dukes of Richmond and Newcastle 1724-1750. Ed. by Timothy J. McCann. [Sussex Record Society Volume 73.] Lewes: Sussex Record Society, 1984.",,1740,1759,CLENNOX,DUKES_072,1744
DUKES_073,z Dukes,1740-1759,CLENNOX,Charles,Lennox,M,Nobility,N,"Duke of Richmond, politician, sportsman",43.0,1701.0,40-49,Other,N,,http://www.oxforddnb.com/view/article/16450,TPELHAM,Thomas,Pelham-Holles,M,N,N,"Duke of Newcastle, statesman",http://www.oxforddnb.com/view/article/21801,Close Friend,close friends,A,1744,N,N,N,,,327,"The Correspondence of the Dukes of Richmond and Newcastle 1724-1750. Ed. by Timothy J. McCann. [Sussex Record Society Volume 73.] Lewes: Sussex Record Society, 1984.",,1740,1759,CLENNOX,DUKES_073,1744
DUKES_075,z Dukes,1740-1759,TPELHAM,Thomas,Pelham-Holles,M,Nobility,N,"Duke of Newcastle, statesman",51.0,1693.0,50-59,Other,N,Higher: Oxbridge,http://www.oxforddnb.com/view/article/21801,CLENNOX,Charles,Lennox,M,N,N,"Duke of Richmond, politician, sportsman",http://www.oxforddnb.com/view/article/16450,Close Friend,close friends,A,1744,N,N,N,,,412,"The Correspondence of the Dukes of Richmond and Newcastle 1724-1750. Ed. by Timothy J. McCann. [Sussex Record Society Volume 73.] Lewes: Sussex Record Society, 1984.",,1740,1759,TPELHAM,DUKES_075,1744
DUKES_077,z Dukes,1740-1759,TPELHAM,Thomas,Pelham-Holles,M,Nobility,N,"Duke of Newcastle, statesman",51.0,1693.0,50-59,Other,N,Higher: Oxbridge,http://www.oxforddnb.com/view/article/21801,CLENNOX,Charles,Lennox,M,N,N,"Duke of Richmond, politician, sportsman",http://www.oxforddnb.com/view/article/16450,Close Friend,close friends,A,1744,N,N,N,,,675,"The Correspondence of the Dukes of Richmond and Newcastle 1724-1750. Ed. by Timothy J. McCann. [Sussex Record Society Volume 73.] Lewes: Sussex Record Society, 1984.",,1740,1759,TPELHAM,DUKES_077,1744
DUKES_078,z Dukes,1740-1759,HPELHAM,Henry,Pelham,M,Gentry Lower,GL,"MP, statesman (gentry)",50.0,1694.0,50-59,London,D,Higher: Oxbridge,http://www.oxforddnb.com/view/article/21789,CLENNOX,Charles,Lennox,M,N,N,"Duke of Richmond, politician, sportsman",http://www.oxforddnb.com/view/article/16450,Close Friend,close friends,A,1744,N,N,N,,,166,"The Correspondence of the Dukes of Richmond and Newcastle 1724-1750. Ed. by Timothy J. McCann. [Sussex Record Society Volume 73.] Lewes: Sussex Record Society, 1984.",,1740,1759,HPELHAM,DUKES_078,1744
DUKES_079,z Dukes,1740-1759,CLENNOX,Charles,Lennox,M,Nobility,N,"Duke of Richmond, politician, sportsman",44.0,1701.0,40-49,Other,N,,http://www.oxforddnb.com/view/article/16450,TPELHAM,Thomas,Pelham-Holles,M,N,N,"Duke of Newcastle, statesman",http://www.oxforddnb.com/view/article/21801,Close Friend,close friends,A,1745,N,N,N,,,493,"The Correspondence of the Dukes of Richmond and Newcastle 1724-1750. Ed. by Timothy J. McCann. [Sussex Record Society Volume 73.] Lewes: Sussex Record Society, 1984.",,1740,1759,CLENNOX,DUKES_079,1745
DUKES_080,z Dukes,1740-1759,TPELHAM,Thomas,Pelham-Holles,M,Nobility,N,"Duke of Newcastle, statesman",52.0,1693.0,50-59,Other,N,Higher: Oxbridge,http://www.oxforddnb.com/view/article/21801,CLENNOX,Charles,Lennox,M,N,N,"Duke of Richmond, politician, sportsman",http://www.oxforddnb.com/view/article/16450,Close Friend,close friends,A,1745,N,N,N,,,533,"The Correspondence of the Dukes of Richmond and Newcastle 1724-1750. Ed. by Timothy J. McCann. [Sussex Record Society Volume 73.] Lewes: Sussex Record Society, 1984.",,1740,1759,TPELHAM,DUKES_080,1745
DUKES_081,z Dukes,1740-1759,TPELHAM,Thomas,Pelham-Holles,M,Nobility,N,"Duke of Newcastle, statesman",52.0,1693.0,50-59,Other,N,Higher: Oxbridge,http://www.oxforddnb.com/view/article/21801,CLENNOX,Charles,Lennox,M,N,N,"Duke of Richmond, politician, sportsman",http://www.oxforddnb.com/view/article/16450,Close Friend,close friends,A,1745,N,N,N,,,520,"The Correspondence of the Dukes of Richmond and Newcastle 1724-1750. Ed. by Timothy J. McCann. [Sussex Record Society Volume 73.] Lewes: Sussex Record Society, 1984.",,1740,1759,TPELHAM,DUKES_081,1745
DUKES_083,z Dukes,1740-1759,CLENNOX,Charles,Lennox,M,Nobility,N,"Duke of Richmond, politician, sportsman",44.0,1701.0,40-49,Other,N,,http://www.oxforddnb.com/view/article/16450,TPELHAM,Thomas,Pelham-Holles,M,N,N,"Duke of Newcastle, statesman",http://www.oxforddnb.com/view/article/21801,Close Friend,close friends,A,1745,N,N,N,,,334,"The Correspondence of the Dukes of Richmond and Newcastle 1724-1750. Ed. by Timothy J. McCann. [Sussex Record Society Volume 73.] Lewes: Sussex Record Society, 1984.",,1740,1759,CLENNOX,DUKES_083,1745
DUKES_084,z Dukes,1740-1759,TPELHAM,Thomas,Pelham-Holles,M,Nobility,N,"Duke of Newcastle, statesman",52.0,1693.0,50-59,Other,N,Higher: Oxbridge,http://www.oxforddnb.com/view/article/21801,CLENNOX,Charles,Lennox,M,N,N,"Duke of Richmond, politician, sportsman",http://www.oxforddnb.com/view/article/16450,Close Friend,close friends,A,1745,N,N,N,,,210,"The Correspondence of the Dukes of Richmond and Newcastle 1724-1750. Ed. by Timothy J. McCann. [Sussex Record Society Volume 73.] Lewes: Sussex Record Society, 1984.",,1740,1759,TPELHAM,DUKES_084,1745
DUKES_085,z Dukes,1740-1759,CLENNOX,Charles,Lennox,M,Nobility,N,"Duke of Richmond, politician, sportsman",44.0,1701.0,40-49,Other,N,,http://www.oxforddnb.com/view/article/16450,TPELHAM,Thomas,Pelham-Holles,M,N,N,"Duke of Newcastle, statesman",http://www.oxforddnb.com/view/article/21801,Close Friend,close friends,A,1745,N,N,N,,,490,"The Correspondence of the Dukes of Richmond and Newcastle 1724-1750. Ed. by Timothy J. McCann. [Sussex Record Society Volume 73.] Lewes: Sussex Record Society, 1984.",,1740,1759,CLENNOX,DUKES_085,1745
DUKES_086,z Dukes,1740-1759,CLENNOX,Charles,Lennox,M,Nobility,N,"Duke of Richmond, politician, sportsman",44.0,1701.0,40-49,Other,N,,http://www.oxforddnb.com/view/article/16450,TPELHAM,Thomas,Pelham-Holles,M,N,N,"Duke of Newcastle, statesman",http://www.oxforddnb.com/view/article/21801,Close Friend,close friends,A,1745,N,N,N,,,317,"The Correspondence of the Dukes of Richmond and Newcastle 1724-1750. Ed. by Timothy J. McCann. [Sussex Record Society Volume 73.] Lewes: Sussex Record Society, 1984.",,1740,1759,CLENNOX,DUKES_086,1745
DUKES_089,z Dukes,1740-1759,CLENNOX,Charles,Lennox,M,Nobility,N,"Duke of Richmond, politician, sportsman",45.0,1701.0,40-49,Other,N,,http://www.oxforddnb.com/view/article/16450,ASTONE,Andrew,Stone,M,GL,GL,politician (gentry lower),http://www.oxforddnb.com/view/article/26565,Other,Stone was Newcastle's secretary and Lennox's political informant,A,1746,N,N,N,,,361,"The Correspondence of the Dukes of Richmond and Newcastle 1724-1750. Ed. by Timothy J. McCann. [Sussex Record Society Volume 73.] Lewes: Sussex Record Society, 1984.",,1740,1759,CLENNOX,DUKES_089,1746
DUKES_091,z Dukes,1740-1759,CLENNOX,Charles,Lennox,M,Nobility,N,"Duke of Richmond, politician, sportsman",45.0,1701.0,40-49,Other,N,,http://www.oxforddnb.com/view/article/16450,TPELHAM,Thomas,Pelham-Holles,M,N,N,"Duke of Newcastle, statesman",http://www.oxforddnb.com/view/article/21801,Close Friend,close friends,A,1746,N,N,N,,,413,"The Correspondence of the Dukes of Richmond and Newcastle 1724-1750. Ed. by Timothy J. McCann. [Sussex Record Society Volume 73.] Lewes: Sussex Record Society, 1984.",,1740,1759,CLENNOX,DUKES_091,1746
DUKES_092,z Dukes,1740-1759,TPELHAM,Thomas,Pelham-Holles,M,Nobility,N,"Duke of Newcastle, statesman",53.0,1693.0,50-59,Other,N,Higher: Oxbridge,http://www.oxforddnb.com/view/article/21801,CLENNOX,Charles,Lennox,M,N,N,"Duke of Richmond, politician, sportsman",http://www.oxforddnb.com/view/article/16450,Close Friend,close friends,A,1746,N,N,N,,,653,"The Correspondence of the Dukes of Richmond and Newcastle 1724-1750. Ed. by Timothy J. McCann. [Sussex Record Society Volume 73.] Lewes: Sussex Record Society, 1984.",,1740,1759,TPELHAM,DUKES_092,1746
DUKES_093,z Dukes,1740-1759,HPELHAM,Henry,Pelham,M,Gentry Lower,GL,"MP, statesman (gentry)",52.0,1694.0,50-59,London,D,Higher: Oxbridge,http://www.oxforddnb.com/view/article/21789,CLENNOX,Charles,Lennox,M,N,N,"Duke of Richmond, politician, sportsman",http://www.oxforddnb.com/view/article/16450,Close Friend,close friends,A,1746,N,N,N,,,373,"The Correspondence of the Dukes of Richmond and Newcastle 1724-1750. Ed. by Timothy J. McCann. [Sussex Record Society Volume 73.] Lewes: Sussex Record Society, 1984.",,1740,1759,HPELHAM,DUKES_093,1746
DUKES_094,z Dukes,1740-1759,CLENNOX,Charles,Lennox,M,Nobility,N,"Duke of Richmond, politician, sportsman",45.0,1701.0,40-49,Other,N,,http://www.oxforddnb.com/view/article/16450,TPELHAM,Thomas,Pelham-Holles,M,N,N,"Duke of Newcastle, statesman",http://www.oxforddnb.com/view/article/21801,Close Friend,close friends,A,1746,N,N,N,,,674,"The Correspondence of the Dukes of Richmond and Newcastle 1724-1750. Ed. by Timothy J. McCann. [Sussex Record Society Volume 73.] Lewes: Sussex Record Society, 1984.",,1740,1759,CLENNOX,DUKES_094,1746
DUKES_095,z Dukes,1740-1759,TPELHAM,Thomas,Pelham-Holles,M,Nobility,N,"Duke of Newcastle, statesman",53.0,1693.0,50-59,Other,N,Higher: Oxbridge,http://www.oxforddnb.com/view/article/21801,CLENNOX,Charles,Lennox,M,N,N,"Duke of Richmond, politician, sportsman",http://www.oxforddnb.com/view/article/16450,Close Friend,close friends,A,1746,N,N,N,,,572,"The Correspondence of the Dukes of Richmond and Newcastle 1724-1750. Ed. by Timothy J. McCann. [Sussex Record Society Volume 73.] Lewes: Sussex Record Society, 1984.",,1740,1759,TPELHAM,DUKES_095,1746
DUKES_096,z Dukes,1740-1759,TPELHAM,Thomas,Pelham-Holles,M,Nobility,N,"Duke of Newcastle, statesman",54.0,1693.0,50-59,Other,N,Higher: Oxbridge,http://www.oxforddnb.com/view/article/21801,CLENNOX,Charles,Lennox,M,N,N,"Duke of Richmond, politician, sportsman",http://www.oxforddnb.com/view/article/16450,Close Friend,close friends,A,1747,N,N,N,,,528,"The Correspondence of the Dukes of Richmond and Newcastle 1724-1750. Ed. by Timothy J. McCann. [Sussex Record Society Volume 73.] Lewes: Sussex Record Society, 1984.",,1740,1759,TPELHAM,DUKES_096,1747
DUKES_097,z Dukes,1740-1759,CLENNOX,Charles,Lennox,M,Nobility,N,"Duke of Richmond, politician, sportsman",46.0,1701.0,40-49,Other,N,,http://www.oxforddnb.com/view/article/16450,TPELHAM,Thomas,Pelham-Holles,M,N,N,"Duke of Newcastle, statesman",http://www.oxforddnb.com/view/article/21801,Close Friend,close friends,A,1747,N,N,N,,,586,"The Correspondence of the Dukes of Richmond and Newcastle 1724-1750. Ed. by Timothy J. McCann. [Sussex Record Society Volume 73.] Lewes: Sussex Record Society, 1984.",,1740,1759,CLENNOX,DUKES_097,1747
DUKES_099,z Dukes,1740-1759,HPELHAM,Henry,Pelham,M,Gentry Lower,GL,"MP, statesman (gentry)",53.0,1694.0,50-59,London,D,Higher: Oxbridge,http://www.oxforddnb.com/view/article/21789,CLENNOX,Charles,Lennox,M,N,N,"Duke of Richmond, politician, sportsman",http://www.oxforddnb.com/view/article/16450,Close Friend,close friends,A,1747,N,N,N,,,323,"The Correspondence of the Dukes of Richmond and Newcastle 1724-1750. Ed. by Timothy J. McCann. [Sussex Record Society Volume 73.] Lewes: Sussex Record Society, 1984.",,1740,1759,HPELHAM,DUKES_099,1747
DUKES_100,z Dukes,1740-1759,HPELHAM,Henry,Pelham,M,Gentry Lower,GL,"MP, statesman (gentry)",53.0,1694.0,50-59,London,D,Higher: Oxbridge,http://www.oxforddnb.com/view/article/21789,CLENNOX,Charles,Lennox,M,N,N,"Duke of Richmond, politician, sportsman",http://www.oxforddnb.com/view/article/16450,Close Friend,close friends,A,1747,N,N,N,,,233,"The Correspondence of the Dukes of Richmond and Newcastle 1724-1750. Ed. by Timothy J. McCann. [Sussex Record Society Volume 73.] Lewes: Sussex Record Society, 1984.",,1740,1759,HPELHAM,DUKES_100,1747
DUKES_101,z Dukes,1740-1759,TPELHAM,Thomas,Pelham-Holles,M,Nobility,N,"Duke of Newcastle, statesman",54.0,1693.0,50-59,Other,N,Higher: Oxbridge,http://www.oxforddnb.com/view/article/21801,CLENNOX,Charles,Lennox,M,N,N,"Duke of Richmond, politician, sportsman",http://www.oxforddnb.com/view/article/16450,Close Friend,close friends,A,1747,N,N,N,,,305,"The Correspondence of the Dukes of Richmond and Newcastle 1724-1750. Ed. by Timothy J. McCann. [Sussex Record Society Volume 73.] Lewes: Sussex Record Society, 1984.",,1740,1759,TPELHAM,DUKES_101,1747
DUKES_102,z Dukes,1740-1759,CLENNOX,Charles,Lennox,M,Nobility,N,"Duke of Richmond, politician, sportsman",46.0,1701.0,40-49,Other,N,,http://www.oxforddnb.com/view/article/16450,TPELHAM,Thomas,Pelham-Holles,M,N,N,"Duke of Newcastle, statesman",http://www.oxforddnb.com/view/article/21801,Close Friend,close friends,A,1747,N,N,N,,,585,"The Correspondence of the Dukes of Richmond and Newcastle 1724-1750. Ed. by Timothy J. McCann. [Sussex Record Society Volume 73.] Lewes: Sussex Record Society, 1984.",,1740,1759,CLENNOX,DUKES_102,1747
DUKES_104,z Dukes,1740-1759,CLENNOX,Charles,Lennox,M,Nobility,N,"Duke of Richmond, politician, sportsman",46.0,1701.0,40-49,Other,N,,http://www.oxforddnb.com/view/article/16450,TPELHAM,Thomas,Pelham-Holles,M,N,N,"Duke of Newcastle, statesman",http://www.oxforddnb.com/view/article/21801,Close Friend,close friends,A,1747,N,N,N,,,355,"The Correspondence of the Dukes of Richmond and Newcastle 1724-1750. Ed. by Timothy J. McCann. [Sussex Record Society Volume 73.] Lewes: Sussex Record Society, 1984.",,1740,1759,CLENNOX,DUKES_104,1747
DUKES_105,z Dukes,1740-1759,TPELHAM,Thomas,Pelham-Holles,M,Nobility,N,"Duke of Newcastle, statesman",54.0,1693.0,50-59,Other,N,Higher: Oxbridge,http://www.oxforddnb.com/view/article/21801,CLENNOX,Charles,Lennox,M,N,N,"Duke of Richmond, politician, sportsman",http://www.oxforddnb.com/view/article/16450,Close Friend,close friends,A,1747,N,N,N,,,297,"The Correspondence of the Dukes of Richmond and Newcastle 1724-1750. Ed. by Timothy J. McCann. [Sussex Record Society Volume 73.] Lewes: Sussex Record Society, 1984.",,1740,1759,TPELHAM,DUKES_105,1747
DUKES_106,z Dukes,1740-1759,CLENNOX,Charles,Lennox,M,Nobility,N,"Duke of Richmond, politician, sportsman",47.0,1701.0,40-49,Other,N,,http://www.oxforddnb.com/view/article/16450,TPELHAM,Thomas,Pelham-Holles,M,N,N,"Duke of Newcastle, statesman",http://www.oxforddnb.com/view/article/21801,Close Friend,close friends,A,1748,N,N,N,,,430,"The Correspondence of the Dukes of Richmond and Newcastle 1724-1750. Ed. by Timothy J. McCann. [Sussex Record Society Volume 73.] Lewes: Sussex Record Society, 1984.",,1740,1759,CLENNOX,DUKES_106,1748
DUKES_107,z Dukes,1740-1759,TPELHAM,Thomas,Pelham-Holles,M,Nobility,N,"Duke of Newcastle, statesman",55.0,1693.0,50-59,Other,N,Higher: Oxbridge,http://www.oxforddnb.com/view/article/21801,CLENNOX,Charles,Lennox,M,N,N,"Duke of Richmond, politician, sportsman",http://www.oxforddnb.com/view/article/16450,Close Friend,close friends,A,1748,N,N,N,,,299,"The Correspondence of the Dukes of Richmond and Newcastle 1724-1750. Ed. by Timothy J. McCann. [Sussex Record Society Volume 73.] Lewes: Sussex Record Society, 1984.",,1740,1759,TPELHAM,DUKES_107,1748
DUKES_109,z Dukes,1740-1759,CLENNOX,Charles,Lennox,M,Nobility,N,"Duke of Richmond, politician, sportsman",47.0,1701.0,40-49,Other,N,,http://www.oxforddnb.com/view/article/16450,TPELHAM,Thomas,Pelham-Holles,M,N,N,"Duke of Newcastle, statesman",http://www.oxforddnb.com/view/article/21801,Close Friend,close friends,A,1748,N,N,N,,,487,"The Correspondence of the Dukes of Richmond and Newcastle 1724-1750. Ed. by Timothy J. McCann. [Sussex Record Society Volume 73.] Lewes: Sussex Record Society, 1984.",,1740,1759,CLENNOX,DUKES_109,1748
DUKES_110,z Dukes,1740-1759,TPELHAM,Thomas,Pelham-Holles,M,Nobility,N,"Duke of Newcastle, statesman",55.0,1693.0,50-59,Other,N,Higher: Oxbridge,http://www.oxforddnb.com/view/article/21801,CLENNOX,Charles,Lennox,M,N,N,"Duke of Richmond, politician, sportsman",http://www.oxforddnb.com/view/article/16450,Close Friend,close friends,A,1748,N,N,N,,,325,"The Correspondence of the Dukes of Richmond and Newcastle 1724-1750. Ed. by Timothy J. McCann. [Sussex Record Society Volume 73.] Lewes: Sussex Record Society, 1984.",,1740,1759,TPELHAM,DUKES_110,1748
DUKES_111,z Dukes,1740-1759,CLENNOX,Charles,Lennox,M,Nobility,N,"Duke of Richmond, politician, sportsman",47.0,1701.0,40-49,Other,N,,http://www.oxforddnb.com/view/article/16450,TPELHAM,Thomas,Pelham-Holles,M,N,N,"Duke of Newcastle, statesman",http://www.oxforddnb.com/view/article/21801,Close Friend,close friends,A,1748,N,N,N,,,761,"The Correspondence of the Dukes of Richmond and Newcastle 1724-1750. Ed. by Timothy J. McCann. [Sussex Record Society Volume 73.] Lewes: Sussex Record Society, 1984.",,1740,1759,CLENNOX,DUKES_111,1748
DUKES_112,z Dukes,1740-1759,HPELHAM,Henry,Pelham,M,Gentry Lower,GL,"MP, statesman (gentry)",54.0,1694.0,50-59,London,D,Higher: Oxbridge,http://www.oxforddnb.com/view/article/21789,CLENNOX,Charles,Lennox,M,N,N,"Duke of Richmond, politician, sportsman",http://www.oxforddnb.com/view/article/16450,Close Friend,close friends,A,1748,N,N,N,,,371,"The Correspondence of the Dukes of Richmond and Newcastle 1724-1750. Ed. by Timothy J. McCann. [Sussex Record Society Volume 73.] Lewes: Sussex Record Society, 1984.",,1740,1759,HPELHAM,DUKES_112,1748
DUKES_113,z Dukes,1740-1759,HPELHAM,Henry,Pelham,M,Gentry Lower,GL,"MP, statesman (gentry)",55.0,1694.0,50-59,London,D,Higher: Oxbridge,http://www.oxforddnb.com/view/article/21789,CLENNOX,Charles,Lennox,M,N,N,"Duke of Richmond, politician, sportsman",http://www.oxforddnb.com/view/article/16450,Close Friend,close friends,A,1749,N,N,N,,,362,"The Correspondence of the Dukes of Richmond and Newcastle 1724-1750. Ed. by Timothy J. McCann. [Sussex Record Society Volume 73.] Lewes: Sussex Record Society, 1984.",,1740,1759,HPELHAM,DUKES_113,1749
DUKES_114,z Dukes,1740-1759,CLENNOX,Charles,Lennox,M,Nobility,N,"Duke of Richmond, politician, sportsman",48.0,1701.0,40-49,Other,N,,http://www.oxforddnb.com/view/article/16450,TPELHAM,Thomas,Pelham-Holles,M,N,N,"Duke of Newcastle, statesman",http://www.oxforddnb.com/view/article/21801,Close Friend,close friends,A,1749,N,N,N,,,1344,"The Correspondence of the Dukes of Richmond and Newcastle 1724-1750. Ed. by Timothy J. McCann. [Sussex Record Society Volume 73.] Lewes: Sussex Record Society, 1984.",,1740,1759,CLENNOX,DUKES_114,1749
DUKES_115,z Dukes,1740-1759,TPELHAM,Thomas,Pelham-Holles,M,Nobility,N,"Duke of Newcastle, statesman",56.0,1693.0,50-59,Other,N,Higher: Oxbridge,http://www.oxforddnb.com/view/article/21801,CLENNOX,Charles,Lennox,M,N,N,"Duke of Richmond, politician, sportsman",http://www.oxforddnb.com/view/article/16450,Close Friend,close friends,A,1749,N,N,N,,,717,"The Correspondence of the Dukes of Richmond and Newcastle 1724-1750. Ed. by Timothy J. McCann. [Sussex Record Society Volume 73.] Lewes: Sussex Record Society, 1984.",,1740,1759,TPELHAM,DUKES_115,1749
DUKES_116,z Dukes,1740-1759,CLENNOX,Charles,Lennox,M,Nobility,N,"Duke of Richmond, politician, sportsman",48.0,1701.0,40-49,Other,N,,http://www.oxforddnb.com/view/article/16450,TPELHAM,Thomas,Pelham-Holles,M,N,N,"Duke of Newcastle, statesman",http://www.oxforddnb.com/view/article/21801,Close Friend,close friends,A,1749,N,N,N,,,414,"The Correspondence of the Dukes of Richmond and Newcastle 1724-1750. Ed. by Timothy J. McCann. [Sussex Record Society Volume 73.] Lewes: Sussex Record Society, 1984.",,1740,1759,CLENNOX,DUKES_116,1749
DUKES_117,z Dukes,1740-1759,TPELHAM,Thomas,Pelham-Holles,M,Nobility,N,"Duke of Newcastle, statesman",56.0,1693.0,50-59,Other,N,Higher: Oxbridge,http://www.oxforddnb.com/view/article/21801,CLENNOX,Charles,Lennox,M,N,N,"Duke of Richmond, politician, sportsman",http://www.oxforddnb.com/view/article/16450,Close Friend,close friends,A,1749,N,N,N,,,584,"The Correspondence of the Dukes of Richmond and Newcastle 1724-1750. Ed. by Timothy J. McCann. [Sussex Record Society Volume 73.] Lewes: Sussex Record Society, 1984.",,1740,1759,TPELHAM,DUKES_117,1749
DUKES_119,z Dukes,1740-1759,HPELHAM,Henry,Pelham,M,Gentry Lower,GL,"MP, statesman (gentry)",56.0,1694.0,50-59,London,D,Higher: Oxbridge,http://www.oxforddnb.com/view/article/21789,CLENNOX,Charles,Lennox,M,N,N,"Duke of Richmond, politician, sportsman",http://www.oxforddnb.com/view/article/16450,Close Friend,close friends,A,1750,N,N,N,,,284,"The Correspondence of the Dukes of Richmond and Newcastle 1724-1750. Ed. by Timothy J. McCann. [Sussex Record Society Volume 73.] Lewes: Sussex Record Society, 1984.",,1740,1759,HPELHAM,DUKES_119,1750
DUKES_120,z Dukes,1740-1759,CLENNOX,Charles,Lennox,M,Nobility,N,"Duke of Richmond, politician, sportsman",49.0,1701.0,40-49,Other,N,,http://www.oxforddnb.com/view/article/16450,TPELHAM,Thomas,Pelham-Holles,M,N,N,"Duke of Newcastle, statesman",http://www.oxforddnb.com/view/article/21801,Close Friend,close friends,A,1750,N,N,N,,,186,"The Correspondence of the Dukes of Richmond and Newcastle 1724-1750. Ed. by Timothy J. McCann. [Sussex Record Society Volume 73.] Lewes: Sussex Record Society, 1984.",,1740,1759,CLENNOX,DUKES_120,1750
DUKES_121,z Dukes,1740-1759,TPELHAM,Thomas,Pelham-Holles,M,Nobility,N,"Duke of Newcastle, statesman",57.0,1693.0,50-59,Other,N,Higher: Oxbridge,http://www.oxforddnb.com/view/article/21801,CLENNOX,Charles,Lennox,M,N,N,"Duke of Richmond, politician, sportsman",http://www.oxforddnb.com/view/article/16450,Close Friend,close friends,A,1750,N,N,N,,,183,"The Correspondence of the Dukes of Richmond and Newcastle 1724-1750. Ed. by Timothy J. McCann. [Sussex Record Society Volume 73.] Lewes: Sussex Record Society, 1984.",,1740,1759,TPELHAM,DUKES_121,1750
GARRICK_001,z Garrick,1720-1739,DGARRICK,David,Garrick,M,Gentry Lower,GL,"gentry lower; actor, theatre manager, playwright",16.0,1717.0,10-19,London,U,Secondary,http://www.oxforddnb.com/view/article/10408,P1GARRICK,Peter,Garrick,M,P,P,military officer,,Family: Nuclear,son - father,A,1733,N,N,N,,,708,"The Letters of David Garrick. Vols. I-III. Ed by Little, David M. And George M. Kahrl. Cambridge, MA: The Belknap Press of Harvard University Press. 1963.",,1720,1739,DGARRICK,GARRICK_001,1733
GARRICK_002,z Garrick,1720-1739,DGARRICK,David,Garrick,M,Gentry Lower,GL,"gentry lower; actor, theatre manager, playwright",16.0,1717.0,10-19,London,U,Secondary,http://www.oxforddnb.com/view/article/10408,P1GARRICK,Peter,Garrick,M,P,P,military officer,,Family: Nuclear,son - father,A,1733,N,N,N,,,564,"The Letters of David Garrick. Vols. I-III. Ed by Little, David M. And George M. Kahrl. Cambridge, MA: The Belknap Press of Harvard University Press. 1963.",,1720,1739,DGARRICK,GARRICK_002,1733
GARRICK_003,z Garrick,1720-1739,DGARRICK,David,Garrick,M,Gentry Lower,GL,"gentry lower; actor, theatre manager, playwright",16.0,1717.0,10-19,London,U,Secondary,http://www.oxforddnb.com/view/article/10408,P1GARRICK,Peter,Garrick,M,P,P,military officer,,Family: Nuclear,son - father,A,1733,N,N,N,,,449,"The Letters of David Garrick. Vols. I-III. Ed by Little, David M. And George M. Kahrl. Cambridge, MA: The Belknap Press of Harvard University Press. 1963.",,1720,1739,DGARRICK,GARRICK_003,1733
GARRICK_004,z Garrick,1720-1739,DGARRICK,David,Garrick,M,Gentry Lower,GL,"gentry lower; actor, theatre manager, playwright",16.0,1717.0,10-19,London,U,Secondary,http://www.oxforddnb.com/view/article/10408,P1GARRICK,Peter,Garrick,M,P,P,military officer,,Family: Nuclear,son - father,A,1733,N,N,N,,,334,"The Letters of David Garrick. Vols. I-III. Ed by Little, David M. And George M. Kahrl. Cambridge, MA: The Belknap Press of Harvard University Press. 1963.",,1720,1739,DGARRICK,GARRICK_004,1733
GARRICK_005,z Garrick,1720-1739,DGARRICK,David,Garrick,M,Gentry Lower,GL,"gentry lower; actor, theatre manager, playwright",17.0,1717.0,10-19,London,U,Secondary,http://www.oxforddnb.com/view/article/10408,P1GARRICK,Peter,Garrick,M,P,P,military officer,,Family: Nuclear,son - father,A,1734,N,N,N,,,768,"The Letters of David Garrick. Vols. I-III. Ed by Little, David M. And George M. Kahrl. Cambridge, MA: The Belknap Press of Harvard University Press. 1963.",,1720,1739,DGARRICK,GARRICK_005,1734
GARRICK_006,z Garrick,1720-1739,DGARRICK,David,Garrick,M,Gentry Lower,GL,"gentry lower; actor, theatre manager, playwright",17.0,1717.0,10-19,London,U,Secondary,http://www.oxforddnb.com/view/article/10408,P1GARRICK,Peter,Garrick,M,P,P,military officer,,Family: Nuclear,son - father,A,1734,N,N,N,,,406,"The Letters of David Garrick. Vols. I-III. Ed by Little, David M. And George M. Kahrl. Cambridge, MA: The Belknap Press of Harvard University Press. 1963.",,1720,1739,DGARRICK,GARRICK_006,1734
GARRICK_007,z Garrick,1720-1739,DGARRICK,David,Garrick,M,Gentry Lower,GL,"gentry lower; actor, theatre manager, playwright",17.0,1717.0,10-19,London,U,Secondary,http://www.oxforddnb.com/view/article/10408,P1GARRICK,Peter,Garrick,M,P,P,military officer,,Family: Nuclear,son - father,A,1734,N,N,N,,,447,"The Letters of David Garrick. Vols. I-III. Ed by Little, David M. And George M. Kahrl. Cambridge, MA: The Belknap Press of Harvard University Press. 1963.",,1720,1739,DGARRICK,GARRICK_007,1734
GARRICK_008,z Garrick,1720-1739,DGARRICK,David,Garrick,M,Gentry Lower,GL,"gentry lower; actor, theatre manager, playwright",18.0,1717.0,10-19,London,U,Secondary,http://www.oxforddnb.com/view/article/10408,P1GARRICK,Peter,Garrick,M,P,P,military officer,,Family: Nuclear,son - father,A,1735,N,N,N,,,648,"The Letters of David Garrick. Vols. I-III. Ed by Little, David M. And George M. Kahrl. Cambridge, MA: The Belknap Press of Harvard University Press. 1963.",,1720,1739,DGARRICK,GARRICK_008,1735
GARRICK_009,z Garrick,1720-1739,DGARRICK,David,Garrick,M,Gentry Lower,GL,"gentry lower; actor, theatre manager, playwright",18.0,1717.0,10-19,London,U,Secondary,http://www.oxforddnb.com/view/article/10408,P1GARRICK,Peter,Garrick,M,P,P,military officer,,Family: Nuclear,son - father,A,1735,N,N,N,,,769,"The Letters of David Garrick. Vols. I-III. Ed by Little, David M. And George M. Kahrl. Cambridge, MA: The Belknap Press of Harvard University Press. 1963.",,1720,1739,DGARRICK,GARRICK_009,1735
GARRICK_011,z Garrick,1740-1759,DGARRICK,David,Garrick,M,Gentry Lower,GL,"gentry lower; actor, theatre manager, playwright",23.0,1717.0,20-29,London,U,Secondary,http://www.oxforddnb.com/view/article/10408,P2GARRICK,Peter,Garrick,M,P,P,"sailor, vintner",,Family: Nuclear,brothers,A,1740,N,N,N,,,581,"The Letters of David Garrick. Vols. I-III. Ed by Little, David M. And George M. Kahrl. Cambridge, MA: The Belknap Press of Harvard University Press. 1963.",,1740,1759,DGARRICK,GARRICK_011,1740
GARRICK_012,z Garrick,1740-1759,DGARRICK,David,Garrick,M,Gentry Lower,GL,"gentry lower; actor, theatre manager, playwright",24.0,1717.0,20-29,London,U,Secondary,http://www.oxforddnb.com/view/article/10408,P2GARRICK,Peter,Garrick,M,P,P,"sailor, vintner",,Family: Nuclear,brothers,A,1741,N,N,N,,,355,"The Letters of David Garrick. Vols. I-III. Ed by Little, David M. And George M. Kahrl. Cambridge, MA: The Belknap Press of Harvard University Press. 1963.",,1740,1759,DGARRICK,GARRICK_012,1741
GARRICK_013,z Garrick,1740-1759,DGARRICK,David,Garrick,M,Gentry Lower,GL,"gentry lower; actor, theatre manager, playwright",24.0,1717.0,20-29,London,U,Secondary,http://www.oxforddnb.com/view/article/10408,P2GARRICK,Peter,Garrick,M,P,P,"sailor, vintner",,Family: Nuclear,brothers,A,1741,N,N,N,,,493,"The Letters of David Garrick. Vols. I-III. Ed by Little, David M. And George M. Kahrl. Cambridge, MA: The Belknap Press of Harvard University Press. 1963.",,1740,1759,DGARRICK,GARRICK_013,1741
GARRICK_016,z Garrick,1740-1759,DGARRICK,David,Garrick,M,Gentry Lower,GL,"gentry lower; actor, theatre manager, playwright",24.0,1717.0,20-29,London,U,Secondary,http://www.oxforddnb.com/view/article/10408,P2GARRICK,Peter,Garrick,M,P,P,"sailor, vintner",,Family: Nuclear,brothers,A,1741,N,N,N,,,530,"The Letters of David Garrick. Vols. I-III. Ed by Little, David M. And George M. Kahrl. Cambridge, MA: The Belknap Press of Harvard University Press. 1963.",,1740,1759,DGARRICK,GARRICK_016,1741
GARRICK_017,z Garrick,1740-1759,DGARRICK,David,Garrick,M,Gentry Lower,GL,"gentry lower; actor, theatre manager, playwright",25.0,1717.0,20-29,London,U,Secondary,http://www.oxforddnb.com/view/article/10408,P2GARRICK,Peter,Garrick,M,P,P,"sailor, vintner",,Family: Nuclear,brothers,A,1742,N,N,N,,,372,"The Letters of David Garrick. Vols. I-III. Ed by Little, David M. And George M. Kahrl. Cambridge, MA: The Belknap Press of Harvard University Press. 1963.",,1740,1759,DGARRICK,GARRICK_017,1742
GARRICK_018,z Garrick,1740-1759,DGARRICK,David,Garrick,M,Gentry Lower,GL,"gentry lower; actor, theatre manager, playwright",25.0,1717.0,20-29,London,U,Secondary,http://www.oxforddnb.com/view/article/10408,P2GARRICK,Peter,Garrick,M,P,P,"sailor, vintner",,Family: Nuclear,brothers,A,1742,N,N,N,,,381,"The Letters of David Garrick. Vols. I-III. Ed by Little, David M. And George M. Kahrl. Cambridge, MA: The Belknap Press of Harvard University Press. 1963.",,1740,1759,DGARRICK,GARRICK_018,1742
GARRICK_019,z Garrick,1740-1759,DGARRICK,David,Garrick,M,Gentry Lower,GL,"gentry lower; actor, theatre manager, playwright",25.0,1717.0,20-29,London,U,Secondary,http://www.oxforddnb.com/view/article/10408,P2GARRICK,Peter,Garrick,M,P,P,"sailor, vintner",,Family: Nuclear,brothers,A,1742,N,N,N,,,501,"The Letters of David Garrick. Vols. I-III. Ed by Little, David M. And George M. Kahrl. Cambridge, MA: The Belknap Press of Harvard University Press. 1963.",,1740,1759,DGARRICK,GARRICK_019,1742
GARRICK_020,z Garrick,1740-1759,DGARRICK,David,Garrick,M,Gentry Lower,GL,"gentry lower; actor, theatre manager, playwright",28.0,1717.0,20-29,London,U,Secondary,http://www.oxforddnb.com/view/article/10408,P2GARRICK,Peter,Garrick,M,P,P,"sailor, vintner",,Family: Nuclear,brothers,A,1745,N,N,N,,,448,"The Letters of David Garrick. Vols. I-III. Ed by Little, David M. And George M. Kahrl. Cambridge, MA: The Belknap Press of Harvard University Press. 1963.",,1740,1759,DGARRICK,GARRICK_020,1745
GARRICK_022,z Garrick,1740-1759,DGARRICK,David,Garrick,M,Gentry Lower,GL,"gentry lower; actor, theatre manager, playwright",29.0,1717.0,20-29,London,U,Secondary,http://www.oxforddnb.com/view/article/10408,P2GARRICK,Peter,Garrick,M,P,P,"sailor, vintner",,Family: Nuclear,brothers,A,1746,N,N,N,,,555,"The Letters of David Garrick. Vols. I-III. Ed by Little, David M. And George M. Kahrl. Cambridge, MA: The Belknap Press of Harvard University Press. 1963.",,1740,1759,DGARRICK,GARRICK_022,1746
GARRICK_023,z Garrick,1740-1759,DGARRICK,David,Garrick,M,Gentry Lower,GL,"gentry lower; actor, theatre manager, playwright",30.0,1717.0,30-39,London,U,Secondary,http://www.oxforddnb.com/view/article/10408,GGARRICK,George,Garrick,M,O,O,non-gentry,,Family: Nuclear,brothers,A,1747,N,N,N,,,320,"The Letters of David Garrick. Vols. I-III. Ed by Little, David M. And George M. Kahrl. Cambridge, MA: The Belknap Press of Harvard University Press. 1963.",,1740,1759,DGARRICK,GARRICK_023,1747
GARRICK_024,z Garrick,1740-1759,DGARRICK,David,Garrick,M,Gentry Lower,GL,"gentry lower; actor, theatre manager, playwright",34.0,1717.0,30-39,London,U,Secondary,http://www.oxforddnb.com/view/article/10408,GGARRICK,George,Garrick,M,O,O,non-gentry,,Family: Nuclear,brothers,A,1751,N,N,N,,,512,"The Letters of David Garrick. Vols. I-III. Ed by Little, David M. And George M. Kahrl. Cambridge, MA: The Belknap Press of Harvard University Press. 1963.",,1740,1759,DGARRICK,GARRICK_024,1751
GARRICK_025,z Garrick,1740-1759,DGARRICK,David,Garrick,M,Gentry Lower,GL,"gentry lower; actor, theatre manager, playwright",35.0,1717.0,30-39,London,U,Secondary,http://www.oxforddnb.com/view/article/10408,P2GARRICK,Peter,Garrick,M,P,P,"sailor, vintner",,Family: Nuclear,brothers,A,1752,N,N,N,,,279,"The Letters of David Garrick. Vols. I-III. Ed by Little, David M. And George M. Kahrl. Cambridge, MA: The Belknap Press of Harvard University Press. 1963.",,1740,1759,DGARRICK,GARRICK_025,1752
GARRICK_030,z Garrick,1740-1759,DGARRICK,David,Garrick,M,Gentry Lower,GL,"gentry lower; actor, theatre manager, playwright",35.0,1717.0,30-39,London,U,Secondary,http://www.oxforddnb.com/view/article/10408,GGARRICK,George,Garrick,M,O,O,non-gentry,,Family: Nuclear,brothers,A,1752,N,N,N,,,511,"The Letters of David Garrick. Vols. I-III. Ed by Little, David M. And George M. Kahrl. Cambridge, MA: The Belknap Press of Harvard University Press. 1963.",,1740,1759,DGARRICK,GARRICK_030,1752
GARRICK_031,z Garrick,1740-1759,DGARRICK,David,Garrick,M,Gentry Lower,GL,"gentry lower; actor, theatre manager, playwright",35.0,1717.0,30-39,London,U,Secondary,http://www.oxforddnb.com/view/article/10408,GGARRICK,George,Garrick,M,O,O,non-gentry,,Family: Nuclear,brothers,A,1752,N,N,N,,,584,"The Letters of David Garrick. Vols. I-III. Ed by Little, David M. And George M. Kahrl. Cambridge, MA: The Belknap Press of Harvard University Press. 1963.",,1740,1759,DGARRICK,GARRICK_031,1752
GARRICK_037,z Garrick,1740-1759,DGARRICK,David,Garrick,M,Gentry Lower,GL,"gentry lower; actor, theatre manager, playwright",39.0,1717.0,30-39,London,U,Secondary,http://www.oxforddnb.com/view/article/10408,W2CAVENDISH,William,Cavendish,M,N,N,"nobility, statesman",http://www.oxforddnb.com/view/article/4949,Other,friends,A,1756,N,N,N,,,765,"The Letters of David Garrick. Vols. I-III. Ed by Little, David M. And George M. Kahrl. Cambridge, MA: The Belknap Press of Harvard University Press. 1963.",,1740,1759,DGARRICK,GARRICK_037,1756
GARRICK_038,z Garrick,1740-1759,DGARRICK,David,Garrick,M,Gentry Lower,GL,"gentry lower; actor, theatre manager, playwright",39.0,1717.0,30-39,London,U,Secondary,http://www.oxforddnb.com/view/article/10408,W2CAVENDISH,William,Cavendish,M,N,N,"nobility, statesman",http://www.oxforddnb.com/view/article/4949,Other,friends,A,1756,N,N,N,,,572,"The Letters of David Garrick. Vols. I-III. Ed by Little, David M. And George M. Kahrl. Cambridge, MA: The Belknap Press of Harvard University Press. 1963.",,1740,1759,DGARRICK,GARRICK_038,1756
GARRICK_040,z Garrick,1740-1759,DGARRICK,David,Garrick,M,Gentry Lower,GL,"gentry lower; actor, theatre manager, playwright",40.0,1717.0,40-49,London,U,Secondary,http://www.oxforddnb.com/view/article/10408,W2CAVENDISH,William,Cavendish,M,N,N,"nobility, statesman",http://www.oxforddnb.com/view/article/4949,Other,friends,A,1757,N,N,N,,,300,"The Letters of David Garrick. Vols. I-III. Ed by Little, David M. And George M. Kahrl. Cambridge, MA: The Belknap Press of Harvard University Press. 1963.",,1740,1759,DGARRICK,GARRICK_040,1757
GARRICK_041,z Garrick,1740-1759,DGARRICK,David,Garrick,M,Gentry Lower,GL,"gentry lower; actor, theatre manager, playwright",41.0,1717.0,40-49,London,U,Secondary,http://www.oxforddnb.com/view/article/10408,W2CAVENDISH,William,Cavendish,M,N,N,"nobility, statesman",http://www.oxforddnb.com/view/article/4949,Other,friends,A,1758,N,N,N,,,411,"The Letters of David Garrick. Vols. I-III. Ed by Little, David M. And George M. Kahrl. Cambridge, MA: The Belknap Press of Harvard University Press. 1963.",,1740,1759,DGARRICK,GARRICK_041,1758
GARRICK_042,z Garrick,1740-1759,DGARRICK,David,Garrick,M,Gentry Lower,GL,"gentry lower; actor, theatre manager, playwright",41.0,1717.0,40-49,London,U,Secondary,http://www.oxforddnb.com/view/article/10408,W2CAVENDISH,William,Cavendish,M,N,N,"nobility, statesman",http://www.oxforddnb.com/view/article/4949,Other,friends,A,1758,N,N,N,,,359,"The Letters of David Garrick. Vols. I-III. Ed by Little, David M. And George M. Kahrl. Cambridge, MA: The Belknap Press of Harvard University Press. 1963.",,1740,1759,DGARRICK,GARRICK_042,1758
GARRICK_043,z Garrick,1740-1759,DGARRICK,David,Garrick,M,Gentry Lower,GL,"gentry lower; actor, theatre manager, playwright",42.0,1717.0,40-49,London,U,Secondary,http://www.oxforddnb.com/view/article/10408,AMURPHY,Arthur,Murphy,M,P,P,"author and actor, journalist, barrister",http://www.oxforddnb.com/view/article/19569,Other,"friends, collaborators",A,1759,N,N,N,,,352,"The Letters of David Garrick. Vols. I-III. Ed by Little, David M. And George M. Kahrl. Cambridge, MA: The Belknap Press of Harvard University Press. 1963.",,1740,1759,DGARRICK,GARRICK_043,1759
GARRICK_046,z Garrick,1760-1779,DGARRICK,David,Garrick,M,Gentry Lower,GL,"gentry lower; actor, theatre manager, playwright",44.0,1717.0,40-49,London,U,Secondary,http://www.oxforddnb.com/view/article/10408,AMURPHY,Arthur,Murphy,M,P,P,"author and actor, journalist, barrister",http://www.oxforddnb.com/view/article/19569,Other,"friends, collaborators",A,1761,N,N,N,,,295,"The Letters of David Garrick. Vols. I-III. Ed by Little, David M. And George M. Kahrl. Cambridge, MA: The Belknap Press of Harvard University Press. 1963.",,1760,1779,DGARRICK,GARRICK_046,1761
GARRICK_047,z Garrick,1760-1779,DGARRICK,David,Garrick,M,Gentry Lower,GL,"gentry lower; actor, theatre manager, playwright",44.0,1717.0,40-49,London,U,Secondary,http://www.oxforddnb.com/view/article/10408,AMURPHY,Arthur,Murphy,M,P,P,"author and actor, journalist, barrister",http://www.oxforddnb.com/view/article/19569,Other,"friends, collaborators",A,1761,N,N,N,,,248,"The Letters of David Garrick. Vols. I-III. Ed by Little, David M. And George M. Kahrl. Cambridge, MA: The Belknap Press of Harvard University Press. 1963.",,1760,1779,DGARRICK,GARRICK_047,1761
GARRICK_048,z Garrick,1760-1779,DGARRICK,David,Garrick,M,Gentry Lower,GL,"gentry lower; actor, theatre manager, playwright",44.0,1717.0,40-49,London,U,Secondary,http://www.oxforddnb.com/view/article/10408,GCOLMAN,George (the elder),Colman,M,P,P,"dramatist, barrister",http://www.oxforddnb.com/view/article/5976,Close Friend,friends,A,1761,N,N,N,,,367,"The Letters of David Garrick. Vols. I-III. Ed by Little, David M. And George M. Kahrl. Cambridge, MA: The Belknap Press of Harvard University Press. 1963.",,1760,1779,DGARRICK,GARRICK_048,1761
GARRICK_050,z Garrick,1760-1779,DGARRICK,David,Garrick,M,Gentry Lower,GL,"gentry lower; actor, theatre manager, playwright",46.0,1717.0,40-49,London,U,Secondary,http://www.oxforddnb.com/view/article/10408,P2GARRICK,Peter,Garrick,M,P,P,"sailor, vintner",,Family: Nuclear,brothers,A,1763,N,N,N,,,239,"The Letters of David Garrick. Vols. I-III. Ed by Little, David M. And George M. Kahrl. Cambridge, MA: The Belknap Press of Harvard University Press. 1963.",,1760,1779,DGARRICK,GARRICK_050,1763
GARRICK_051,z Garrick,1760-1779,DGARRICK,David,Garrick,M,Gentry Lower,GL,"gentry lower; actor, theatre manager, playwright",46.0,1717.0,40-49,London,U,Secondary,http://www.oxforddnb.com/view/article/10408,P2GARRICK,Peter,Garrick,M,P,P,"sailor, vintner",,Family: Nuclear,brothers,A,1763,N,N,N,,,279,"The Letters of David Garrick. Vols. I-III. Ed by Little, David M. And George M. Kahrl. Cambridge, MA: The Belknap Press of Harvard University Press. 1963.",,1760,1779,DGARRICK,GARRICK_051,1763
GARRICK_052,z Garrick,1760-1779,DGARRICK,David,Garrick,M,Gentry Lower,GL,"gentry lower; actor, theatre manager, playwright",46.0,1717.0,40-49,London,U,Secondary,http://www.oxforddnb.com/view/article/10408,GCOLMAN,George (the elder),Colman,M,P,P,"dramatist, barrister",http://www.oxforddnb.com/view/article/5976,Close Friend,friends,A,1763,N,N,N,,,184,"The Letters of David Garrick. Vols. I-III. Ed by Little, David M. And George M. Kahrl. Cambridge, MA: The Belknap Press of Harvard University Press. 1963.",,1760,1779,DGARRICK,GARRICK_052,1763
GARRICK_054,z Garrick,1760-1779,DGARRICK,David,Garrick,M,Gentry Lower,GL,"gentry lower; actor, theatre manager, playwright",46.0,1717.0,40-49,London,U,Secondary,http://www.oxforddnb.com/view/article/10408,GCOLMAN,George (the elder),Colman,M,P,P,"dramatist, barrister",http://www.oxforddnb.com/view/article/5976,Close Friend,friends,A,1763,N,N,N,,,783,"The Letters of David Garrick. Vols. I-III. Ed by Little, David M. And George M. Kahrl. Cambridge, MA: The Belknap Press of Harvard University Press. 1963.",,1760,1779,DGARRICK,GARRICK_054,1763
GARRICK_055,z Garrick,1760-1779,DGARRICK,David,Garrick,M,Gentry Lower,GL,"gentry lower; actor, theatre manager, playwright",46.0,1717.0,40-49,London,U,Secondary,http://www.oxforddnb.com/view/article/10408,W2CAVENDISH,William,Cavendish,M,N,N,"nobility, statesman",http://www.oxforddnb.com/view/article/4949,Other,friends,A,1763,N,N,N,,,554,"The Letters of David Garrick. Vols. I-III. Ed by Little, David M. And George M. Kahrl. Cambridge, MA: The Belknap Press of Harvard University Press. 1963.",,1760,1779,DGARRICK,GARRICK_055,1763
GARRICK_056,z Garrick,1760-1779,DGARRICK,David,Garrick,M,Gentry Lower,GL,"gentry lower; actor, theatre manager, playwright",46.0,1717.0,40-49,London,U,Secondary,http://www.oxforddnb.com/view/article/10408,GCOLMAN,George (the elder),Colman,M,P,P,"dramatist, barrister",http://www.oxforddnb.com/view/article/5976,Close Friend,friends,A,1763,N,N,N,,,1792,"The Letters of David Garrick. Vols. I-III. Ed by Little, David M. And George M. Kahrl. Cambridge, MA: The Belknap Press of Harvard University Press. 1963.",,1760,1779,DGARRICK,GARRICK_056,1763
GARRICK_057,z Garrick,1760-1779,DGARRICK,David,Garrick,M,Gentry Lower,GL,"gentry lower; actor, theatre manager, playwright",47.0,1717.0,40-49,London,U,Secondary,http://www.oxforddnb.com/view/article/10408,GGARRICK,George,Garrick,M,O,O,non-gentry,,Family: Nuclear,brothers,A,1764,N,N,N,,,674,"The Letters of David Garrick. Vols. I-III. Ed by Little, David M. And George M. Kahrl. Cambridge, MA: The Belknap Press of Harvard University Press. 1963.",,1760,1779,DGARRICK,GARRICK_057,1764
GARRICK_058,z Garrick,1760-1779,DGARRICK,David,Garrick,M,Gentry Lower,GL,"gentry lower; actor, theatre manager, playwright",47.0,1717.0,40-49,London,U,Secondary,http://www.oxforddnb.com/view/article/10408,GGARRICK,George,Garrick,M,O,O,non-gentry,,Family: Nuclear,brothers,A,1764,N,N,N,,,869,"The Letters of David Garrick. Vols. I-III. Ed by Little, David M. And George M. Kahrl. Cambridge, MA: The Belknap Press of Harvard University Press. 1963.",,1760,1779,DGARRICK,GARRICK_058,1764
GARRICK_059,z Garrick,1760-1779,DGARRICK,David,Garrick,M,Gentry Lower,GL,"gentry lower; actor, theatre manager, playwright",47.0,1717.0,40-49,London,U,Secondary,http://www.oxforddnb.com/view/article/10408,W2CAVENDISH,William,Cavendish,M,N,N,"nobility, statesman",http://www.oxforddnb.com/view/article/4949,Other,friends,A,1764,N,N,N,,,743,"The Letters of David Garrick. Vols. I-III. Ed by Little, David M. And George M. Kahrl. Cambridge, MA: The Belknap Press of Harvard University Press. 1963.",,1760,1779,DGARRICK,GARRICK_059,1764
GARRICK_060,z Garrick,1760-1779,DGARRICK,David,Garrick,M,Gentry Lower,GL,"gentry lower; actor, theatre manager, playwright",47.0,1717.0,40-49,London,U,Secondary,http://www.oxforddnb.com/view/article/10408,GCOLMAN,George (the elder),Colman,M,P,P,"dramatist, barrister",http://www.oxforddnb.com/view/article/5976,Close Friend,friends,A,1764,N,N,N,,,1041,"The Letters of David Garrick. Vols. I-III. Ed by Little, David M. And George M. Kahrl. Cambridge, MA: The Belknap Press of Harvard University Press. 1963.",,1760,1779,DGARRICK,GARRICK_060,1764
GARRICK_061,z Garrick,1760-1779,DGARRICK,David,Garrick,M,Gentry Lower,GL,"gentry lower; actor, theatre manager, playwright",47.0,1717.0,40-49,London,U,Secondary,http://www.oxforddnb.com/view/article/10408,GGARRICK,George,Garrick,M,O,O,non-gentry,,Family: Nuclear,brothers,A,1764,N,N,N,,,528,"The Letters of David Garrick. Vols. I-III. Ed by Little, David M. And George M. Kahrl. Cambridge, MA: The Belknap Press of Harvard University Press. 1963.",,1760,1779,DGARRICK,GARRICK_061,1764
GARRICK_062,z Garrick,1760-1779,DGARRICK,David,Garrick,M,Gentry Lower,GL,"gentry lower; actor, theatre manager, playwright",47.0,1717.0,40-49,London,U,Secondary,http://www.oxforddnb.com/view/article/10408,W2CAVENDISH,William,Cavendish,M,N,N,"nobility, statesman",http://www.oxforddnb.com/view/article/4949,Other,friends,A,1764,N,N,N,,,705,"The Letters of David Garrick. Vols. I-III. Ed by Little, David M. And George M. Kahrl. Cambridge, MA: The Belknap Press of Harvard University Press. 1963.",,1760,1779,DGARRICK,GARRICK_062,1764
GARRICK_063,z Garrick,1760-1779,DGARRICK,David,Garrick,M,Gentry Lower,GL,"gentry lower; actor, theatre manager, playwright",47.0,1717.0,40-49,London,U,Secondary,http://www.oxforddnb.com/view/article/10408,GGARRICK,George,Garrick,M,O,O,non-gentry,,Family: Nuclear,brothers,A,1764,N,N,N,,,735,"The Letters of David Garrick. Vols. I-III. Ed by Little, David M. And George M. Kahrl. Cambridge, MA: The Belknap Press of Harvard University Press. 1963.",,1760,1779,DGARRICK,GARRICK_063,1764
GARRICK_064,z Garrick,1760-1779,DGARRICK,David,Garrick,M,Gentry Lower,GL,"gentry lower; actor, theatre manager, playwright",48.0,1717.0,40-49,London,U,Secondary,http://www.oxforddnb.com/view/article/10408,GCOLMAN,George (the elder),Colman,M,P,P,"dramatist, barrister",http://www.oxforddnb.com/view/article/5976,Close Friend,friends,A,1765,N,N,N,,,522,"The Letters of David Garrick. Vols. I-III. Ed by Little, David M. And George M. Kahrl. Cambridge, MA: The Belknap Press of Harvard University Press. 1963.",,1760,1779,DGARRICK,GARRICK_064,1765
GARRICK_065,z Garrick,1760-1779,DGARRICK,David,Garrick,M,Gentry Lower,GL,"gentry lower; actor, theatre manager, playwright",48.0,1717.0,40-49,London,U,Secondary,http://www.oxforddnb.com/view/article/10408,GCOLMAN,George (the elder),Colman,M,P,P,"dramatist, barrister",http://www.oxforddnb.com/view/article/5976,Close Friend,friends,A,1765,N,N,N,,,887,"The Letters of David Garrick. Vols. I-III. Ed by Little, David M. And George M. Kahrl. Cambridge, MA: The Belknap Press of Harvard University Press. 1963.",,1760,1779,DGARRICK,GARRICK_065,1765
GARRICK_066,z Garrick,1760-1779,DGARRICK,David,Garrick,M,Gentry Lower,GL,"gentry lower; actor, theatre manager, playwright",49.0,1717.0,40-49,London,U,Secondary,http://www.oxforddnb.com/view/article/10408,GCOLMAN,George (the elder),Colman,M,P,P,"dramatist, barrister",http://www.oxforddnb.com/view/article/5976,Close Friend,friends,A,1766,N,N,N,,,478,"The Letters of David Garrick. Vols. I-III. Ed by Little, David M. And George M. Kahrl. Cambridge, MA: The Belknap Press of Harvard University Press. 1963.",,1760,1779,DGARRICK,GARRICK_066,1766
GARRICK_072,z Garrick,1760-1779,DGARRICK,David,Garrick,M,Gentry Lower,GL,"gentry lower; actor, theatre manager, playwright",53.0,1717.0,50-59,London,U,Secondary,http://www.oxforddnb.com/view/article/10408,E2MONTAGU,Elizabeth,Montagu nï¿½e Robinson,F,GL,GL,gentry lower,http://www.oxforddnb.com/view/article/19014,Other,?,A,1770,N,N,N,,,446,"The Letters of David Garrick. Vols. I-III. Ed by Little, David M. And George M. Kahrl. Cambridge, MA: The Belknap Press of Harvard University Press. 1963.",,1760,1779,DGARRICK,GARRICK_072,1770
GARRICK_073,z Garrick,1760-1779,DGARRICK,David,Garrick,M,Gentry Lower,GL,"gentry lower; actor, theatre manager, playwright",53.0,1717.0,50-59,London,U,Secondary,http://www.oxforddnb.com/view/article/10408,E2MONTAGU,Elizabeth,Montagu nï¿½e Robinson,F,GL,GL,gentry lower,http://www.oxforddnb.com/view/article/19014,Other,?,A,1770,N,N,N,,,312,"The Letters of David Garrick. Vols. I-III. Ed by Little, David M. And George M. Kahrl. Cambridge, MA: The Belknap Press of Harvard University Press. 1963.",,1760,1779,DGARRICK,GARRICK_073,1770
GARRICK_074,z Garrick,1760-1779,DGARRICK,David,Garrick,M,Gentry Lower,GL,"gentry lower; actor, theatre manager, playwright",54.0,1717.0,50-59,London,U,Secondary,http://www.oxforddnb.com/view/article/10408,GGARRICK,George,Garrick,M,O,O,non-gentry,,Family: Nuclear,brothers,A,1771,N,N,N,,,759,"The Letters of David Garrick. Vols. I-III. Ed by Little, David M. And George M. Kahrl. Cambridge, MA: The Belknap Press of Harvard University Press. 1963.",,1760,1779,DGARRICK,GARRICK_074,1771
GARRICK_081,z Garrick,1760-1779,DGARRICK,David,Garrick,M,Gentry Lower,GL,"gentry lower; actor, theatre manager, playwright",56.0,1717.0,50-59,London,U,Secondary,http://www.oxforddnb.com/view/article/10408,P2GARRICK,Peter,Garrick,M,P,P,"sailor, vintner",,Family: Nuclear,brothers,A,1773,N,N,N,,,281,"The Letters of David Garrick. Vols. I-III. Ed by Little, David M. And George M. Kahrl. Cambridge, MA: The Belknap Press of Harvard University Press. 1963.",,1760,1779,DGARRICK,GARRICK_081,1773
GARRICK_086,z Garrick,1760-1779,DGARRICK,David,Garrick,M,Gentry Lower,GL,"gentry lower; actor, theatre manager, playwright",59.0,1717.0,50-59,London,U,Secondary,http://www.oxforddnb.com/view/article/10408,P2GARRICK,Peter,Garrick,M,P,P,"sailor, vintner",,Family: Nuclear,brothers,A,1776,N,N,N,,,393,"The Letters of David Garrick. Vols. I-III. Ed by Little, David M. And George M. Kahrl. Cambridge, MA: The Belknap Press of Harvard University Press. 1963.",,1760,1779,DGARRICK,GARRICK_086,1776
GARRICK_088,z Garrick,1760-1779,DGARRICK,David,Garrick,M,Gentry Lower,GL,"gentry lower; actor, theatre manager, playwright",59.0,1717.0,50-59,London,U,Secondary,http://www.oxforddnb.com/view/article/10408,P2GARRICK,Peter,Garrick,M,P,P,"sailor, vintner",,Family: Nuclear,brothers,A,1776,N,N,N,,,282,"The Letters of David Garrick. Vols. I-III. Ed by Little, David M. And George M. Kahrl. Cambridge, MA: The Belknap Press of Harvard University Press. 1963.",,1760,1779,DGARRICK,GARRICK_088,1776
GARRICK_093,z Garrick,1760-1779,DGARRICK,David,Garrick,M,Gentry Lower,GL,"gentry lower; actor, theatre manager, playwright",60.0,1717.0,60-69,London,U,Secondary,http://www.oxforddnb.com/view/article/10408,GGARRICK,George,Garrick,M,O,O,non-gentry,,Family: Nuclear,brothers,A,1777,N,N,N,,,516,"The Letters of David Garrick. Vols. I-III. Ed by Little, David M. And George M. Kahrl. Cambridge, MA: The Belknap Press of Harvard University Press. 1963.",,1760,1779,DGARRICK,GARRICK_093,1777
GEORG3A_001,z George 3A,1780-1800,GEORGE3,George William Frederick,Hanover,M,Royalty,R,"royalty, King George III",45.0,1738.0,40-49,Court,N,Private: Classical,http://www.oxforddnb.com/view/article/10540,W2PITT,William,Pitt,M,GU,GU,"gentry, statesman",http://www.oxforddnb.com/view/article/22338,Other,king - prime minister,A,1783,N,N,N,opening and closing formulae omitted,,244,The Later Correspondence of George 3. Ed. by A. Aspinall. Cambridge: Cambridge University Press. 5 vols. 1962-1970.,,1780,1800,GEORGE3,GEORG3A_001,1783
GEORG3A_002,z George 3A,1780-1800,FHANOVER,Frederick Augustus,Hanover,M,Royalty,R,"royalty, prince, army officer",21.0,1763.0,20-29,Abroad,N,Unknown,,GEORGE3,George William Frederick,Hanover,M,R,R,"royalty, King George III",http://www.oxforddnb.com/view/article/10540,Family: Nuclear,son - father,A,1784,N,N,N,opening and closing formulae omitted,,562,The Later Correspondence of George 3. Ed. by A. Aspinall. Cambridge: Cambridge University Press. 5 vols. 1962-1970.,,1780,1800,FHANOVER,GEORG3A_002,1784
GEORG3A_003,z George 3A,1780-1800,GEORGE3,George William Frederick,Hanover,M,Royalty,R,"royalty, King George III",46.0,1738.0,40-49,Court,N,Private: Classical,http://www.oxforddnb.com/view/article/10540,HDRUMMOND,Henry,Drummond,M,P,P,banker,http://www.oxforddnb.com/view/article/48025,Other,financial,A,1784,N,N,N,opening and closing formulae omitted,,279,The Later Correspondence of George 3. Ed. by A. Aspinall. Cambridge: Cambridge University Press. 5 vols. 1962-1970.,,1780,1800,GEORGE3,GEORG3A_003,1784
GEORG3A_005,z George 3A,1780-1800,WILLIAM4,William Henry,Hanover,M,Royalty,R,"royalty, prince, navy officer",20.0,1765.0,20-29,Court,N,Private: Classical,http://www.oxforddnb.com/view/article/29451,GEORGE3,George William Frederick,Hanover,M,R,R,"royalty, King George III",http://www.oxforddnb.com/view/article/10540,Family: Nuclear,son - father,A,1785,N,N,N,opening and closing formulae omitted,,205,The Later Correspondence of George 3. Ed. by A. Aspinall. Cambridge: Cambridge University Press. 5 vols. 1962-1970.,,1780,1800,WILLIAM4,GEORG3A_005,1785
GEORG3A_006,z George 3A,1780-1800,GEORGE3,George William Frederick,Hanover,M,Royalty,R,"royalty, King George III",47.0,1738.0,40-49,Court,N,Private: Classical,http://www.oxforddnb.com/view/article/10540,GEORGE4,George,Hanover,M,R,R,"royalty, Prince of Wales",http://www.oxforddnb.com/view/article/10541,Family: Nuclear,father - son,A,1785,N,N,N,opening and closing formulae omitted,,801,The Later Correspondence of George 3. Ed. by A. Aspinall. Cambridge: Cambridge University Press. 5 vols. 1962-1970.,,1780,1800,GEORGE3,GEORG3A_006,1785
GEORG3A_007,z George 3A,1780-1800,FHANOVER,Frederick Augustus,Hanover,M,Royalty,R,"royalty, prince, army officer, Duke of York",22.0,1763.0,20-29,Abroad,N,Unknown,,GEORGE3,George William Frederick,Hanover,M,R,R,"royalty, King George III",http://www.oxforddnb.com/view/article/10540,Family: Nuclear,son - father,A,1785,N,N,N,opening and closing formulae omitted,,397,The Later Correspondence of George 3. Ed. by A. Aspinall. Cambridge: Cambridge University Press. 5 vols. 1962-1970.,,1780,1800,FHANOVER,GEORG3A_007,1785
GEORG3A_008,z George 3A,1780-1800,GEORGE3,George William Frederick,Hanover,M,Royalty,R,"royalty, King George III",47.0,1738.0,40-49,Court,N,Private: Classical,http://www.oxforddnb.com/view/article/10540,GHOTHAM,George,Hotham,M,GU,GU,"baronet, colonel",,Other,sub-governor to his 2 sons,A,1785,N,N,N,opening and closing formulae omitted,,826,The Later Correspondence of George 3. Ed. by A. Aspinall. Cambridge: Cambridge University Press. 5 vols. 1962-1970.,,1780,1800,GEORGE3,GEORG3A_008,1785
GEORG3A_009,z George 3A,1780-1800,EHANOVER,Edward,Hanover,M,Royalty,R,"royalty, prince, army officer",18.0,1767.0,10-19,Abroad,N,Higher: Foreign,http://www.oxforddnb.com/view/article/8526,GEORGE3,George William Frederick,Hanover,M,R,R,"royalty, King George III",http://www.oxforddnb.com/view/article/10540,Family: Nuclear,son - father,A,1785,N,N,N,opening and closing formulae omitted,,334,The Later Correspondence of George 3. Ed. by A. Aspinall. Cambridge: Cambridge University Press. 5 vols. 1962-1970.,,1780,1800,EHANOVER,GEORG3A_009,1785
GEORG3A_010,z George 3A,1780-1800,EHANOVER,Edward,Hanover,M,Royalty,R,"royalty, prince, army officer",18.0,1767.0,10-19,Abroad,N,Higher: Foreign,http://www.oxforddnb.com/view/article/8526,GEORGE3,George William Frederick,Hanover,M,R,R,"royalty, King George III",http://www.oxforddnb.com/view/article/10540,Family: Nuclear,son - father,A,1785,N,N,N,opening and closing formulae omitted,,213,The Later Correspondence of George 3. Ed. by A. Aspinall. Cambridge: Cambridge University Press. 5 vols. 1962-1970.,,1780,1800,EHANOVER,GEORG3A_010,1785
GEORG3A_011,z George 3A,1780-1800,WILLIAM4,William Henry,Hanover,M,Royalty,R,"royalty, prince, navy officer",21.0,1765.0,20-29,Court,N,Private: Classical,http://www.oxforddnb.com/view/article/29451,GEORGE3,George William Frederick,Hanover,M,R,R,"royalty, King George III",http://www.oxforddnb.com/view/article/10540,Family: Nuclear,son - father,A,1786,N,N,N,opening and closing formulae omitted,,343,The Later Correspondence of George 3. Ed. by A. Aspinall. Cambridge: Cambridge University Press. 5 vols. 1962-1970.,,1780,1800,WILLIAM4,GEORG3A_011,1786
GEORG3A_012,z George 3A,1780-1800,FHANOVER,Frederick Augustus,Hanover,M,Royalty,R,"royalty, prince, army officer, Duke of York",23.0,1763.0,20-29,Abroad,N,Unknown,,GEORGE3,George William Frederick,Hanover,M,R,R,"royalty, King George III",http://www.oxforddnb.com/view/article/10540,Family: Nuclear,son - father,A,1786,N,N,N,opening and closing formulae omitted,,451,The Later Correspondence of George 3. Ed. by A. Aspinall. Cambridge: Cambridge University Press. 5 vols. 1962-1970.,,1780,1800,FHANOVER,GEORG3A_012,1786
GEORG3A_013,z George 3A,1780-1800,GEORGE3,George William Frederick,Hanover,M,Royalty,R,"royalty, King George III",48.0,1738.0,40-49,Court,N,Private: Classical,http://www.oxforddnb.com/view/article/10540,AHANOVER,Augustus Frederick,Hanover,M,R,R,"royalty, prince",http://www.oxforddnb.com/view/article/900,Family: Nuclear,father - son,A,1786,N,N,N,opening and closing formulae omitted,,158,The Later Correspondence of George 3. Ed. by A. Aspinall. Cambridge: Cambridge University Press. 5 vols. 1962-1970.,,1780,1800,GEORGE3,GEORG3A_013,1786
GEORG3A_014,z George 3A,1780-1800,ERHANOVER,Ernest Augustus,Hanover,M,Royalty,R,"royalty, prince, army officer",15.0,1771.0,10-19,Abroad,N,Higher: Foreign,http://www.oxforddnb.com/view/article/8840,GEORGE3,George William Frederick,Hanover,M,R,R,"royalty, King George III",http://www.oxforddnb.com/view/article/10540,Family: Nuclear,son - father,A,1786,N,N,N,opening and closing formulae omitted,,254,The Later Correspondence of George 3. Ed. by A. Aspinall. Cambridge: Cambridge University Press. 5 vols. 1962-1970.,,1780,1800,ERHANOVER,GEORG3A_014,1786
GEORG3A_015,z George 3A,1780-1800,EHANOVER,Edward,Hanover,M,Royalty,R,"royalty, prince, army officer",19.0,1767.0,10-19,Abroad,N,Higher: Foreign,http://www.oxforddnb.com/view/article/8526,GEORGE3,George William Frederick,Hanover,M,R,R,"royalty, King George III",http://www.oxforddnb.com/view/article/10540,Family: Nuclear,son - father,A,1786,N,N,N,opening and closing formulae omitted,,382,The Later Correspondence of George 3. Ed. by A. Aspinall. Cambridge: Cambridge University Press. 5 vols. 1962-1970.,,1780,1800,EHANOVER,GEORG3A_015,1786
GEORG3A_016,z George 3A,1780-1800,GEORGE3,George William Frederick,Hanover,M,Royalty,R,"royalty, King George III",48.0,1738.0,40-49,Court,N,Private: Classical,http://www.oxforddnb.com/view/article/10540,FHANOVER,Frederick Augustus,Hanover,M,R,R,"royalty, prince, army officer, Duke of York",,Family: Nuclear,father - son,A,1786,N,N,N,opening and closing formulae omitted,,339,The Later Correspondence of George 3. Ed. by A. Aspinall. Cambridge: Cambridge University Press. 5 vols. 1962-1970.,,1780,1800,GEORGE3,GEORG3A_016,1786
GEORG3A_017,z George 3A,1780-1800,FHANOVER,Frederick Augustus,Hanover,M,Royalty,R,"royalty, prince, army officer, Duke of York",24.0,1763.0,20-29,Abroad,N,Unknown,,GEORGE3,George William Frederick,Hanover,M,R,R,"royalty, King George III",http://www.oxforddnb.com/view/article/10540,Family: Nuclear,son - father,A,1787,N,N,N,opening and closing formulae omitted,,429,The Later Correspondence of George 3. Ed. by A. Aspinall. Cambridge: Cambridge University Press. 5 vols. 1962-1970.,,1780,1800,FHANOVER,GEORG3A_017,1787
GEORG3A_018,z George 3A,1780-1800,EHANOVER,Edward,Hanover,M,Royalty,R,"royalty, prince, army officer",20.0,1767.0,20-29,Abroad,N,Higher: Foreign,http://www.oxforddnb.com/view/article/8526,GEORGE3,George William Frederick,Hanover,M,R,R,"royalty, King George III",http://www.oxforddnb.com/view/article/10540,Family: Nuclear,son - father,A,1787,N,N,N,opening and closing formulae omitted,,416,The Later Correspondence of George 3. Ed. by A. Aspinall. Cambridge: Cambridge University Press. 5 vols. 1962-1970.,,1780,1800,EHANOVER,GEORG3A_018,1787
GEORG3A_019,z George 3A,1780-1800,AHANOVER,Augustus Frederick,Hanover,M,Royalty,R,"royalty, prince",14.0,1773.0,10-19,Court,N,Higher: Foreign,http://www.oxforddnb.com/view/article/900,GEORGE3,George William Frederick,Hanover,M,R,R,"royalty, King George III",http://www.oxforddnb.com/view/article/10540,Family: Nuclear,son - father,A,1787,N,N,N,opening and closing formulae omitted,,147,The Later Correspondence of George 3. Ed. by A. Aspinall. Cambridge: Cambridge University Press. 5 vols. 1962-1970.,,1780,1800,AHANOVER,GEORG3A_019,1787
GEORG3A_020,z George 3A,1780-1800,WILLIAM4,William Henry,Hanover,M,Royalty,R,"royalty, prince, navy officer",22.0,1765.0,20-29,Court,N,Private: Classical,http://www.oxforddnb.com/view/article/29451,GEORGE3,George William Frederick,Hanover,M,R,R,"royalty, King George III",http://www.oxforddnb.com/view/article/10540,Family: Nuclear,son - father,A,1787,N,N,N,opening and closing formulae omitted,,479,The Later Correspondence of George 3. Ed. by A. Aspinall. Cambridge: Cambridge University Press. 5 vols. 1962-1970.,,1780,1800,WILLIAM4,GEORG3A_020,1787
GEORG3A_021,z George 3A,1780-1800,GEORGE3,George William Frederick,Hanover,M,Royalty,R,"royalty, King George III",49.0,1738.0,40-49,Court,N,Private: Classical,http://www.oxforddnb.com/view/article/10540,WILLIAM4,William Henry,Hanover,M,R,R,"royalty, Duke of Gloucester, army officer",http://www.oxforddnb.com/view/article/29451,Family: Nuclear,brothers,A,1787,N,N,N,opening and closing formulae omitted,,296,The Later Correspondence of George 3. Ed. by A. Aspinall. Cambridge: Cambridge University Press. 5 vols. 1962-1970.,,1780,1800,GEORGE3,GEORG3A_021,1787
GEORG3A_023,z George 3A,1780-1800,GEORGE3,George William Frederick,Hanover,M,Royalty,R,"royalty, King George III",50.0,1738.0,50-59,Court,N,Private: Classical,http://www.oxforddnb.com/view/article/10540,W2PITT,William,Pitt,M,GU,GU,"gentry, statesman",http://www.oxforddnb.com/view/article/22338,Other,king - prime minister,A,1788,N,N,N,opening and closing formulae omitted,,193,The Later Correspondence of George 3. Ed. by A. Aspinall. Cambridge: Cambridge University Press. 5 vols. 1962-1970.,,1780,1800,GEORGE3,GEORG3A_023,1788
GEORG3A_024,z George 3A,1780-1800,FHANOVER,Frederick Augustus,Hanover,M,Royalty,R,"royalty, prince, army officer, Duke of York",25.0,1763.0,20-29,Abroad,N,Unknown,,GEORGE3,George William Frederick,Hanover,M,R,R,"royalty, King George III",http://www.oxforddnb.com/view/article/10540,Family: Nuclear,son - father,A,1788,N,N,N,opening and closing formulae omitted,,200,The Later Correspondence of George 3. Ed. by A. Aspinall. Cambridge: Cambridge University Press. 5 vols. 1962-1970.,,1780,1800,FHANOVER,GEORG3A_024,1788
GEORG3A_025,z George 3A,1780-1800,EHANOVER,Edward,Hanover,M,Royalty,R,"royalty, prince, army officer",21.0,1767.0,20-29,Abroad,N,Higher: Foreign,http://www.oxforddnb.com/view/article/8526,GEORGE3,George William Frederick,Hanover,M,R,R,"royalty, King George III",http://www.oxforddnb.com/view/article/10540,Family: Nuclear,son - father,A,1788,N,N,N,opening and closing formulae omitted,,417,The Later Correspondence of George 3. Ed. by A. Aspinall. Cambridge: Cambridge University Press. 5 vols. 1962-1970.,,1780,1800,EHANOVER,GEORG3A_025,1788
GEORG3A_027,z George 3A,1780-1800,WILLIAM4,William Henry,Hanover,M,Royalty,R,"royalty, prince, navy officer",23.0,1765.0,20-29,Court,N,Private: Classical,http://www.oxforddnb.com/view/article/29451,GEORGE3,George William Frederick,Hanover,M,R,R,"royalty, King George III",http://www.oxforddnb.com/view/article/10540,Family: Nuclear,son - father,A,1788,N,N,N,opening and closing formulae omitted,,984,The Later Correspondence of George 3. Ed. by A. Aspinall. Cambridge: Cambridge University Press. 5 vols. 1962-1970.,,1780,1800,WILLIAM4,GEORG3A_027,1788
GEORG3A_028,z George 3A,1780-1800,ERHANOVER,Ernest Augustus,Hanover,M,Royalty,R,"royalty, prince, army officer",17.0,1771.0,10-19,Abroad,N,Higher: Foreign,http://www.oxforddnb.com/view/article/8840,GEORGE3,George William Frederick,Hanover,M,R,R,"royalty, King George III",http://www.oxforddnb.com/view/article/10540,Family: Nuclear,son - father,A,1788,N,N,N,opening and closing formulae omitted,,279,The Later Correspondence of George 3. Ed. by A. Aspinall. Cambridge: Cambridge University Press. 5 vols. 1962-1970.,,1780,1800,ERHANOVER,GEORG3A_028,1788
GEORG3A_029,z George 3A,1780-1800,GEORGE3,George William Frederick,Hanover,M,Royalty,R,"royalty, King George III",50.0,1738.0,50-59,Court,N,Private: Classical,http://www.oxforddnb.com/view/article/10540,AHANOVER,Augustus Frederick,Hanover,M,R,R,"royalty, prince",http://www.oxforddnb.com/view/article/900,Family: Nuclear,father - son,A,1788,N,N,N,opening and closing formulae omitted,,240,The Later Correspondence of George 3. Ed. by A. Aspinall. Cambridge: Cambridge University Press. 5 vols. 1962-1970.,,1780,1800,GEORGE3,GEORG3A_029,1788
GEORG3A_030,z George 3A,1780-1800,GEORGE3,George William Frederick,Hanover,M,Royalty,R,"royalty, King George III",51.0,1738.0,50-59,Court,N,Private: Classical,http://www.oxforddnb.com/view/article/10540,AHANOVER,Augustus Frederick,Hanover,M,R,R,"royalty, prince; army officer",http://www.oxforddnb.com/view/article/900,Family: Nuclear,father - son,A,1789,N,N,N,opening and closing formulae omitted,,225,The Later Correspondence of George 3. Ed. by A. Aspinall. Cambridge: Cambridge University Press. 5 vols. 1962-1970.,,1780,1800,GEORGE3,GEORG3A_030,1789
GEORG3A_031,z George 3A,1780-1800,EHANOVER,Edward,Hanover,M,Royalty,R,"royalty, prince, army officer",22.0,1767.0,20-29,Abroad,N,Higher: Foreign,http://www.oxforddnb.com/view/article/8526,GEORGE3,George William Frederick,Hanover,M,R,R,"royalty, King George III",http://www.oxforddnb.com/view/article/10540,Family: Nuclear,son - father,A,1789,N,N,N,opening and closing formulae omitted,,544,The Later Correspondence of George 3. Ed. by A. Aspinall. Cambridge: Cambridge University Press. 5 vols. 1962-1970.,,1780,1800,EHANOVER,GEORG3A_031,1789
GEORG3A_032,z George 3A,1780-1800,FHANOVER,Frederick Augustus,Hanover,M,Royalty,R,"royalty, prince, army officer, Duke of York",26.0,1763.0,20-29,Abroad,N,Unknown,,GEORGE3,George William Frederick,Hanover,M,R,R,"royalty, King George III",http://www.oxforddnb.com/view/article/10540,Family: Nuclear,son - father,A,1789,N,N,N,opening and closing formulae omitted,,321,The Later Correspondence of George 3. Ed. by A. Aspinall. Cambridge: Cambridge University Press. 5 vols. 1962-1970.,,1780,1800,FHANOVER,GEORG3A_032,1789
GEORG3A_033,z George 3A,1780-1800,WILLIAM4,William Henry,Hanover,M,Royalty,R,"royalty, prince, navy officer, Duke of Clarence",24.0,1765.0,20-29,Court,N,Private: Classical,http://www.oxforddnb.com/view/article/29451,GEORGE3,George William Frederick,Hanover,M,R,R,"royalty, King George III",http://www.oxforddnb.com/view/article/10540,Family: Nuclear,son - father,A,1789,N,N,N,opening and closing formulae omitted,,201,The Later Correspondence of George 3. Ed. by A. Aspinall. Cambridge: Cambridge University Press. 5 vols. 1962-1970.,,1780,1800,WILLIAM4,GEORG3A_033,1789
GEORG3A_034,z George 3A,1780-1800,AHANOVER,Augustus Frederick,Hanover,M,Royalty,R,"royalty, prince",16.0,1773.0,10-19,Court,N,Higher: Foreign,http://www.oxforddnb.com/view/article/900,GEORGE3,George William Frederick,Hanover,M,R,R,"royalty, King George III",http://www.oxforddnb.com/view/article/10540,Family: Nuclear,son - father,A,1789,N,N,N,opening and closing formulae omitted,,252,The Later Correspondence of George 3. Ed. by A. Aspinall. Cambridge: Cambridge University Press. 5 vols. 1962-1970.,,1780,1800,AHANOVER,GEORG3A_034,1789
GEORG3A_035,z George 3A,1780-1800,ERHANOVER,Ernest Augustus,Hanover,M,Royalty,R,"royalty, prince, army officer",18.0,1771.0,10-19,Abroad,N,Higher: Foreign,http://www.oxforddnb.com/view/article/8840,GEORGE3,George William Frederick,Hanover,M,R,R,"royalty, King George III",http://www.oxforddnb.com/view/article/10540,Family: Nuclear,son - father,A,1789,N,N,N,opening and closing formulae omitted,,282,The Later Correspondence of George 3. Ed. by A. Aspinall. Cambridge: Cambridge University Press. 5 vols. 1962-1970.,,1780,1800,ERHANOVER,GEORG3A_035,1789
GEORG3A_036,z George 3A,1780-1800,GEORGE3,George William Frederick,Hanover,M,Royalty,R,"royalty, King George III",51.0,1738.0,50-59,Court,N,Private: Classical,http://www.oxforddnb.com/view/article/10540,ETHURLOW,Edward,Thurlow,M,N,N,"nobility, politician (barrister)",http://www.oxforddnb.com/view/article/27406,Other,formal; T. courted P. of W.,A,1789,N,N,N,opening and closing formulae omitted,,320,The Later Correspondence of George 3. Ed. by A. Aspinall. Cambridge: Cambridge University Press. 5 vols. 1962-1970.,,1780,1800,GEORGE3,GEORG3A_036,1789
GEORG3A_037,z George 3A,1780-1800,ERHANOVER,Ernest Augustus,Hanover,M,Royalty,R,"royalty, prince, army officer",19.0,1771.0,10-19,Abroad,N,Higher: Foreign,http://www.oxforddnb.com/view/article/8840,GEORGE3,George William Frederick,Hanover,M,R,R,"royalty, King George III",http://www.oxforddnb.com/view/article/10540,Family: Nuclear,son - father,A,1790,N,N,N,opening and closing formulae omitted,,322,The Later Correspondence of George 3. Ed. by A. Aspinall. Cambridge: Cambridge University Press. 5 vols. 1962-1970.,,1780,1800,ERHANOVER,GEORG3A_037,1790
GEORG3A_038,z George 3A,1780-1800,AHANOVER,Augustus Frederick,Hanover,M,Royalty,R,"royalty, prince",17.0,1773.0,10-19,Court,N,Higher: Foreign,http://www.oxforddnb.com/view/article/900,GEORGE3,George William Frederick,Hanover,M,R,R,"royalty, King George III",http://www.oxforddnb.com/view/article/10540,Family: Nuclear,son - father,A,1790,N,N,N,opening and closing formulae omitted,,404,The Later Correspondence of George 3. Ed. by A. Aspinall. Cambridge: Cambridge University Press. 5 vols. 1962-1970.,,1780,1800,AHANOVER,GEORG3A_038,1790
GEORG3A_039,z George 3A,1780-1800,ERHANOVER,Ernest Augustus,Hanover,M,Royalty,R,"royalty, prince, army officer",19.0,1771.0,10-19,Abroad,N,Higher: Foreign,http://www.oxforddnb.com/view/article/8840,GEORGE3,George William Frederick,Hanover,M,R,R,"royalty, King George III",http://www.oxforddnb.com/view/article/10540,Family: Nuclear,son - father,A,1790,N,N,N,opening and closing formulae omitted,,315,The Later Correspondence of George 3. Ed. by A. Aspinall. Cambridge: Cambridge University Press. 5 vols. 1962-1970.,,1780,1800,ERHANOVER,GEORG3A_039,1790
GEORG3A_040,z George 3A,1780-1800,WILLIAM4,William Henry,Hanover,M,Royalty,R,"royalty, prince, navy officer, Duke of Clarence",25.0,1765.0,20-29,Court,N,Private: Classical,http://www.oxforddnb.com/view/article/29451,GEORGE3,George William Frederick,Hanover,M,R,R,"royalty, King George III",http://www.oxforddnb.com/view/article/10540,Family: Nuclear,son - father,A,1790,N,N,N,opening and closing formulae omitted,,423,The Later Correspondence of George 3. Ed. by A. Aspinall. Cambridge: Cambridge University Press. 5 vols. 1962-1970.,,1780,1800,WILLIAM4,GEORG3A_040,1790
GEORG3A_041,z George 3A,1780-1800,GEORGE3,George William Frederick,Hanover,M,Royalty,R,"royalty, King George III",52.0,1738.0,50-59,Court,N,Private: Classical,http://www.oxforddnb.com/view/article/10540,AHANOVER,Augustus Frederick,Hanover,M,R,R,"royalty, prince",http://www.oxforddnb.com/view/article/900,Family: Nuclear,father - son,A,1790,N,N,N,opening and closing formulae omitted,,173,The Later Correspondence of George 3. Ed. by A. Aspinall. Cambridge: Cambridge University Press. 5 vols. 1962-1970.,,1780,1800,GEORGE3,GEORG3A_041,1790
GEORG3A_042,z George 3A,1780-1800,EHANOVER,Edward,Hanover,M,Royalty,R,"royalty, prince, army officer",24.0,1767.0,20-29,Abroad,N,Higher: Foreign,http://www.oxforddnb.com/view/article/8526,GEORGE3,George William Frederick,Hanover,M,R,R,"royalty, King George III",http://www.oxforddnb.com/view/article/10540,Family: Nuclear,son - father,A,1791,N,N,N,opening and closing formulae omitted,,488,The Later Correspondence of George 3. Ed. by A. Aspinall. Cambridge: Cambridge University Press. 5 vols. 1962-1970.,,1780,1800,EHANOVER,GEORG3A_042,1791
GEORG3A_043,z George 3A,1780-1800,WILLIAM4,William Henry,Hanover,M,Royalty,R,"royalty, prince, navy officer, Duke of Clarence",26.0,1765.0,20-29,Court,N,Private: Classical,http://www.oxforddnb.com/view/article/29451,GEORGE3,George William Frederick,Hanover,M,R,R,"royalty, King George III",http://www.oxforddnb.com/view/article/10540,Family: Nuclear,son - father,A,1791,N,N,N,opening and closing formulae omitted,,144,The Later Correspondence of George 3. Ed. by A. Aspinall. Cambridge: Cambridge University Press. 5 vols. 1962-1970.,,1780,1800,WILLIAM4,GEORG3A_043,1791
GEORG3A_045,z George 3A,1780-1800,GEORGE3,George William Frederick,Hanover,M,Royalty,R,"royalty, King George III",53.0,1738.0,50-59,Court,N,Private: Classical,http://www.oxforddnb.com/view/article/10540,AHANOVER,Augustus Frederick,Hanover,M,R,R,"royalty, prince",http://www.oxforddnb.com/view/article/900,Family: Nuclear,father - son,A,1791,N,N,N,opening and closing formulae omitted,,151,The Later Correspondence of George 3. Ed. by A. Aspinall. Cambridge: Cambridge University Press. 5 vols. 1962-1970.,,1780,1800,GEORGE3,GEORG3A_045,1791
GEORG3A_046,z George 3A,1780-1800,AHANOVER,Augustus Frederick,Hanover,M,Royalty,R,"royalty, prince",18.0,1773.0,10-19,Court,N,Higher: Foreign,http://www.oxforddnb.com/view/article/900,GEORGE3,George William Frederick,Hanover,M,R,R,"royalty, King George III",http://www.oxforddnb.com/view/article/10540,Family: Nuclear,son - father,A,1791,N,N,N,opening and closing formulae omitted,,555,The Later Correspondence of George 3. Ed. by A. Aspinall. Cambridge: Cambridge University Press. 5 vols. 1962-1970.,,1780,1800,AHANOVER,GEORG3A_046,1791
GEORG3A_047,z George 3A,1780-1800,FHANOVER,Frederick Augustus,Hanover,M,Royalty,R,"royalty, prince, army officer, Duke of York",28.0,1763.0,20-29,Abroad,N,Unknown,,GEORGE3,George William Frederick,Hanover,M,R,R,"royalty, King George III",http://www.oxforddnb.com/view/article/10540,Family: Nuclear,son - father,A,1791,N,N,N,opening and closing formulae omitted,,239,The Later Correspondence of George 3. Ed. by A. Aspinall. Cambridge: Cambridge University Press. 5 vols. 1962-1970.,,1780,1800,FHANOVER,GEORG3A_047,1791
GEORG3A_048,z George 3A,1780-1800,GEORGE3,George William Frederick,Hanover,M,Royalty,R,"royalty, King George III",54.0,1738.0,50-59,Court,N,Private: Classical,http://www.oxforddnb.com/view/article/10540,W2PITT,William,Pitt,M,GU,GU,"gentry, statesman",http://www.oxforddnb.com/view/article/22338,Other,king - prime minister,A,1792,N,N,N,opening and closing formulae omitted,,296,The Later Correspondence of George 3. Ed. by A. Aspinall. Cambridge: Cambridge University Press. 5 vols. 1962-1970.,,1780,1800,GEORGE3,GEORG3A_048,1792
GEORG3A_049,z George 3A,1780-1800,ERHANOVER,Ernest Augustus,Hanover,M,Royalty,R,"royalty, prince, army officer",21.0,1771.0,20-29,Abroad,N,Higher: Foreign,http://www.oxforddnb.com/view/article/8840,GEORGE3,George William Frederick,Hanover,M,R,R,"royalty, King George III",http://www.oxforddnb.com/view/article/10540,Family: Nuclear,son - father,A,1792,N,N,N,opening and closing formulae omitted,,250,The Later Correspondence of George 3. Ed. by A. Aspinall. Cambridge: Cambridge University Press. 5 vols. 1962-1970.,,1780,1800,ERHANOVER,GEORG3A_049,1792
GEORG3A_050,z George 3A,1780-1800,AHANOVER,Augustus Frederick,Hanover,M,Royalty,R,"royalty, prince",19.0,1773.0,10-19,Court,N,Higher: Foreign,http://www.oxforddnb.com/view/article/900,GEORGE3,George William Frederick,Hanover,M,R,R,"royalty, King George III",http://www.oxforddnb.com/view/article/10540,Family: Nuclear,son - father,A,1792,N,N,N,opening and closing formulae omitted,,571,The Later Correspondence of George 3. Ed. by A. Aspinall. Cambridge: Cambridge University Press. 5 vols. 1962-1970.,,1780,1800,AHANOVER,GEORG3A_050,1792
GEORG3A_051,z George 3A,1780-1800,FHANOVER,Frederick Augustus,Hanover,M,Royalty,R,"royalty, prince, army officer, Duke of York",29.0,1763.0,20-29,Abroad,N,Unknown,,GEORGE3,George William Frederick,Hanover,M,R,R,"royalty, King George III",http://www.oxforddnb.com/view/article/10540,Family: Nuclear,son - father,A,1792,N,N,N,opening and closing formulae omitted,,692,The Later Correspondence of George 3. Ed. by A. Aspinall. Cambridge: Cambridge University Press. 5 vols. 1962-1970.,,1780,1800,FHANOVER,GEORG3A_051,1792
GEORG3A_052,z George 3A,1780-1800,EHANOVER,Edward,Hanover,M,Royalty,R,"royalty, prince, army officer",25.0,1767.0,20-29,Abroad,N,Higher: Foreign,http://www.oxforddnb.com/view/article/8526,GEORGE3,George William Frederick,Hanover,M,R,R,"royalty, King George III",http://www.oxforddnb.com/view/article/10540,Family: Nuclear,son - father,A,1792,N,N,N,opening and closing formulae omitted,,489,The Later Correspondence of George 3. Ed. by A. Aspinall. Cambridge: Cambridge University Press. 5 vols. 1962-1970.,,1780,1800,EHANOVER,GEORG3A_052,1792
GEORG3A_054,z George 3A,1780-1800,AHANOVER,Augustus Frederick,Hanover,M,Royalty,R,"royalty, prince",20.0,1773.0,20-29,Court,N,Higher: Foreign,http://www.oxforddnb.com/view/article/900,GEORGE3,George William Frederick,Hanover,M,R,R,"royalty, King George III",http://www.oxforddnb.com/view/article/10540,Family: Nuclear,son - father,A,1793,N,N,N,opening and closing formulae omitted,,449,The Later Correspondence of George 3. Ed. by A. Aspinall. Cambridge: Cambridge University Press. 5 vols. 1962-1970.,,1780,1800,AHANOVER,GEORG3A_054,1793
GEORG3A_055,z George 3A,1780-1800,GEORGE3,George William Frederick,Hanover,M,Royalty,R,"royalty, King George III",55.0,1738.0,50-59,Court,N,Private: Classical,http://www.oxforddnb.com/view/article/10540,FHANOVER,Frederick Augustus,Hanover,M,R,R,"royalty, prince, army officer, Duke of York",,Family: Nuclear,son - father,A,1793,N,N,N,opening and closing formulae omitted,,288,The Later Correspondence of George 3. Ed. by A. Aspinall. Cambridge: Cambridge University Press. 5 vols. 1962-1970.,,1780,1800,GEORGE3,GEORG3A_055,1793
GEORG3A_056,z George 3A,1780-1800,EHANOVER,Edward,Hanover,M,Royalty,R,"royalty, prince, army officer",26.0,1767.0,20-29,Abroad,N,Higher: Foreign,http://www.oxforddnb.com/view/article/8526,GEORGE3,George William Frederick,Hanover,M,R,R,"royalty, King George III",http://www.oxforddnb.com/view/article/10540,Family: Nuclear,son - father,A,1793,N,N,N,opening and closing formulae omitted,,462,The Later Correspondence of George 3. Ed. by A. Aspinall. Cambridge: Cambridge University Press. 5 vols. 1962-1970.,,1780,1800,EHANOVER,GEORG3A_056,1793
GEORG3A_057,z George 3A,1780-1800,ERHANOVER,Ernest Augustus,Hanover,M,Royalty,R,"royalty, prince, army officer",22.0,1771.0,20-29,Abroad,N,Higher: Foreign,http://www.oxforddnb.com/view/article/8840,GEORGE3,George William Frederick,Hanover,M,R,R,"royalty, King George III",http://www.oxforddnb.com/view/article/10540,Family: Nuclear,son - father,A,1793,N,N,N,opening and closing formulae omitted,,574,The Later Correspondence of George 3. Ed. by A. Aspinall. Cambridge: Cambridge University Press. 5 vols. 1962-1970.,,1780,1800,ERHANOVER,GEORG3A_057,1793
GEORG3A_059,z George 3A,1780-1800,GEORGE3,George William Frederick,Hanover,M,Royalty,R,"royalty, King George III",55.0,1738.0,50-59,Court,N,Private: Classical,http://www.oxforddnb.com/view/article/10540,HDUNDAS,Henry,Dundas,M,GU,N,"gentry, politician",http://www.oxforddnb.com/view/article/8250,Other,formal,A,1793,N,N,N,opening and closing formulae omitted,,152,The Later Correspondence of George 3. Ed. by A. Aspinall. Cambridge: Cambridge University Press. 5 vols. 1962-1970.,,1780,1800,GEORGE3,GEORG3A_059,1793
GEORG3A_060,z George 3A,1780-1800,FHANOVER,Frederick Augustus,Hanover,M,Royalty,R,"royalty, prince, army officer, Duke of York",30.0,1763.0,30-39,Abroad,N,Unknown,,GEORGE3,George William Frederick,Hanover,M,R,R,"royalty, King George III",http://www.oxforddnb.com/view/article/10540,Family: Nuclear,son - father,A,1793,N,N,N,opening and closing formulae omitted,,447,The Later Correspondence of George 3. Ed. by A. Aspinall. Cambridge: Cambridge University Press. 5 vols. 1962-1970.,,1780,1800,FHANOVER,GEORG3A_060,1793
GEORG3A_062,z George 3A,1780-1800,FHANOVER,Frederick Augustus,Hanover,M,Royalty,R,"royalty, prince, army officer, Duke of York",31.0,1763.0,30-39,Abroad,N,Unknown,,GEORGE3,George William Frederick,Hanover,M,R,R,"royalty, King George III",http://www.oxforddnb.com/view/article/10540,Family: Nuclear,son - father,A,1794,N,N,N,opening and closing formulae omitted,,404,The Later Correspondence of George 3. Ed. by A. Aspinall. Cambridge: Cambridge University Press. 5 vols. 1962-1970.,,1780,1800,FHANOVER,GEORG3A_062,1794
GEORG3A_063,z George 3A,1780-1800,EHANOVER,Edward,Hanover,M,Royalty,R,"royalty, prince, army officer",27.0,1767.0,20-29,Abroad,N,Higher: Foreign,http://www.oxforddnb.com/view/article/8526,GEORGE3,George William Frederick,Hanover,M,R,R,"royalty, King George III",http://www.oxforddnb.com/view/article/10540,Family: Nuclear,son - father,A,1794,N,N,N,opening and closing formulae omitted,,190,The Later Correspondence of George 3. Ed. by A. Aspinall. Cambridge: Cambridge University Press. 5 vols. 1962-1970.,,1780,1800,EHANOVER,GEORG3A_063,1794
GEORG3A_064,z George 3A,1780-1800,ERHANOVER,Ernest Augustus,Hanover,M,Royalty,R,"royalty, prince, army officer",23.0,1771.0,20-29,Abroad,N,Higher: Foreign,http://www.oxforddnb.com/view/article/8840,GEORGE3,George William Frederick,Hanover,M,R,R,"royalty, King George III",http://www.oxforddnb.com/view/article/10540,Family: Nuclear,son - father,A,1794,N,N,N,opening and closing formulae omitted,,153,The Later Correspondence of George 3. Ed. by A. Aspinall. Cambridge: Cambridge University Press. 5 vols. 1962-1970.,,1780,1800,ERHANOVER,GEORG3A_064,1794
GEORG3A_066,z George 3A,1780-1800,GEORGE3,George William Frederick,Hanover,M,Royalty,R,"royalty, King George III",56.0,1738.0,50-59,Court,N,Private: Classical,http://www.oxforddnb.com/view/article/10540,WBENTINCK,William Henry Cavendish,Bentinck,M,N,N,"Duke of Portland, statesman",http://www.oxforddnb.com/view/article/2162,Other,formal,A,1794,N,N,N,opening and closing formulae omitted,,168,The Later Correspondence of George 3. Ed. by A. Aspinall. Cambridge: Cambridge University Press. 5 vols. 1962-1970.,,1780,1800,GEORGE3,GEORG3A_066,1794
GEORG3A_067,z George 3A,1780-1800,AHANOVER,Augustus Frederick,Hanover,M,Royalty,R,"royalty, prince",21.0,1773.0,20-29,Court,N,Higher: Foreign,http://www.oxforddnb.com/view/article/900,GEORGE3,George William Frederick,Hanover,M,R,R,"royalty, King George III",http://www.oxforddnb.com/view/article/10540,Family: Nuclear,son - father,A,1794,N,N,N,opening and closing formulae omitted,,396,The Later Correspondence of George 3. Ed. by A. Aspinall. Cambridge: Cambridge University Press. 5 vols. 1962-1970.,,1780,1800,AHANOVER,GEORG3A_067,1794
GEORG3A_068,z George 3A,1780-1800,GEORGE3,George William Frederick,Hanover,M,Royalty,R,"royalty, King George III",57.0,1738.0,50-59,Court,N,Private: Classical,http://www.oxforddnb.com/view/article/10540,GSPENCER,George John,Spencer,M,N,N,Earl Spencer,http://www.oxforddnb.com/view/article/26125,Other,formal,A,1795,N,N,N,opening and closing formulae omitted,,199,The Later Correspondence of George 3. Ed. by A. Aspinall. Cambridge: Cambridge University Press. 5 vols. 1962-1970.,,1780,1800,GEORGE3,GEORG3A_068,1795
GEORG3A_070,z George 3A,1780-1800,GEORGE3,George William Frederick,Hanover,M,Royalty,R,"royalty, King George III",57.0,1738.0,50-59,Court,N,Private: Classical,http://www.oxforddnb.com/view/article/10540,GEORGE4,George,Hanover,M,R,R,"royalty, Prince of Wales",http://www.oxforddnb.com/view/article/10541,Family: Nuclear,father - son,A,1795,N,N,N,opening and closing formulae omitted,,459,The Later Correspondence of George 3. Ed. by A. Aspinall. Cambridge: Cambridge University Press. 5 vols. 1962-1970.,,1780,1800,GEORGE3,GEORG3A_070,1795
GEORG3A_071,z George 3A,1780-1800,AHANOVER,Augustus Frederick,Hanover,M,Royalty,R,"royalty, prince",22.0,1773.0,20-29,Court,N,Higher: Foreign,http://www.oxforddnb.com/view/article/900,GEORGE3,George William Frederick,Hanover,M,R,R,"royalty, King George III",http://www.oxforddnb.com/view/article/10540,Family: Nuclear,son - father,A,1795,N,N,N,opening and closing formulae omitted,,414,The Later Correspondence of George 3. Ed. by A. Aspinall. Cambridge: Cambridge University Press. 5 vols. 1962-1970.,,1780,1800,AHANOVER,GEORG3A_071,1795
GEORG3A_072,z George 3A,1780-1800,FHANOVER,Frederick Augustus,Hanover,M,Royalty,R,"royalty, prince, army officer, Duke of York",32.0,1763.0,30-39,Abroad,N,Unknown,,GEORGE3,George William Frederick,Hanover,M,R,R,"royalty, King George III",http://www.oxforddnb.com/view/article/10540,Family: Nuclear,son - father,A,1795,N,N,N,opening and closing formulae omitted,,217,The Later Correspondence of George 3. Ed. by A. Aspinall. Cambridge: Cambridge University Press. 5 vols. 1962-1970.,,1780,1800,FHANOVER,GEORG3A_072,1795
GEORG3A_073,z George 3A,1780-1800,ERHANOVER,Ernest Augustus,Hanover,M,Royalty,R,"royalty, prince, army officer",24.0,1771.0,20-29,Abroad,N,Higher: Foreign,http://www.oxforddnb.com/view/article/8840,GEORGE3,George William Frederick,Hanover,M,R,R,"royalty, King George III",http://www.oxforddnb.com/view/article/10540,Family: Nuclear,son - father,A,1795,N,N,N,opening and closing formulae omitted,,168,The Later Correspondence of George 3. Ed. by A. Aspinall. Cambridge: Cambridge University Press. 5 vols. 1962-1970.,,1780,1800,ERHANOVER,GEORG3A_073,1795
GEORG3A_074,z George 3A,1780-1800,AHANOVER,Augustus Frederick,Hanover,M,Royalty,R,"royalty, prince",22.0,1773.0,20-29,Court,N,Higher: Foreign,http://www.oxforddnb.com/view/article/900,GEORGE3,George William Frederick,Hanover,M,R,R,"royalty, King George III",http://www.oxforddnb.com/view/article/10540,Family: Nuclear,son - father,A,1795,N,N,N,opening and closing formulae omitted,,843,The Later Correspondence of George 3. Ed. by A. Aspinall. Cambridge: Cambridge University Press. 5 vols. 1962-1970.,,1780,1800,AHANOVER,GEORG3A_074,1795
GEORG3A_076,z George 3A,1780-1800,EHANOVER,Edward,Hanover,M,Royalty,R,"royalty, prince, army officer",29.0,1767.0,20-29,Abroad,N,Higher: Foreign,http://www.oxforddnb.com/view/article/8526,GEORGE3,George William Frederick,Hanover,M,R,R,"royalty, King George III",http://www.oxforddnb.com/view/article/10540,Family: Nuclear,son - father,A,1796,N,N,N,opening and closing formulae omitted,,314,The Later Correspondence of George 3. Ed. by A. Aspinall. Cambridge: Cambridge University Press. 5 vols. 1962-1970.,,1780,1800,EHANOVER,GEORG3A_076,1796
GEORG3A_077,z George 3A,1780-1800,GEORGE3,George William Frederick,Hanover,M,Royalty,R,"royalty, King George III",58.0,1738.0,50-59,Court,N,Private: Classical,http://www.oxforddnb.com/view/article/10540,WILLIAM4,William Henry,Hanover,M,R,R,"royalty, Duke of Gloucester, army officer",http://www.oxforddnb.com/view/article/29451,Family: Nuclear,brothers,A,1796,N,N,N,opening and closing formulae omitted,,242,The Later Correspondence of George 3. Ed. by A. Aspinall. Cambridge: Cambridge University Press. 5 vols. 1962-1970.,,1780,1800,GEORGE3,GEORG3A_077,1796
GEORG3A_078,z George 3A,1780-1800,WILLIAM4,William Henry,Hanover,M,Royalty,R,"royalty, prince, navy officer, Duke of Clarence",31.0,1765.0,30-39,Court,N,Private: Classical,http://www.oxforddnb.com/view/article/29451,GEORGE3,George William Frederick,Hanover,M,R,R,"royalty, King George III",http://www.oxforddnb.com/view/article/10540,Family: Nuclear,son - father,A,1796,N,N,N,opening and closing formulae omitted,,446,The Later Correspondence of George 3. Ed. by A. Aspinall. Cambridge: Cambridge University Press. 5 vols. 1962-1970.,,1780,1800,WILLIAM4,GEORG3A_078,1796
GEORG3A_079,z George 3A,1780-1800,GEORGE3,George William Frederick,Hanover,M,Royalty,R,"royalty, King George III",58.0,1738.0,50-59,Court,N,Private: Classical,http://www.oxforddnb.com/view/article/10540,AHANOVER,Augustus Frederick,Hanover,M,R,R,"royalty, prince",http://www.oxforddnb.com/view/article/900,Family: Nuclear,father - son,A,1796,N,N,N,opening and closing formulae omitted,,181,The Later Correspondence of George 3. Ed. by A. Aspinall. Cambridge: Cambridge University Press. 5 vols. 1962-1970.,,1780,1800,GEORGE3,GEORG3A_079,1796
GEORG3A_080,z George 3A,1780-1800,FHANOVER,Frederick Augustus,Hanover,M,Royalty,R,"royalty, prince, army officer, Duke of York",33.0,1763.0,30-39,Abroad,N,Unknown,,GEORGE3,George William Frederick,Hanover,M,R,R,"royalty, King George III",http://www.oxforddnb.com/view/article/10540,Family: Nuclear,son - father,A,1796,N,N,N,opening and closing formulae omitted,,332,The Later Correspondence of George 3. Ed. by A. Aspinall. Cambridge: Cambridge University Press. 5 vols. 1962-1970.,,1780,1800,FHANOVER,GEORG3A_080,1796
GEORG3A_081,z George 3A,1780-1800,GEORGE3,George William Frederick,Hanover,M,Royalty,R,"royalty, King George III",59.0,1738.0,50-59,Court,N,Private: Classical,http://www.oxforddnb.com/view/article/10540,W2PITT,William,Pitt,M,GU,GU,"gentry, statesman",http://www.oxforddnb.com/view/article/22338,Other,king - prime minister,A,1797,N,N,N,opening and closing formulae omitted,,263,The Later Correspondence of George 3. Ed. by A. Aspinall. Cambridge: Cambridge University Press. 5 vols. 1962-1970.,,1780,1800,GEORGE3,GEORG3A_081,1797
GEORG3A_082,z George 3A,1780-1800,FHANOVER,Frederick Augustus,Hanover,M,Royalty,R,"royalty, prince, army officer, Duke of York",34.0,1763.0,30-39,Abroad,N,Unknown,,GEORGE3,George William Frederick,Hanover,M,R,R,"royalty, King George III",http://www.oxforddnb.com/view/article/10540,Family: Nuclear,son - father,A,1797,N,N,N,opening and closing formulae omitted,,341,The Later Correspondence of George 3. Ed. by A. Aspinall. Cambridge: Cambridge University Press. 5 vols. 1962-1970.,,1780,1800,FHANOVER,GEORG3A_082,1797
GEORG3A_085,z George 3A,1780-1800,GEORGE3,George William Frederick,Hanover,M,Royalty,R,"royalty, King George III",59.0,1738.0,50-59,Court,N,Private: Classical,http://www.oxforddnb.com/view/article/10540,W2PITT,William,Pitt,M,GU,GU,"gentry, statesman",http://www.oxforddnb.com/view/article/22338,Other,king - prime minister,A,1797,N,N,N,opening and closing formulae omitted,,163,The Later Correspondence of George 3. Ed. by A. Aspinall. Cambridge: Cambridge University Press. 5 vols. 1962-1970.,,1780,1800,GEORGE3,GEORG3A_085,1797
GEORG3A_089,z George 3A,1780-1800,EHANOVER,Edward,Hanover,M,Royalty,R,"royalty, prince, army officer",30.0,1767.0,30-39,Abroad,N,Higher: Foreign,http://www.oxforddnb.com/view/article/8526,GEORGE3,George William Frederick,Hanover,M,R,R,"royalty, King George III",http://www.oxforddnb.com/view/article/10540,Family: Nuclear,son - father,A,1797,N,N,N,opening and closing formulae omitted,,409,The Later Correspondence of George 3. Ed. by A. Aspinall. Cambridge: Cambridge University Press. 5 vols. 1962-1970.,,1780,1800,EHANOVER,GEORG3A_089,1797
GEORG3A_090,z George 3A,1780-1800,ERHANOVER,Ernest Augustus,Hanover,M,Royalty,R,"royalty, prince, army officer",27.0,1771.0,20-29,Abroad,N,Higher: Foreign,http://www.oxforddnb.com/view/article/8840,GEORGE3,George William Frederick,Hanover,M,R,R,"royalty, King George III",http://www.oxforddnb.com/view/article/10540,Family: Nuclear,son - father,A,1798,N,N,N,opening and closing formulae omitted,,213,The Later Correspondence of George 3. Ed. by A. Aspinall. Cambridge: Cambridge University Press. 5 vols. 1962-1970.,,1780,1800,ERHANOVER,GEORG3A_090,1798
GEORG3A_092,z George 3A,1780-1800,FHANOVER,Frederick Augustus,Hanover,M,Royalty,R,"royalty, prince, army officer, Duke of York",35.0,1763.0,30-39,Abroad,N,Unknown,,GEORGE3,George William Frederick,Hanover,M,R,R,"royalty, King George III",http://www.oxforddnb.com/view/article/10540,Family: Nuclear,son - father,A,1798,N,N,N,opening and closing formulae omitted,,517,The Later Correspondence of George 3. Ed. by A. Aspinall. Cambridge: Cambridge University Press. 5 vols. 1962-1970.,,1780,1800,FHANOVER,GEORG3A_092,1798
GEORG3A_095,z George 3A,1780-1800,GEORGE3,George William Frederick,Hanover,M,Royalty,R,"royalty, King George III",60.0,1738.0,60-69,Court,N,Private: Classical,http://www.oxforddnb.com/view/article/10540,HDUNDAS,Henry,Dundas,M,GU,N,"gentry, politician",http://www.oxforddnb.com/view/article/8250,Other,formal,A,1798,N,N,N,opening and closing formulae omitted,,256,The Later Correspondence of George 3. Ed. by A. Aspinall. Cambridge: Cambridge University Press. 5 vols. 1962-1970.,,1780,1800,GEORGE3,GEORG3A_095,1798
GEORG3A_100,z George 3A,1780-1800,EHANOVER,Edward,Hanover,M,Royalty,R,"royalty, prince, army officer",31.0,1767.0,30-39,Abroad,N,Higher: Foreign,http://www.oxforddnb.com/view/article/8526,GEORGE3,George William Frederick,Hanover,M,R,R,"royalty, King George III",http://www.oxforddnb.com/view/article/10540,Family: Nuclear,son - father,A,1798,N,N,N,opening and closing formulae omitted,,270,The Later Correspondence of George 3. Ed. by A. Aspinall. Cambridge: Cambridge University Press. 5 vols. 1962-1970.,,1780,1800,EHANOVER,GEORG3A_100,1798
GEORG3A_102,z George 3A,1780-1800,GEORGE3,George William Frederick,Hanover,M,Royalty,R,"royalty, King George III",60.0,1738.0,60-69,Court,N,Private: Classical,http://www.oxforddnb.com/view/article/10540,GSPENCER,George John,Spencer,M,N,N,Earl Spencer,http://www.oxforddnb.com/view/article/26125,Other,formal,A,1798,N,N,N,opening and closing formulae omitted,,192,The Later Correspondence of George 3. Ed. by A. Aspinall. Cambridge: Cambridge University Press. 5 vols. 1962-1970.,,1780,1800,GEORGE3,GEORG3A_102,1798
GEORG3A_103,z George 3A,1780-1800,AHANOVER,Augustus Frederick,Hanover,M,Royalty,R,"royalty, prince",25.0,1773.0,20-29,Court,N,Higher: Foreign,http://www.oxforddnb.com/view/article/900,GEORGE3,George William Frederick,Hanover,M,R,R,"royalty, King George III",http://www.oxforddnb.com/view/article/10540,Family: Nuclear,son - father,A,1798,N,N,N,opening and closing formulae omitted,,786,The Later Correspondence of George 3. Ed. by A. Aspinall. Cambridge: Cambridge University Press. 5 vols. 1962-1970.,,1780,1800,AHANOVER,GEORG3A_103,1798
GEORG3A_112,z George 3A,1780-1800,ERHANOVER,Ernest Augustus,Hanover,M,Royalty,R,"royalty, prince, army officer, Duke of Cumberland",28.0,1771.0,20-29,Abroad,N,Higher: Foreign,http://www.oxforddnb.com/view/article/8840,GEORGE3,George William Frederick,Hanover,M,R,R,"royalty, King George III",http://www.oxforddnb.com/view/article/10540,Family: Nuclear,son - father,A,1799,N,N,N,opening and closing formulae omitted,,130,The Later Correspondence of George 3. Ed. by A. Aspinall. Cambridge: Cambridge University Press. 5 vols. 1962-1970.,,1780,1800,ERHANOVER,GEORG3A_112,1799
GEORG3A_113,z George 3A,1780-1800,AHANOVER,Augustus Frederick,Hanover,M,Royalty,R,"royalty, prince",26.0,1773.0,20-29,Court,N,Higher: Foreign,http://www.oxforddnb.com/view/article/900,GEORGE3,George William Frederick,Hanover,M,R,R,"royalty, King George III",http://www.oxforddnb.com/view/article/10540,Family: Nuclear,son - father,A,1799,N,N,N,opening and closing formulae omitted,,371,The Later Correspondence of George 3. Ed. by A. Aspinall. Cambridge: Cambridge University Press. 5 vols. 1962-1970.,,1780,1800,AHANOVER,GEORG3A_113,1799
GEORG3A_114,z George 3A,1780-1800,GEORGE3,George William Frederick,Hanover,M,Royalty,R,"royalty, King George III",61.0,1738.0,60-69,Court,N,Private: Classical,http://www.oxforddnb.com/view/article/10540,AWEDDERBURN,Alexander,Wedderburn,M,N,N,"Baron Loughborough, Lord Chancellor (advocate)",http://www.oxforddnb.com/view/article/28954,Other,formal,A,1799,N,N,N,opening and closing formulae omitted,,179,The Later Correspondence of George 3. Ed. by A. Aspinall. Cambridge: Cambridge University Press. 5 vols. 1962-1970.,,1780,1800,GEORGE3,GEORG3A_114,1799
GEORG3A_115,z George 3A,1780-1800,FHANOVER,Frederick Augustus,Hanover,M,Royalty,R,"royalty, prince, army officer, Duke of York",36.0,1763.0,30-39,Abroad,N,Unknown,,GEORGE3,George William Frederick,Hanover,M,R,R,"royalty, King George III",http://www.oxforddnb.com/view/article/10540,Family: Nuclear,son - father,A,1799,N,N,N,opening and closing formulae omitted,,311,The Later Correspondence of George 3. Ed. by A. Aspinall. Cambridge: Cambridge University Press. 5 vols. 1962-1970.,,1780,1800,FHANOVER,GEORG3A_115,1799
GEORG3A_121,z George 3A,1780-1800,AHANOVER,Augustus Frederick,Hanover,M,Royalty,R,"royalty, prince",27.0,1773.0,20-29,Court,N,Higher: Foreign,http://www.oxforddnb.com/view/article/900,GEORGE3,George William Frederick,Hanover,M,R,R,"royalty, King George III",http://www.oxforddnb.com/view/article/10540,Family: Nuclear,son - father,A,1800,N,N,N,opening and closing formulae omitted,,155,The Later Correspondence of George 3. Ed. by A. Aspinall. Cambridge: Cambridge University Press. 5 vols. 1962-1970.,,1780,1800,AHANOVER,GEORG3A_121,1800
GEORG3A_122,z George 3A,1780-1800,FHANOVER,Frederick Augustus,Hanover,M,Royalty,R,"royalty, prince, army officer, Duke of York",37.0,1763.0,30-39,Abroad,N,Unknown,,GEORGE3,George William Frederick,Hanover,M,R,R,"royalty, King George III",http://www.oxforddnb.com/view/article/10540,Family: Nuclear,son - father,A,1800,N,N,N,opening and closing formulae omitted,,344,The Later Correspondence of George 3. Ed. by A. Aspinall. Cambridge: Cambridge University Press. 5 vols. 1962-1970.,,1780,1800,FHANOVER,GEORG3A_122,1800
GEORG3A_123,z George 3A,1780-1800,GEORGE3,George William Frederick,Hanover,M,Royalty,R,"royalty, King George III",62.0,1738.0,60-69,Court,N,Private: Classical,http://www.oxforddnb.com/view/article/10540,W2PITT,William,Pitt,M,GU,GU,"gentry, statesman",http://www.oxforddnb.com/view/article/22338,Other,king - prime minister,A,1800,N,N,N,opening and closing formulae omitted,,526,The Later Correspondence of George 3. Ed. by A. Aspinall. Cambridge: Cambridge University Press. 5 vols. 1962-1970.,,1780,1800,GEORGE3,GEORG3A_123,1800
GEORG3A_124,z George 3A,1780-1800,GEORGE3,George William Frederick,Hanover,M,Royalty,R,"royalty, King George III",62.0,1738.0,60-69,Court,N,Private: Classical,http://www.oxforddnb.com/view/article/10540,CFINCH,Charlotte,Finch nï¿½e Fermor,F,GU,GU,"gentry, royal governess",http://www.oxforddnb.com/view/article/75524,Other,formerly governess to GIII's children,A,1800,N,N,N,opening and closing formulae omitted,,207,The Later Correspondence of George 3. Ed. by A. Aspinall. Cambridge: Cambridge University Press. 5 vols. 1962-1970.,,1780,1800,GEORGE3,GEORG3A_124,1800
GEORG3A_125,z George 3A,1780-1800,FHANOVER,Frederick Augustus,Hanover,M,Royalty,R,"royalty, prince, army officer, Duke of York",37.0,1763.0,30-39,Abroad,N,Unknown,,GEORGE3,George William Frederick,Hanover,M,R,R,"royalty, King George III",http://www.oxforddnb.com/view/article/10540,Family: Nuclear,son - father,A,1800,N,N,N,opening and closing formulae omitted,,248,The Later Correspondence of George 3. Ed. by A. Aspinall. Cambridge: Cambridge University Press. 5 vols. 1962-1970.,,1780,1800,FHANOVER,GEORG3A_125,1800
GEORG3A_126,z George 3A,1780-1800,EHANOVER,Edward,Hanover,M,Royalty,R,"royalty, prince, army officer",33.0,1767.0,30-39,Abroad,N,Higher: Foreign,http://www.oxforddnb.com/view/article/8526,GEORGE3,George William Frederick,Hanover,M,R,R,"royalty, King George III",http://www.oxforddnb.com/view/article/10540,Family: Nuclear,son - father,A,1800,N,N,N,opening and closing formulae omitted,,293,The Later Correspondence of George 3. Ed. by A. Aspinall. Cambridge: Cambridge University Press. 5 vols. 1962-1970.,,1780,1800,EHANOVER,GEORG3A_126,1800
GEORG3A_127,z George 3A,1780-1800,AHANOVER,Augustus Frederick,Hanover,M,Royalty,R,"royalty, prince",27.0,1773.0,20-29,Court,N,Higher: Foreign,http://www.oxforddnb.com/view/article/900,GEORGE3,George William Frederick,Hanover,M,R,R,"royalty, King George III",http://www.oxforddnb.com/view/article/10540,Family: Nuclear,son - father,A,1800,N,N,N,opening and closing formulae omitted,,455,The Later Correspondence of George 3. Ed. by A. Aspinall. Cambridge: Cambridge University Press. 5 vols. 1962-1970.,,1780,1800,AHANOVER,GEORG3A_127,1800
GEORG3A_128,z George 3A,1760-1779,GEORGE3,George William Frederick,Hanover,M,Royalty,R,"royalty, King George III",41.0,1738.0,40-49,Court,N,Private: Classical,http://www.oxforddnb.com/view/article/10540,WILLIAM4,William Henry,Hanover,M,R,R,"royalty, prince, navy officer",http://www.oxforddnb.com/view/article/29451,Family: Nuclear,father - son,A,1779,N,N,N,opening and closing formulae omitted,,575,The Later Correspondence of George 3. Ed. by A. Aspinall. Cambridge: Cambridge University Press. 5 vols. 1962-1970.,,1760,1779,GEORGE3,GEORG3A_128,1779
GEORG3A_130,z George 3A,1760-1779,WILLIAM4,William Henry,Hanover,M,Royalty,R,"royalty, prince, navy officer",14.0,1765.0,10-19,Court,N,Private: Classical,http://www.oxforddnb.com/view/article/29451,GEORGE3,George William Frederick,Hanover,M,R,R,"royalty, King George III",http://www.oxforddnb.com/view/article/10540,Family: Nuclear,son - father,A,1779,N,N,N,opening and closing formulae omitted,,580,The Later Correspondence of George 3. Ed. by A. Aspinall. Cambridge: Cambridge University Press. 5 vols. 1962-1970.,,1760,1779,WILLIAM4,GEORG3A_130,1779
GEORG3A_131,z George 3A,1780-1800,GEORGE3,George William Frederick,Hanover,M,Royalty,R,"royalty, King George III",42.0,1738.0,40-49,Court,N,Private: Classical,http://www.oxforddnb.com/view/article/10540,WILLIAM4,William Henry,Hanover,M,R,R,"royalty, prince, navy officer",http://www.oxforddnb.com/view/article/29451,Family: Nuclear,father - son,A,1780,N,N,N,opening and closing formulae omitted,,241,The Later Correspondence of George 3. Ed. by A. Aspinall. Cambridge: Cambridge University Press. 5 vols. 1962-1970.,,1780,1800,GEORGE3,GEORG3A_131,1780
GEORG3A_132,z George 3A,1780-1800,WILLIAM4,William Henry,Hanover,M,Royalty,R,"royalty, prince, navy officer",15.0,1765.0,10-19,Court,N,Private: Classical,http://www.oxforddnb.com/view/article/29451,GEORGE3,George William Frederick,Hanover,M,R,R,"royalty, King George III",http://www.oxforddnb.com/view/article/10540,Family: Nuclear,son - father,A,1780,N,N,N,opening and closing formulae omitted,,214,The Later Correspondence of George 3. Ed. by A. Aspinall. Cambridge: Cambridge University Press. 5 vols. 1962-1970.,,1780,1800,WILLIAM4,GEORG3A_132,1780
GEORG3A_133,z George 3A,1780-1800,GEORGE3,George William Frederick,Hanover,M,Royalty,R,"royalty, King George III",43.0,1738.0,40-49,Court,N,Private: Classical,http://www.oxforddnb.com/view/article/10540,WILLIAM4,William Henry,Hanover,M,R,R,"royalty, prince, navy officer",http://www.oxforddnb.com/view/article/29451,Family: Nuclear,father - son,A,1781,N,N,N,opening and closing formulae omitted,,1015,The Later Correspondence of George 3. Ed. by A. Aspinall. Cambridge: Cambridge University Press. 5 vols. 1962-1970.,,1780,1800,GEORGE3,GEORG3A_133,1781
GEORG3A_134,z George 3A,1780-1800,FHANOVER,Frederick Augustus,Hanover,M,Royalty,R,"royalty, prince, army officer",18.0,1763.0,10-19,Abroad,N,Unknown,,GEORGE3,George William Frederick,Hanover,M,R,R,"royalty, King George III",http://www.oxforddnb.com/view/article/10540,Family: Nuclear,son - father,A,1781,N,N,N,opening and closing formulae omitted,,342,The Later Correspondence of George 3. Ed. by A. Aspinall. Cambridge: Cambridge University Press. 5 vols. 1962-1970.,,1780,1800,FHANOVER,GEORG3A_134,1781
GEORG3A_136,z George 3A,1780-1800,WILLIAM4,William Henry,Hanover,M,Royalty,R,"royalty, prince, navy officer",16.0,1765.0,10-19,Court,N,Private: Classical,http://www.oxforddnb.com/view/article/29451,GEORGE3,George William Frederick,Hanover,M,R,R,"royalty, King George III",http://www.oxforddnb.com/view/article/10540,Family: Nuclear,son - father,A,1781,N,N,N,opening and closing formulae omitted,,500,The Later Correspondence of George 3. Ed. by A. Aspinall. Cambridge: Cambridge University Press. 5 vols. 1962-1970.,,1780,1800,WILLIAM4,GEORG3A_136,1781
GEORG3A_137,z George 3A,1780-1800,WILLIAM4,William Henry,Hanover,M,Royalty,R,"royalty, prince, navy officer",17.0,1765.0,10-19,Court,N,Private: Classical,http://www.oxforddnb.com/view/article/29451,GEORGE3,George William Frederick,Hanover,M,R,R,"royalty, King George III",http://www.oxforddnb.com/view/article/10540,Family: Nuclear,son - father,A,1782,N,N,N,opening and closing formulae omitted,,540,The Later Correspondence of George 3. Ed. by A. Aspinall. Cambridge: Cambridge University Press. 5 vols. 1962-1970.,,1780,1800,WILLIAM4,GEORG3A_137,1782
GEORG3A_138,z George 3A,1780-1800,GEORGE3,George William Frederick,Hanover,M,Royalty,R,"royalty, King George III",44.0,1738.0,40-49,Court,N,Private: Classical,http://www.oxforddnb.com/view/article/10540,WILLIAM4,William Henry,Hanover,M,R,R,"royalty, prince, navy officer",http://www.oxforddnb.com/view/article/29451,Family: Nuclear,father - son,A,1782,N,N,N,opening and closing formulae omitted,,212,The Later Correspondence of George 3. Ed. by A. Aspinall. Cambridge: Cambridge University Press. 5 vols. 1962-1970.,,1780,1800,GEORGE3,GEORG3A_138,1782
GEORG3A_139,z George 3A,1780-1800,WILLIAM4,William Henry,Hanover,M,Royalty,R,"royalty, prince, navy officer",18.0,1765.0,10-19,Court,N,Private: Classical,http://www.oxforddnb.com/view/article/29451,GEORGE3,George William Frederick,Hanover,M,R,R,"royalty, King George III",http://www.oxforddnb.com/view/article/10540,Family: Nuclear,son - father,A,1783,N,N,N,opening and closing formulae omitted,,218,The Later Correspondence of George 3. Ed. by A. Aspinall. Cambridge: Cambridge University Press. 5 vols. 1962-1970.,,1780,1800,WILLIAM4,GEORG3A_139,1783
GEORG3A_140,z George 3A,1780-1800,FHANOVER,Frederick Augustus,Hanover,M,Royalty,R,"royalty, prince, army officer",20.0,1763.0,20-29,Abroad,N,Unknown,,GEORGE3,George William Frederick,Hanover,M,R,R,"royalty, King George III",http://www.oxforddnb.com/view/article/10540,Family: Nuclear,son - father,A,1783,N,N,N,opening and closing formulae omitted,,474,The Later Correspondence of George 3. Ed. by A. Aspinall. Cambridge: Cambridge University Press. 5 vols. 1962-1970.,,1780,1800,FHANOVER,GEORG3A_140,1783
GEORG3A_141,z George 3A,1780-1800,GEORGE3,George William Frederick,Hanover,M,Royalty,R,"royalty, King George III",45.0,1738.0,40-49,Court,N,Private: Classical,http://www.oxforddnb.com/view/article/10540,WILLIAM4,William Henry,Hanover,M,R,R,"royalty, prince, navy officer",http://www.oxforddnb.com/view/article/29451,Family: Nuclear,father - son,A,1783,N,N,N,opening and closing formulae omitted,,173,The Later Correspondence of George 3. Ed. by A. Aspinall. Cambridge: Cambridge University Press. 5 vols. 1962-1970.,,1780,1800,GEORGE3,GEORG3A_141,1783
GEORG3A_142,z George 3A,1780-1800,FHANOVER,Frederick Augustus,Hanover,M,Royalty,R,"royalty, prince, army officer",20.0,1763.0,20-29,Abroad,N,Unknown,,CMECKLENBURG,Charlotte Sophia,Mecklenburg-Strelitz,F,R,R,Queen of George III,http://www.oxforddnb.com/view/article/5162,Family: Nuclear,son - mother,A,1783,N,N,N,opening and closing formulae omitted,,335,The Later Correspondence of George 3. Ed. by A. Aspinall. Cambridge: Cambridge University Press. 5 vols. 1962-1970.,,1780,1800,FHANOVER,GEORG3A_142,1783
HURD_001,z Hurd,1720-1739,RHURD,Richard,Hurd,M,Other,CU,non-gentry,19.0,1720.0,10-19,London,U,Higher: Oxbridge,http://www.oxforddnb.com/view/article/14249,J3POTTER,John,Potter,M,CL,CL,clergy lower: curate,,Other,friends,A,1739,N,N,N,,,1026,"The Early Letters of Bishop Richard Hurd 1739-1762. Ed. by Sarah Brewer. Church of England Record Society, Volume 3. Woodbridge: Boydell Press. 1995.",8,1720,1739,RHURD,HURD_001,1739
HURD_002,z Hurd,1740-1759,RHURD,Richard,Hurd,M,Other,CU,non-gentry,20.0,1720.0,20-29,London,U,Higher: Oxbridge,http://www.oxforddnb.com/view/article/14249,J3POTTER,John,Potter,M,CL,CL,clergy lower: curate,,Other,friends,A,1740,N,N,N,,,929,"The Early Letters of Bishop Richard Hurd 1739-1762. Ed. by Sarah Brewer. Church of England Record Society, Volume 3. Woodbridge: Boydell Press. 1995.",31,1740,1759,RHURD,HURD_002,1740
HURD_003,z Hurd,1740-1759,RHURD,Richard,Hurd,M,Other,CU,non-gentry,21.0,1720.0,20-29,London,U,Higher: Oxbridge,http://www.oxforddnb.com/view/article/14249,J3POTTER,John,Potter,M,CL,CL,clergy lower: curate,,Other,friends,A,1741,N,N,N,,,1249,"The Early Letters of Bishop Richard Hurd 1739-1762. Ed. by Sarah Brewer. Church of England Record Society, Volume 3. Woodbridge: Boydell Press. 1995.",43,1740,1759,RHURD,HURD_003,1741
HURD_004,z Hurd,1740-1759,RHURD,Richard,Hurd,M,Clergy Lower,CU,clergy; scholar,22.0,1720.0,20-29,London,U,Higher: Oxbridge,http://www.oxforddnb.com/view/article/14249,EMACRO,Edward,Macro,M,GL,GL,gentry lower,,Close Friend,friends,A,1742,N,N,N,,,1191,"The Early Letters of Bishop Richard Hurd 1739-1762. Ed. by Sarah Brewer. Church of England Record Society, Volume 3. Woodbridge: Boydell Press. 1995.",55,1740,1759,RHURD,HURD_004,1742
HURD_005,z Hurd,1740-1759,RHURD,Richard,Hurd,M,Clergy Lower,CU,clergy; scholar,22.0,1720.0,20-29,London,U,Higher: Oxbridge,http://www.oxforddnb.com/view/article/14249,J3POTTER,John,Potter,M,CL,CL,clergy lower: curate,,Other,friends,A,1742,N,N,N,,,1438,"The Early Letters of Bishop Richard Hurd 1739-1762. Ed. by Sarah Brewer. Church of England Record Society, Volume 3. Woodbridge: Boydell Press. 1995.",58,1740,1759,RHURD,HURD_005,1742
HURD_006,z Hurd,1740-1759,RHURD,Richard,Hurd,M,Clergy Lower,CU,clergy; scholar,22.0,1720.0,20-29,London,U,Higher: Oxbridge,http://www.oxforddnb.com/view/article/14249,MMACRO,Mary,Macro nï¿½e Godfrey,F,GL,GL,gentry lower: wife of Cox Macro,,Other,friends through her son,A,1742,N,N,N,,,1261,"The Early Letters of Bishop Richard Hurd 1739-1762. Ed. by Sarah Brewer. Church of England Record Society, Volume 3. Woodbridge: Boydell Press. 1995.",81,1740,1759,RHURD,HURD_006,1742
HURD_007,z Hurd,1740-1759,RHURD,Richard,Hurd,M,Clergy Lower,CU,clergy; scholar,23.0,1720.0,20-29,London,U,Higher: Oxbridge,http://www.oxforddnb.com/view/article/14249,J3POTTER,John,Potter,M,CL,CL,clergy lower: curate,,Other,friends,A,1743,N,N,N,,,618,"The Early Letters of Bishop Richard Hurd 1739-1762. Ed. by Sarah Brewer. Church of England Record Society, Volume 3. Woodbridge: Boydell Press. 1995.",94,1740,1759,RHURD,HURD_007,1743
HURD_008,z Hurd,1740-1759,RHURD,Richard,Hurd,M,Clergy Lower,CU,clergy; scholar,23.0,1720.0,20-29,London,U,Higher: Oxbridge,http://www.oxforddnb.com/view/article/14249,MMACRO,Mary,Macro nï¿½e Godfrey,F,GL,GL,gentry lower: wife of Cox Macro,,Other,friends through her son,A,1743,N,N,N,,,1258,"The Early Letters of Bishop Richard Hurd 1739-1762. Ed. by Sarah Brewer. Church of England Record Society, Volume 3. Woodbridge: Boydell Press. 1995.",104,1740,1759,RHURD,HURD_008,1743
HURD_009,z Hurd,1740-1759,RHURD,Richard,Hurd,M,Clergy Lower,CU,clergy; scholar,23.0,1720.0,20-29,London,U,Higher: Oxbridge,http://www.oxforddnb.com/view/article/14249,EMACRO,Edward,Macro,M,GL,GL,gentry lower,,Close Friend,friends,A,1743,N,N,N,,,412,"The Early Letters of Bishop Richard Hurd 1739-1762. Ed. by Sarah Brewer. Church of England Record Society, Volume 3. Woodbridge: Boydell Press. 1995.",107,1740,1759,RHURD,HURD_009,1743
HURD_010,z Hurd,1740-1759,RHURD,Richard,Hurd,M,Clergy Lower,CU,clergy; scholar,24.0,1720.0,20-29,London,U,Higher: Oxbridge,http://www.oxforddnb.com/view/article/14249,EMACRO,Edward,Macro,M,GL,GL,gentry lower,,Close Friend,friends,A,1744,N,N,N,,,652,"The Early Letters of Bishop Richard Hurd 1739-1762. Ed. by Sarah Brewer. Church of England Record Society, Volume 3. Woodbridge: Boydell Press. 1995.",137,1740,1759,RHURD,HURD_010,1744
HURD_011,z Hurd,1740-1759,RHURD,Richard,Hurd,M,Clergy Lower,CU,clergy; scholar,24.0,1720.0,20-29,London,U,Higher: Oxbridge,http://www.oxforddnb.com/view/article/14249,ELITTLETON,Edward,Littleton,M,GU,GU,gentry upper: baronet,,Other,friends (RH was EL's tutor at Cambridge),A,1744,N,N,N,,,547,"The Early Letters of Bishop Richard Hurd 1739-1762. Ed. by Sarah Brewer. Church of England Record Society, Volume 3. Woodbridge: Boydell Press. 1995.",138,1740,1759,RHURD,HURD_011,1744
HURD_012,z Hurd,1740-1759,RHURD,Richard,Hurd,M,Clergy Lower,CU,clergy; scholar,25.0,1720.0,20-29,London,U,Higher: Oxbridge,http://www.oxforddnb.com/view/article/14249,MMACRO,Mary,Macro nï¿½e Godfrey,F,GL,GL,gentry lower: wife of Cox Macro,,Other,friends through her son,A,1745,N,N,N,,,800,"The Early Letters of Bishop Richard Hurd 1739-1762. Ed. by Sarah Brewer. Church of England Record Society, Volume 3. Woodbridge: Boydell Press. 1995.",142,1740,1759,RHURD,HURD_012,1745
HURD_013,z Hurd,1740-1759,RHURD,Richard,Hurd,M,Clergy Lower,CU,clergy; scholar,25.0,1720.0,20-29,London,U,Higher: Oxbridge,http://www.oxforddnb.com/view/article/14249,ELITTLETON,Edward,Littleton,M,GU,GU,gentry upper: baronet,,Other,friends (RH was EL's tutor at Cambridge),A,1745,N,N,N,,,415,"The Early Letters of Bishop Richard Hurd 1739-1762. Ed. by Sarah Brewer. Church of England Record Society, Volume 3. Woodbridge: Boydell Press. 1995.",147,1740,1759,RHURD,HURD_013,1745
HURD_014,z Hurd,1740-1759,RHURD,Richard,Hurd,M,Clergy Lower,CU,clergy; scholar,26.0,1720.0,20-29,London,U,Higher: Oxbridge,http://www.oxforddnb.com/view/article/14249,EMACRO,Edward,Macro,M,GL,GL,gentry lower,,Close Friend,friends,A,1746,N,N,N,unsigned,,1103,"The Early Letters of Bishop Richard Hurd 1739-1762. Ed. by Sarah Brewer. Church of England Record Society, Volume 3. Woodbridge: Boydell Press. 1995.",156,1740,1759,RHURD,HURD_014,1746
HURD_015,z Hurd,1740-1759,RHURD,Richard,Hurd,M,Clergy Lower,CU,clergy; scholar,26.0,1720.0,20-29,London,U,Higher: Oxbridge,http://www.oxforddnb.com/view/article/14249,MMACRO,Mary,Macro nï¿½e Godfrey,F,GL,GL,gentry lower: wife of Cox Macro,,Other,friends through her son,A,1746,N,N,N,,,666,"The Early Letters of Bishop Richard Hurd 1739-1762. Ed. by Sarah Brewer. Church of England Record Society, Volume 3. Woodbridge: Boydell Press. 1995.",164,1740,1759,RHURD,HURD_015,1746
HURD_016,z Hurd,1740-1759,RHURD,Richard,Hurd,M,Clergy Lower,CU,clergy; scholar,27.0,1720.0,20-29,London,U,Higher: Oxbridge,http://www.oxforddnb.com/view/article/14249,WMASON,William,Mason,M,CL,CL,"clergy lower, scholar, poet",http://www.oxforddnb.com/view/article/18293,Close Friend,friends,A,1747,N,N,N,,,605,"The Early Letters of Bishop Richard Hurd 1739-1762. Ed. by Sarah Brewer. Church of England Record Society, Volume 3. Woodbridge: Boydell Press. 1995.",169,1740,1759,RHURD,HURD_016,1747
HURD_017,z Hurd,1740-1759,RHURD,Richard,Hurd,M,Clergy Lower,CU,clergy; scholar,27.0,1720.0,20-29,London,U,Higher: Oxbridge,http://www.oxforddnb.com/view/article/14249,ELITTLETON,Edward,Littleton,M,GU,GU,gentry upper: baronet,,Other,friends (RH was EL's tutor at Cambridge),A,1747,N,N,N,,,245,"The Early Letters of Bishop Richard Hurd 1739-1762. Ed. by Sarah Brewer. Church of England Record Society, Volume 3. Woodbridge: Boydell Press. 1995.",175,1740,1759,RHURD,HURD_017,1747
HURD_018,z Hurd,1740-1759,RHURD,Richard,Hurd,M,Clergy Lower,CU,clergy; scholar,28.0,1720.0,20-29,London,U,Higher: Oxbridge,http://www.oxforddnb.com/view/article/14249,ELITTLETON,Edward,Littleton,M,GU,GU,gentry upper: baronet,,Other,friends (RH was EL's tutor at Cambridge),A,1748,N,N,N,,,775,"The Early Letters of Bishop Richard Hurd 1739-1762. Ed. by Sarah Brewer. Church of England Record Society, Volume 3. Woodbridge: Boydell Press. 1995.",186,1740,1759,RHURD,HURD_018,1748
HURD_019,z Hurd,1740-1759,RHURD,Richard,Hurd,M,Clergy Lower,CU,clergy; scholar,28.0,1720.0,20-29,London,U,Higher: Oxbridge,http://www.oxforddnb.com/view/article/14249,J3POTTER,John,Potter,M,CL,CL,clergy lower: curate,,Other,friends,A,1748,N,N,N,,,300,"The Early Letters of Bishop Richard Hurd 1739-1762. Ed. by Sarah Brewer. Church of England Record Society, Volume 3. Woodbridge: Boydell Press. 1995.",188,1740,1759,RHURD,HURD_019,1748
HURD_020,z Hurd,1740-1759,RHURD,Richard,Hurd,M,Clergy Lower,CU,clergy; scholar,29.0,1720.0,20-29,London,U,Higher: Oxbridge,http://www.oxforddnb.com/view/article/14249,ELITTLETON,Edward,Littleton,M,GU,GU,gentry upper: baronet,,Other,friends (RH was EL's tutor at Cambridge),A,1749,N,N,N,,,469,"The Early Letters of Bishop Richard Hurd 1739-1762. Ed. by Sarah Brewer. Church of England Record Society, Volume 3. Woodbridge: Boydell Press. 1995.",198,1740,1759,RHURD,HURD_020,1749
HURD_021,z Hurd,1740-1759,RHURD,Richard,Hurd,M,Clergy Lower,CU,clergy; scholar,29.0,1720.0,20-29,London,U,Higher: Oxbridge,http://www.oxforddnb.com/view/article/14249,TBALGUY,Thomas,Balguy,M,CL,CL,clergy; scholar,http://www.oxforddnb.com/view/article/1202,Close Friend,friends,A,1749,N,N,N,,,642,"The Early Letters of Bishop Richard Hurd 1739-1762. Ed. by Sarah Brewer. Church of England Record Society, Volume 3. Woodbridge: Boydell Press. 1995.",203,1740,1759,RHURD,HURD_021,1749
HURD_022,z Hurd,1740-1759,RHURD,Richard,Hurd,M,Clergy Lower,CU,clergy; scholar,30.0,1720.0,30-39,London,U,Higher: Oxbridge,http://www.oxforddnb.com/view/article/14249,ELITTLETON,Edward,Littleton,M,GU,GU,gentry upper: baronet,,Other,friends (RH was EL's tutor at Cambridge),A,1750,N,N,N,,,640,"The Early Letters of Bishop Richard Hurd 1739-1762. Ed. by Sarah Brewer. Church of England Record Society, Volume 3. Woodbridge: Boydell Press. 1995.",213,1740,1759,RHURD,HURD_022,1750
HURD_023,z Hurd,1740-1759,RHURD,Richard,Hurd,M,Clergy Lower,CU,clergy; scholar,31.0,1720.0,30-39,London,U,Higher: Oxbridge,http://www.oxforddnb.com/view/article/14249,ELITTLETON,Edward,Littleton,M,GU,GU,gentry upper: baronet,,Other,friends (RH was EL's tutor at Cambridge),A,1751,N,N,N,,,455,"The Early Letters of Bishop Richard Hurd 1739-1762. Ed. by Sarah Brewer. Church of England Record Society, Volume 3. Woodbridge: Boydell Press. 1995.",227,1740,1759,RHURD,HURD_023,1751
HURD_024,z Hurd,1740-1759,RHURD,Richard,Hurd,M,Clergy Lower,CU,clergy; scholar,31.0,1720.0,30-39,London,U,Higher: Oxbridge,http://www.oxforddnb.com/view/article/14249,EMACRO,Edward,Macro,M,GL,GL,gentry lower,,Close Friend,friends,A,1751,N,N,N,,,265,"The Early Letters of Bishop Richard Hurd 1739-1762. Ed. by Sarah Brewer. Church of England Record Society, Volume 3. Woodbridge: Boydell Press. 1995.",228,1740,1759,RHURD,HURD_024,1751
HURD_025,z Hurd,1740-1759,RHURD,Richard,Hurd,M,Clergy Lower,CU,clergy; scholar,32.0,1720.0,30-39,London,U,Higher: Oxbridge,http://www.oxforddnb.com/view/article/14249,WMASON,William,Mason,M,CL,CL,"clergy lower, scholar, poet",http://www.oxforddnb.com/view/article/18293,Close Friend,friends,A,1752,N,N,N,,,527,"The Early Letters of Bishop Richard Hurd 1739-1762. Ed. by Sarah Brewer. Church of England Record Society, Volume 3. Woodbridge: Boydell Press. 1995.",235,1740,1759,RHURD,HURD_025,1752
HURD_026,z Hurd,1740-1759,RHURD,Richard,Hurd,M,Clergy Lower,CU,clergy; scholar,32.0,1720.0,30-39,London,U,Higher: Oxbridge,http://www.oxforddnb.com/view/article/14249,ELITTLETON,Edward,Littleton,M,GU,GU,gentry upper: baronet,,Other,friends (RH was EL's tutor at Cambridge),A,1752,N,N,N,,,538,"The Early Letters of Bishop Richard Hurd 1739-1762. Ed. by Sarah Brewer. Church of England Record Society, Volume 3. Woodbridge: Boydell Press. 1995.",237,1740,1759,RHURD,HURD_026,1752
HURD_027,z Hurd,1740-1759,RHURD,Richard,Hurd,M,Clergy Lower,CU,clergy; scholar,33.0,1720.0,30-39,London,U,Higher: Oxbridge,http://www.oxforddnb.com/view/article/14249,TBALGUY,Thomas,Balguy,M,CL,CL,clergy; scholar,http://www.oxforddnb.com/view/article/1202,Close Friend,friends,A,1753,N,N,N,,,858,"The Early Letters of Bishop Richard Hurd 1739-1762. Ed. by Sarah Brewer. Church of England Record Society, Volume 3. Woodbridge: Boydell Press. 1995.",250,1740,1759,RHURD,HURD_027,1753
HURD_028,z Hurd,1740-1759,RHURD,Richard,Hurd,M,Clergy Lower,CU,clergy; scholar,33.0,1720.0,30-39,London,U,Higher: Oxbridge,http://www.oxforddnb.com/view/article/14249,WMASON,William,Mason,M,CL,CL,"clergy lower, scholar, poet",http://www.oxforddnb.com/view/article/18293,Close Friend,friends,A,1753,N,N,N,,,422,"The Early Letters of Bishop Richard Hurd 1739-1762. Ed. by Sarah Brewer. Church of England Record Society, Volume 3. Woodbridge: Boydell Press. 1995.",252,1740,1759,RHURD,HURD_028,1753
HURD_029,z Hurd,1740-1759,RHURD,Richard,Hurd,M,Clergy Lower,CU,clergy; scholar,34.0,1720.0,30-39,London,U,Higher: Oxbridge,http://www.oxforddnb.com/view/article/14249,ELITTLETON,Edward,Littleton,M,GU,GU,gentry upper: baronet,,Other,friends (RH was EL's tutor at Cambridge),A,1754,N,N,N,,,438,"The Early Letters of Bishop Richard Hurd 1739-1762. Ed. by Sarah Brewer. Church of England Record Society, Volume 3. Woodbridge: Boydell Press. 1995.",257,1740,1759,RHURD,HURD_029,1754
HURD_030,z Hurd,1740-1759,RHURD,Richard,Hurd,M,Clergy Lower,CU,clergy; scholar,35.0,1720.0,30-39,London,U,Higher: Oxbridge,http://www.oxforddnb.com/view/article/14249,ELITTLETON,Edward,Littleton,M,GU,GU,gentry upper: baronet,,Other,friends (RH was EL's tutor at Cambridge),A,1755,N,N,N,,,338,"The Early Letters of Bishop Richard Hurd 1739-1762. Ed. by Sarah Brewer. Church of England Record Society, Volume 3. Woodbridge: Boydell Press. 1995.",267,1740,1759,RHURD,HURD_030,1755
HURD_031,z Hurd,1740-1759,RHURD,Richard,Hurd,M,Clergy Lower,CU,clergy; scholar,35.0,1720.0,30-39,London,U,Higher: Oxbridge,http://www.oxforddnb.com/view/article/14249,WMASON,William,Mason,M,CL,CL,"clergy lower, scholar, poet",http://www.oxforddnb.com/view/article/18293,Close Friend,friends,A,1755,N,N,N,,,608,"The Early Letters of Bishop Richard Hurd 1739-1762. Ed. by Sarah Brewer. Church of England Record Society, Volume 3. Woodbridge: Boydell Press. 1995.",277,1740,1759,RHURD,HURD_031,1755
HURD_032,z Hurd,1740-1759,RHURD,Richard,Hurd,M,Clergy Lower,CU,clergy; scholar,36.0,1720.0,30-39,London,U,Higher: Oxbridge,http://www.oxforddnb.com/view/article/14249,WMASON,William,Mason,M,CL,CL,"clergy lower, scholar, poet",http://www.oxforddnb.com/view/article/18293,Close Friend,friends,A,1756,N,N,N,,,481,"The Early Letters of Bishop Richard Hurd 1739-1762. Ed. by Sarah Brewer. Church of England Record Society, Volume 3. Woodbridge: Boydell Press. 1995.",290,1740,1759,RHURD,HURD_032,1756
HURD_033,z Hurd,1740-1759,RHURD,Richard,Hurd,M,Clergy Lower,CU,clergy; scholar,36.0,1720.0,30-39,London,U,Higher: Oxbridge,http://www.oxforddnb.com/view/article/14249,J3POTTER,John,Potter,M,CL,CL,clergy lower: curate,,Other,friends,A,1756,N,N,N,,,289,"The Early Letters of Bishop Richard Hurd 1739-1762. Ed. by Sarah Brewer. Church of England Record Society, Volume 3. Woodbridge: Boydell Press. 1995.",295,1740,1759,RHURD,HURD_033,1756
HURD_034,z Hurd,1740-1759,RHURD,Richard,Hurd,M,Clergy Lower,CU,clergy; scholar,37.0,1720.0,30-39,London,U,Higher: Oxbridge,http://www.oxforddnb.com/view/article/14249,TGRAY,Thomas,Gray,M,P,P,"poet, scholar",http://www.oxforddnb.com/view/article/11356,Other,friends,A,1757,N,N,N,,,385,"The Early Letters of Bishop Richard Hurd 1739-1762. Ed. by Sarah Brewer. Church of England Record Society, Volume 3. Woodbridge: Boydell Press. 1995.",299,1740,1759,RHURD,HURD_034,1757
HURD_036,z Hurd,1740-1759,RHURD,Richard,Hurd,M,Clergy Lower,CU,clergy; scholar,37.0,1720.0,30-39,London,U,Higher: Oxbridge,http://www.oxforddnb.com/view/article/14249,TGRAY,Thomas,Gray,M,P,P,"poet, scholar",http://www.oxforddnb.com/view/article/11356,Other,friends,A,1757,N,N,N,,,407,"The Early Letters of Bishop Richard Hurd 1739-1762. Ed. by Sarah Brewer. Church of England Record Society, Volume 3. Woodbridge: Boydell Press. 1995.",312,1740,1759,RHURD,HURD_036,1757
HURD_037,z Hurd,1740-1759,RHURD,Richard,Hurd,M,Clergy Lower,CU,clergy; scholar,37.0,1720.0,30-39,London,U,Higher: Oxbridge,http://www.oxforddnb.com/view/article/14249,TGRAY,Thomas,Gray,M,P,P,"poet, scholar",http://www.oxforddnb.com/view/article/11356,Other,friends,A,1757,N,N,N,,,227,"The Early Letters of Bishop Richard Hurd 1739-1762. Ed. by Sarah Brewer. Church of England Record Society, Volume 3. Woodbridge: Boydell Press. 1995.",315,1740,1759,RHURD,HURD_037,1757
HURD_038,z Hurd,1740-1759,RHURD,Richard,Hurd,M,Clergy Lower,CU,clergy; scholar,37.0,1720.0,30-39,London,U,Higher: Oxbridge,http://www.oxforddnb.com/view/article/14249,WMASON,William,Mason,M,CL,CL,"clergy lower, scholar, poet",http://www.oxforddnb.com/view/article/18293,Close Friend,friends,A,1757,N,N,N,,,363,"The Early Letters of Bishop Richard Hurd 1739-1762. Ed. by Sarah Brewer. Church of England Record Society, Volume 3. Woodbridge: Boydell Press. 1995.",321,1740,1759,RHURD,HURD_038,1757
HURD_039,z Hurd,1740-1759,RHURD,Richard,Hurd,M,Clergy Lower,CU,clergy; scholar,38.0,1720.0,30-39,London,U,Higher: Oxbridge,http://www.oxforddnb.com/view/article/14249,ELITTLETON,Edward,Littleton,M,GU,GU,gentry upper: baronet,,Other,friends (RH was EL's tutor at Cambridge),A,1758,N,N,N,,,318,"The Early Letters of Bishop Richard Hurd 1739-1762. Ed. by Sarah Brewer. Church of England Record Society, Volume 3. Woodbridge: Boydell Press. 1995.",324,1740,1759,RHURD,HURD_039,1758
HURD_040,z Hurd,1740-1759,RHURD,Richard,Hurd,M,Clergy Lower,CU,clergy; scholar,39.0,1720.0,30-39,London,U,Higher: Oxbridge,http://www.oxforddnb.com/view/article/14249,WMASON,William,Mason,M,CL,CL,"clergy lower, scholar, poet",http://www.oxforddnb.com/view/article/18293,Close Friend,friends,A,1759,N,N,N,,,463,"The Early Letters of Bishop Richard Hurd 1739-1762. Ed. by Sarah Brewer. Church of England Record Society, Volume 3. Woodbridge: Boydell Press. 1995.",338,1740,1759,RHURD,HURD_040,1759
HURD_041,z Hurd,1740-1759,RHURD,Richard,Hurd,M,Clergy Lower,CU,clergy; scholar,39.0,1720.0,30-39,London,U,Higher: Oxbridge,http://www.oxforddnb.com/view/article/14249,TBALGUY,Thomas,Balguy,M,CL,CL,clergy (archdeacon); scholar,http://www.oxforddnb.com/view/article/1202,Close Friend,friends,A,1759,N,N,N,,,738,"The Early Letters of Bishop Richard Hurd 1739-1762. Ed. by Sarah Brewer. Church of England Record Society, Volume 3. Woodbridge: Boydell Press. 1995.",349,1740,1759,RHURD,HURD_041,1759
HURD_042,z Hurd,1760-1779,RHURD,Richard,Hurd,M,Clergy Lower,CU,clergy; scholar,40.0,1720.0,40-49,London,U,Higher: Oxbridge,http://www.oxforddnb.com/view/article/14249,ELITTLETON,Edward,Littleton,M,GU,GU,gentry upper: baronet,,Other,friends (RH was EL's tutor at Cambridge),A,1760,N,N,N,,,268,"The Early Letters of Bishop Richard Hurd 1739-1762. Ed. by Sarah Brewer. Church of England Record Society, Volume 3. Woodbridge: Boydell Press. 1995.",361,1760,1779,RHURD,HURD_042,1760
HURD_043,z Hurd,1760-1779,RHURD,Richard,Hurd,M,Clergy Lower,CU,clergy; scholar,40.0,1720.0,40-49,London,U,Higher: Oxbridge,http://www.oxforddnb.com/view/article/14249,WMASON,William,Mason,M,CL,CL,"clergy lower, scholar, poet",http://www.oxforddnb.com/view/article/18293,Close Friend,friends,A,1760,N,N,N,,,361,"The Early Letters of Bishop Richard Hurd 1739-1762. Ed. by Sarah Brewer. Church of England Record Society, Volume 3. Woodbridge: Boydell Press. 1995.",362,1760,1779,RHURD,HURD_043,1760
HURD_044,z Hurd,1760-1779,RHURD,Richard,Hurd,M,Clergy Lower,CU,clergy; scholar,41.0,1720.0,40-49,London,U,Higher: Oxbridge,http://www.oxforddnb.com/view/article/14249,WMASON,William,Mason,M,CL,CL,"clergy lower, scholar, poet",http://www.oxforddnb.com/view/article/18293,Close Friend,friends,A,1761,N,N,N,,,549,"The Early Letters of Bishop Richard Hurd 1739-1762. Ed. by Sarah Brewer. Church of England Record Society, Volume 3. Woodbridge: Boydell Press. 1995.",374,1760,1779,RHURD,HURD_044,1761
HURD_045,z Hurd,1760-1779,RHURD,Richard,Hurd,M,Clergy Lower,CU,clergy; scholar,41.0,1720.0,40-49,London,U,Higher: Oxbridge,http://www.oxforddnb.com/view/article/14249,ELITTLETON,Edward,Littleton,M,GU,GU,gentry upper: baronet,,Other,friends (RH was EL's tutor at Cambridge),A,1761,N,N,N,,,537,"The Early Letters of Bishop Richard Hurd 1739-1762. Ed. by Sarah Brewer. Church of England Record Society, Volume 3. Woodbridge: Boydell Press. 1995.",382,1760,1779,RHURD,HURD_045,1761
HURD_046,z Hurd,1760-1779,RHURD,Richard,Hurd,M,Clergy Lower,CU,clergy; scholar,42.0,1720.0,40-49,London,U,Higher: Oxbridge,http://www.oxforddnb.com/view/article/14249,TBALGUY,Thomas,Balguy,M,CL,CL,clergy: archdeacon,http://www.oxforddnb.com/view/article/1202,Close Friend,friends,A,1762,N,N,N,,,450,"The Early Letters of Bishop Richard Hurd 1739-1762. Ed. by Sarah Brewer. Church of England Record Society, Volume 3. Woodbridge: Boydell Press. 1995.",394,1760,1779,RHURD,HURD_046,1762
HURD_047,z Hurd,1760-1779,RHURD,Richard,Hurd,M,Clergy Lower,CU,clergy; scholar,42.0,1720.0,40-49,London,U,Higher: Oxbridge,http://www.oxforddnb.com/view/article/14249,ELITTLETON,Edward,Littleton,M,GU,GU,gentry upper: baronet,,Other,friends (RH was EL's tutor at Cambridge),A,1762,N,N,N,,,310,"The Early Letters of Bishop Richard Hurd 1739-1762. Ed. by Sarah Brewer. Church of England Record Society, Volume 3. Woodbridge: Boydell Press. 1995.",396,1760,1779,RHURD,HURD_047,1762
NEWDIGA_001,z Newdigate,1720-1739,RNEWDIGATE,Roger,Newdigate,M,Gentry Lower,GU,"gentry lower; antiquarian, MP",12.0,1719.0,10-19,Other,N,Higher: Oxbridge,http://www.oxforddnb.com/view/article/20003,ENEWDIGATE,Elizabeth,Newdigate nï¿½e Twisden,F,GU,GU,gentry upper,,Family: Nuclear,son - mother; close,A,1731,N,N,N,,,182,The Correspondence of Sir Roger Newdigate of Arbury Warwickshire. Ed. by A. W. A. White. The Dugdale Society: Hertford. 1995.,1,1720,1739,RNEWDIGATE,NEWDIGA_001,1731
NEWDIGA_007,z Newdigate,1740-1759,RNEWDIGATE,Roger,Newdigate,M,Gentry Upper,GU,"gentry upper; 5th baronet, antiquarian, MP",26.0,1719.0,20-29,Other,N,Higher: Oxbridge,http://www.oxforddnb.com/view/article/20003,SNEWDIGATE,Sophia,Newdigate nï¿½e Conyers,F,GU,GU,gentry upper,,Family: Nuclear,husband - wife,A,1745,N,N,N,remainder of letter missing,,582,The Correspondence of Sir Roger Newdigate of Arbury Warwickshire. Ed. by A. W. A. White. The Dugdale Society: Hertford. 1995.,22-23,1740,1759,RNEWDIGATE,NEWDIGA_007,1745
NEWDIGA_008,z Newdigate,1740-1759,RNEWDIGATE,Roger,Newdigate,M,Gentry Upper,GU,"gentry upper; 5th baronet, antiquarian, MP",28.0,1719.0,20-29,Other,N,Higher: Oxbridge,http://www.oxforddnb.com/view/article/20003,JCLITHEROW,James,Clitherow,M,GL,GL,gentry lower?,,Other,friends; 'friend and supporter' of RN,A,1747,N,N,N,draft by RN,,230,The Correspondence of Sir Roger Newdigate of Arbury Warwickshire. Ed. by A. W. A. White. The Dugdale Society: Hertford. 1995.,25,1740,1759,RNEWDIGATE,NEWDIGA_008,1747
NEWDIGA_009,z Newdigate,1740-1759,RNEWDIGATE,Roger,Newdigate,M,Gentry Upper,GU,"gentry upper; 5th baronet, antiquarian, MP",28.0,1719.0,20-29,Other,N,Higher: Oxbridge,http://www.oxforddnb.com/view/article/20003,JCLITHEROW,James,Clitherow,M,GL,GL,gentry lower?,,Other,friends; 'friend and supporter' of RN,A,1747,N,N,N,draft by RN,,155,The Correspondence of Sir Roger Newdigate of Arbury Warwickshire. Ed. by A. W. A. White. The Dugdale Society: Hertford. 1995.,26-27,1740,1759,RNEWDIGATE,NEWDIGA_009,1747
NEWDIGA_010,z Newdigate,1740-1759,RNEWDIGATE,Roger,Newdigate,M,Gentry Upper,GU,"gentry upper; 5th baronet, antiquarian, MP",28.0,1719.0,20-29,Other,N,Higher: Oxbridge,http://www.oxforddnb.com/view/article/20003,ENEWDIGATE,Elizabeth,Newdigate nï¿½e Twisden,F,GU,GU,gentry upper,,Family: Nuclear,son - mother; close,A,1747,N,N,N,,,749,The Correspondence of Sir Roger Newdigate of Arbury Warwickshire. Ed. by A. W. A. White. The Dugdale Society: Hertford. 1995.,27-29,1740,1759,RNEWDIGATE,NEWDIGA_010,1747
NEWDIGA_011,z Newdigate,1740-1759,RNEWDIGATE,Roger,Newdigate,M,Gentry Upper,GU,"gentry upper; 5th baronet, antiquarian, MP",29.0,1719.0,20-29,Other,N,Higher: Oxbridge,http://www.oxforddnb.com/view/article/20003,GCOOKE,George,Cooke,M,,,?,,Family: Other,cousins,A,1748,N,N,N,draft by RN,,171,The Correspondence of Sir Roger Newdigate of Arbury Warwickshire. Ed. by A. W. A. White. The Dugdale Society: Hertford. 1995.,32,1740,1759,RNEWDIGATE,NEWDIGA_011,1748
NEWDIGA_012,z Newdigate,1740-1759,RNEWDIGATE,Roger,Newdigate,M,Gentry Upper,GU,"gentry upper; 5th baronet, antiquarian, MP",30.0,1719.0,30-39,Other,N,Higher: Oxbridge,http://www.oxforddnb.com/view/article/20003,SNEWDIGATE,Sophia,Newdigate nï¿½e Conyers,F,GU,GU,gentry upper,,Family: Nuclear,husband - wife,A,1749,N,N,N,,,452,The Correspondence of Sir Roger Newdigate of Arbury Warwickshire. Ed. by A. W. A. White. The Dugdale Society: Hertford. 1995.,35-36,1740,1759,RNEWDIGATE,NEWDIGA_012,1749
NEWDIGA_013,z Newdigate,1740-1759,RNEWDIGATE,Roger,Newdigate,M,Gentry Upper,GU,"gentry upper; 5th baronet, antiquarian, MP",30.0,1719.0,30-39,Other,N,Higher: Oxbridge,http://www.oxforddnb.com/view/article/20003,GCOOKE,George,Cooke,M,,,?,,Family: Other,cousins,A,1749,N,N,N,draft by RN,,1020,The Correspondence of Sir Roger Newdigate of Arbury Warwickshire. Ed. by A. W. A. White. The Dugdale Society: Hertford. 1995.,37-39,1740,1759,RNEWDIGATE,NEWDIGA_013,1749
NEWDIGA_014,z Newdigate,1740-1759,RNEWDIGATE,Roger,Newdigate,M,Gentry Upper,GU,"gentry upper; 5th baronet, antiquarian, MP",30.0,1719.0,30-39,Other,N,Higher: Oxbridge,http://www.oxforddnb.com/view/article/20003,GCOOKE,George,Cooke,M,,,?,,Family: Other,cousins,A,1749,N,N,N,draft by RN,,204,The Correspondence of Sir Roger Newdigate of Arbury Warwickshire. Ed. by A. W. A. White. The Dugdale Society: Hertford. 1995.,41-42,1740,1759,RNEWDIGATE,NEWDIGA_014,1749
NEWDIGA_015,z Newdigate,1740-1759,RNEWDIGATE,Roger,Newdigate,M,Gentry Upper,GU,"gentry upper; 5th baronet, antiquarian, MP",30.0,1719.0,30-39,Other,N,Higher: Oxbridge,http://www.oxforddnb.com/view/article/20003,GCOOKE,George,Cooke,M,,,?,,Family: Other,cousins,A,1749,N,N,N,draft,,256,The Correspondence of Sir Roger Newdigate of Arbury Warwickshire. Ed. by A. W. A. White. The Dugdale Society: Hertford. 1995.,42-43,1740,1759,RNEWDIGATE,NEWDIGA_015,1749
NEWDIGA_017,z Newdigate,1740-1759,RNEWDIGATE,Roger,Newdigate,M,Gentry Upper,GU,"gentry upper; 5th baronet, antiquarian, MP",31.0,1719.0,30-39,Other,N,Higher: Oxbridge,http://www.oxforddnb.com/view/article/20003,ENEWDIGATE,Elizabeth,Newdigate nï¿½e Twisden,F,GU,GU,gentry upper,,Family: Nuclear,son - mother; close,A,1750,N,N,N,,,935,The Correspondence of Sir Roger Newdigate of Arbury Warwickshire. Ed. by A. W. A. White. The Dugdale Society: Hertford. 1995.,52-53,1740,1759,RNEWDIGATE,NEWDIGA_017,1750
NEWDIGA_018,z Newdigate,1740-1759,RNEWDIGATE,Roger,Newdigate,M,Gentry Upper,GU,"gentry upper; 5th baronet, antiquarian, MP",33.0,1719.0,30-39,Other,N,Higher: Oxbridge,http://www.oxforddnb.com/view/article/20003,ENEWDIGATE,Elizabeth,Newdigate nï¿½e Twisden,F,GU,GU,gentry upper,,Family: Nuclear,son - mother; close,A,1752,N,N,N,,,997,The Correspondence of Sir Roger Newdigate of Arbury Warwickshire. Ed. by A. W. A. White. The Dugdale Society: Hertford. 1995.,59-61,1740,1759,RNEWDIGATE,NEWDIGA_018,1752
NEWDIGA_020,z Newdigate,1740-1759,RNEWDIGATE,Roger,Newdigate,M,Gentry Upper,GU,"gentry upper; 5th baronet, antiquarian, MP",33.0,1719.0,30-39,Other,N,Higher: Oxbridge,http://www.oxforddnb.com/view/article/20003,ENEWDIGATE,Elizabeth,Newdigate nï¿½e Twisden,F,GU,GU,gentry upper,,Family: Nuclear,son - mother; close,A,1752,N,N,N,,,311,The Correspondence of Sir Roger Newdigate of Arbury Warwickshire. Ed. by A. W. A. White. The Dugdale Society: Hertford. 1995.,62-63,1740,1759,RNEWDIGATE,NEWDIGA_020,1752
NEWDIGA_021,z Newdigate,1740-1759,RNEWDIGATE,Roger,Newdigate,M,Gentry Upper,GU,"gentry upper; 5th baronet, antiquarian, MP",33.0,1719.0,30-39,Other,N,Higher: Oxbridge,http://www.oxforddnb.com/view/article/20003,SNEWDIGATE,Sophia,Newdigate nï¿½e Conyers,F,GU,GU,gentry upper,,Family: Nuclear,husband - wife,A,1752,N,N,N,,,326,The Correspondence of Sir Roger Newdigate of Arbury Warwickshire. Ed. by A. W. A. White. The Dugdale Society: Hertford. 1995.,63-64,1740,1759,RNEWDIGATE,NEWDIGA_021,1752
NEWDIGA_022,z Newdigate,1740-1759,RNEWDIGATE,Roger,Newdigate,M,Gentry Upper,GU,"gentry upper; 5th baronet, antiquarian, MP",33.0,1719.0,30-39,Other,N,Higher: Oxbridge,http://www.oxforddnb.com/view/article/20003,ENEWDIGATE,Elizabeth,Newdigate nï¿½e Twisden,F,GU,GU,gentry upper,,Family: Nuclear,son - mother; close,A,1752,N,N,N,,,258,The Correspondence of Sir Roger Newdigate of Arbury Warwickshire. Ed. by A. W. A. White. The Dugdale Society: Hertford. 1995.,64-65,1740,1759,RNEWDIGATE,NEWDIGA_022,1752
NEWDIGA_023,z Newdigate,1740-1759,RNEWDIGATE,Roger,Newdigate,M,Gentry Upper,GU,"gentry upper; 5th baronet, antiquarian, MP",33.0,1719.0,30-39,Other,N,Higher: Oxbridge,http://www.oxforddnb.com/view/article/20003,ENEWDIGATE,Elizabeth,Newdigate nï¿½e Twisden,F,GU,GU,gentry upper,,Family: Nuclear,son - mother; close,A,1752,N,N,N,,,352,The Correspondence of Sir Roger Newdigate of Arbury Warwickshire. Ed. by A. W. A. White. The Dugdale Society: Hertford. 1995.,65-66,1740,1759,RNEWDIGATE,NEWDIGA_023,1752
NEWDIGA_024,z Newdigate,1740-1759,RNEWDIGATE,Roger,Newdigate,M,Gentry Upper,GU,"gentry upper; 5th baronet, antiquarian, MP",34.0,1719.0,30-39,Other,N,Higher: Oxbridge,http://www.oxforddnb.com/view/article/20003,ENEWDIGATE,Elizabeth,Newdigate nï¿½e Twisden,F,GU,GU,gentry upper,,Family: Nuclear,son - mother; close,A,1753,N,N,N,,,334,The Correspondence of Sir Roger Newdigate of Arbury Warwickshire. Ed. by A. W. A. White. The Dugdale Society: Hertford. 1995.,67,1740,1759,RNEWDIGATE,NEWDIGA_024,1753
NEWDIGA_027,z Newdigate,1740-1759,RNEWDIGATE,Roger,Newdigate,M,Gentry Upper,GU,"gentry upper; 5th baronet, antiquarian, MP",34.0,1719.0,30-39,Other,N,Higher: Oxbridge,http://www.oxforddnb.com/view/article/20003,ENEWDIGATE,Elizabeth,Newdigate nï¿½e Twisden,F,GU,GU,gentry upper,,Family: Nuclear,son - mother; close,A,1753,N,N,N,,,248,The Correspondence of Sir Roger Newdigate of Arbury Warwickshire. Ed. by A. W. A. White. The Dugdale Society: Hertford. 1995.,70-71,1740,1759,RNEWDIGATE,NEWDIGA_027,1753
NEWDIGA_028,z Newdigate,1740-1759,RNEWDIGATE,Roger,Newdigate,M,Gentry Upper,GU,"gentry upper; 5th baronet, antiquarian, MP",34.0,1719.0,30-39,Other,N,Higher: Oxbridge,http://www.oxforddnb.com/view/article/20003,ENEWDIGATE,Elizabeth,Newdigate nï¿½e Twisden,F,GU,GU,gentry upper,,Family: Nuclear,son - mother; close,A,1753,N,N,N,,,442,The Correspondence of Sir Roger Newdigate of Arbury Warwickshire. Ed. by A. W. A. White. The Dugdale Society: Hertford. 1995.,71-72,1740,1759,RNEWDIGATE,NEWDIGA_028,1753
NEWDIGA_029,z Newdigate,1760-1779,RNEWDIGATE,Roger,Newdigate,M,Gentry Upper,GU,"gentry upper; 5th baronet, antiquarian, MP",41.0,1719.0,40-49,Other,N,Higher: Oxbridge,http://www.oxforddnb.com/view/article/20003,SNEWDIGATE,Sophia,Newdigate nï¿½e Conyers,F,GU,GU,gentry upper,,Family: Nuclear,husband - wife,A,1760,N,N,N,,,660,The Correspondence of Sir Roger Newdigate of Arbury Warwickshire. Ed. by A. W. A. White. The Dugdale Society: Hertford. 1995.,101-103,1760,1779,RNEWDIGATE,NEWDIGA_029,1760
NEWDIGA_030,z Newdigate,1760-1779,RNEWDIGATE,Roger,Newdigate,M,Gentry Upper,GU,"gentry upper; 5th baronet, antiquarian, MP",42.0,1719.0,40-49,Other,N,Higher: Oxbridge,http://www.oxforddnb.com/view/article/20003,RJEE,Richard,Jee,M,O,O,non-gentry; steward,,Other,employer - employee,A,1761,N,N,N,,,367,The Correspondence of Sir Roger Newdigate of Arbury Warwickshire. Ed. by A. W. A. White. The Dugdale Society: Hertford. 1995.,103-104,1760,1779,RNEWDIGATE,NEWDIGA_030,1761
NEWDIGA_033,z Newdigate,1760-1779,RNEWDIGATE,Roger,Newdigate,M,Gentry Upper,GU,"gentry upper; 5th baronet, antiquarian, MP",42.0,1719.0,40-49,Other,N,Higher: Oxbridge,http://www.oxforddnb.com/view/article/20003,JEYRE,Joseph,Eyre,M,P,P,professional?; lawyer,,Other,employer - employee,A,1761,N,N,N,draft,,803,The Correspondence of Sir Roger Newdigate of Arbury Warwickshire. Ed. by A. W. A. White. The Dugdale Society: Hertford. 1995.,108-110,1760,1779,RNEWDIGATE,NEWDIGA_033,1761
NEWDIGA_034,z Newdigate,1760-1779,RNEWDIGATE,Roger,Newdigate,M,Gentry Upper,GU,"gentry upper; 5th baronet, antiquarian, MP",42.0,1719.0,40-49,Other,N,Higher: Oxbridge,http://www.oxforddnb.com/view/article/20003,JEYRE,Joseph,Eyre,M,P,P,professional?; lawyer,,Other,employer - employee,A,1761,N,N,N,draft,,663,The Correspondence of Sir Roger Newdigate of Arbury Warwickshire. Ed. by A. W. A. White. The Dugdale Society: Hertford. 1995.,110-112,1760,1779,RNEWDIGATE,NEWDIGA_034,1761
NEWDIGA_035,z Newdigate,1760-1779,RNEWDIGATE,Roger,Newdigate,M,Gentry Upper,GU,"gentry upper; 5th baronet, antiquarian, MP",42.0,1719.0,40-49,Other,N,Higher: Oxbridge,http://www.oxforddnb.com/view/article/20003,JEYRE,Joseph,Eyre,M,P,P,professional?; lawyer,,Other,employer - employee,A,1761,N,N,N,draft,,656,The Correspondence of Sir Roger Newdigate of Arbury Warwickshire. Ed. by A. W. A. White. The Dugdale Society: Hertford. 1995.,113-115,1760,1779,RNEWDIGATE,NEWDIGA_035,1761
NEWDIGA_036,z Newdigate,1760-1779,RNEWDIGATE,Roger,Newdigate,M,Gentry Upper,GU,"gentry upper; 5th baronet, antiquarian, MP",42.0,1719.0,40-49,Other,N,Higher: Oxbridge,http://www.oxforddnb.com/view/article/20003,JEYRE,Joseph,Eyre,M,P,P,professional?; lawyer,,Other,employer - employee,A,1761,N,N,N,draft,,442,The Correspondence of Sir Roger Newdigate of Arbury Warwickshire. Ed. by A. W. A. White. The Dugdale Society: Hertford. 1995.,115-116,1760,1779,RNEWDIGATE,NEWDIGA_036,1761
NEWDIGA_037,z Newdigate,1760-1779,RNEWDIGATE,Roger,Newdigate,M,Gentry Upper,GU,"gentry upper; 5th baronet, antiquarian, MP",43.0,1719.0,40-49,Other,N,Higher: Oxbridge,http://www.oxforddnb.com/view/article/20003,SNEWDIGATE,Sophia,Newdigate nï¿½e Conyers,F,GU,GU,gentry upper,,Family: Nuclear,husband - wife,A,1762,N,N,N,,,783,The Correspondence of Sir Roger Newdigate of Arbury Warwickshire. Ed. by A. W. A. White. The Dugdale Society: Hertford. 1995.,119-121,1760,1779,RNEWDIGATE,NEWDIGA_037,1762
NEWDIGA_038,z Newdigate,1760-1779,RNEWDIGATE,Roger,Newdigate,M,Gentry Upper,GU,"gentry upper; 5th baronet, antiquarian, MP",43.0,1719.0,40-49,Other,N,Higher: Oxbridge,http://www.oxforddnb.com/view/article/20003,SNEWDIGATE,Sophia,Newdigate nï¿½e Conyers,F,GU,GU,gentry upper,,Family: Nuclear,husband - wife,A,1762,N,N,N,,,839,The Correspondence of Sir Roger Newdigate of Arbury Warwickshire. Ed. by A. W. A. White. The Dugdale Society: Hertford. 1995.,121-123,1760,1779,RNEWDIGATE,NEWDIGA_038,1762
NEWDIGA_039,z Newdigate,1760-1779,RNEWDIGATE,Roger,Newdigate,M,Gentry Upper,GU,"gentry upper; 5th baronet, antiquarian, MP",47.0,1719.0,40-49,Other,N,Higher: Oxbridge,http://www.oxforddnb.com/view/article/20003,NWETHERELL,Nathan,Wetherell,M,GL,GL,"gentry lower?; Master of University College, Oxford",,Other,friends,A,1766,N,N,N,draft by RN,,186,The Correspondence of Sir Roger Newdigate of Arbury Warwickshire. Ed. by A. W. A. White. The Dugdale Society: Hertford. 1995.,142,1760,1779,RNEWDIGATE,NEWDIGA_039,1766
NEWDIGA_040,z Newdigate,1760-1779,RNEWDIGATE,Roger,Newdigate,M,Gentry Upper,GU,"gentry upper; 5th baronet, antiquarian, MP",48.0,1719.0,40-49,Other,N,Higher: Oxbridge,http://www.oxforddnb.com/view/article/20003,NWETHERELL,Nathan,Wetherell,M,GL,GL,"gentry lower?; Master of University College, Oxford",,Other,friends,A,1767,N,N,N,draft,,743,The Correspondence of Sir Roger Newdigate of Arbury Warwickshire. Ed. by A. W. A. White. The Dugdale Society: Hertford. 1995.,147-149,1760,1779,RNEWDIGATE,NEWDIGA_040,1767
NEWDIGA_041,z Newdigate,1760-1779,RNEWDIGATE,Roger,Newdigate,M,Gentry Upper,GU,"gentry upper; 5th baronet, antiquarian, MP",49.0,1719.0,40-49,Other,N,Higher: Oxbridge,http://www.oxforddnb.com/view/article/20003,NWETHERELL,Nathan,Wetherell,M,GL,GL,"gentry lower?; Master of University College, Oxford",,Other,friends,A,1768,N,N,N,draft,,157,The Correspondence of Sir Roger Newdigate of Arbury Warwickshire. Ed. by A. W. A. White. The Dugdale Society: Hertford. 1995.,150,1760,1779,RNEWDIGATE,NEWDIGA_041,1768
NEWDIGA_042,z Newdigate,1760-1779,RNEWDIGATE,Roger,Newdigate,M,Gentry Upper,GU,"gentry upper; 5th baronet, antiquarian, MP",51.0,1719.0,50-59,Other,N,Higher: Oxbridge,http://www.oxforddnb.com/view/article/20003,JEYRE,Joseph,Eyre,M,P,P,professional?; lawyer,,Other,employer - employee,A,1770,N,N,N,,,308,The Correspondence of Sir Roger Newdigate of Arbury Warwickshire. Ed. by A. W. A. White. The Dugdale Society: Hertford. 1995.,163-164,1760,1779,RNEWDIGATE,NEWDIGA_042,1770
NEWDIGA_043,z Newdigate,1760-1779,RNEWDIGATE,Roger,Newdigate,M,Gentry Upper,GU,"gentry upper; 5th baronet, antiquarian, MP",52.0,1719.0,50-59,Other,N,Higher: Oxbridge,http://www.oxforddnb.com/view/article/20003,NWETHERELL,Nathan,Wetherell,M,GL,GL,"gentry lower?; Master of University College, Oxford",,Other,friends,A,1771,N,N,N,draft,,276,The Correspondence of Sir Roger Newdigate of Arbury Warwickshire. Ed. by A. W. A. White. The Dugdale Society: Hertford. 1995.,166-167,1760,1779,RNEWDIGATE,NEWDIGA_043,1771
NEWDIGA_044,z Newdigate,1760-1779,RNEWDIGATE,Roger,Newdigate,M,Gentry Upper,GU,"gentry upper; 5th baronet, antiquarian, MP",52.0,1719.0,50-59,Other,N,Higher: Oxbridge,http://www.oxforddnb.com/view/article/20003,NWETHERELL,Nathan,Wetherell,M,GL,GL,"gentry lower?; Master of University College, Oxford",,Other,friends,A,1771,N,N,N,draft,,613,The Correspondence of Sir Roger Newdigate of Arbury Warwickshire. Ed. by A. W. A. White. The Dugdale Society: Hertford. 1995.,172-174,1760,1779,RNEWDIGATE,NEWDIGA_044,1771
NEWDIGA_045,z Newdigate,1760-1779,RNEWDIGATE,Roger,Newdigate,M,Gentry Upper,GU,"gentry upper; 5th baronet, antiquarian, MP",53.0,1719.0,50-59,Other,N,Higher: Oxbridge,http://www.oxforddnb.com/view/article/20003,SNEWDIGATE,Sophia,Newdigate nï¿½e Conyers,F,GU,GU,gentry upper,,Family: Nuclear,husband - wife,A,1772,N,N,N,,,214,The Correspondence of Sir Roger Newdigate of Arbury Warwickshire. Ed. by A. W. A. White. The Dugdale Society: Hertford. 1995.,176,1760,1779,RNEWDIGATE,NEWDIGA_045,1772
NEWDIGA_046,z Newdigate,1760-1779,RNEWDIGATE,Roger,Newdigate,M,Gentry Upper,GU,"gentry upper; 5th baronet, antiquarian, MP",53.0,1719.0,50-59,Other,N,Higher: Oxbridge,http://www.oxforddnb.com/view/article/20003,SNEWDIGATE,Sophia,Newdigate nï¿½e Conyers,F,GU,GU,gentry upper,,Family: Nuclear,husband - wife,A,1772,N,N,N,remainder of letter missing; both address and date added at a much later date,,556,The Correspondence of Sir Roger Newdigate of Arbury Warwickshire. Ed. by A. W. A. White. The Dugdale Society: Hertford. 1995.,178-179,1760,1779,RNEWDIGATE,NEWDIGA_046,1772
NEWDIGA_047,z Newdigate,1760-1779,RNEWDIGATE,Roger,Newdigate,M,Gentry Upper,GU,"gentry upper; 5th baronet, antiquarian, MP",53.0,1719.0,50-59,Other,N,Higher: Oxbridge,http://www.oxforddnb.com/view/article/20003,SNEWDIGATE,Sophia,Newdigate nï¿½e Conyers,F,GU,GU,gentry upper,,Family: Nuclear,husband - wife,A,1772,N,N,N,,,465,The Correspondence of Sir Roger Newdigate of Arbury Warwickshire. Ed. by A. W. A. White. The Dugdale Society: Hertford. 1995.,182,1760,1779,RNEWDIGATE,NEWDIGA_047,1772
NEWDIGA_048,z Newdigate,1760-1779,RNEWDIGATE,Roger,Newdigate,M,Gentry Upper,GU,"gentry upper; 5th baronet, antiquarian, MP",54.0,1719.0,50-59,Other,N,Higher: Oxbridge,http://www.oxforddnb.com/view/article/20003,SNEWDIGATE,Sophia,Newdigate nï¿½e Conyers,F,GU,GU,gentry upper,,Family: Nuclear,husband - wife,A,1773,N,N,N,,,399,The Correspondence of Sir Roger Newdigate of Arbury Warwickshire. Ed. by A. W. A. White. The Dugdale Society: Hertford. 1995.,190-191,1760,1779,RNEWDIGATE,NEWDIGA_048,1773
NEWDIGA_049,z Newdigate,1760-1779,RNEWDIGATE,Roger,Newdigate,M,Gentry Upper,GU,"gentry upper; 5th baronet, antiquarian, MP",54.0,1719.0,50-59,Other,N,Higher: Oxbridge,http://www.oxforddnb.com/view/article/20003,SNEWDIGATE,Sophia,Newdigate nï¿½e Conyers,F,GU,GU,gentry upper,,Family: Nuclear,husband - wife,A,1773,N,N,N,,,328,The Correspondence of Sir Roger Newdigate of Arbury Warwickshire. Ed. by A. W. A. White. The Dugdale Society: Hertford. 1995.,192-193,1760,1779,RNEWDIGATE,NEWDIGA_049,1773
NEWDIGA_050,z Newdigate,1760-1779,RNEWDIGATE,Roger,Newdigate,M,Gentry Upper,GU,"gentry upper; 5th baronet, antiquarian, MP",54.0,1719.0,50-59,Other,N,Higher: Oxbridge,http://www.oxforddnb.com/view/article/20003,SNEWDIGATE,Sophia,Newdigate nï¿½e Conyers,F,GU,GU,gentry upper,,Family: Nuclear,husband - wife,A,1773,N,N,N,,,458,The Correspondence of Sir Roger Newdigate of Arbury Warwickshire. Ed. by A. W. A. White. The Dugdale Society: Hertford. 1995.,193-194,1760,1779,RNEWDIGATE,NEWDIGA_050,1773
NEWDIGA_051,z Newdigate,1760-1779,RNEWDIGATE,Roger,Newdigate,M,Gentry Upper,GU,"gentry upper; 5th baronet, antiquarian, MP",54.0,1719.0,50-59,Other,N,Higher: Oxbridge,http://www.oxforddnb.com/view/article/20003,SNEWDIGATE,Sophia,Newdigate nï¿½e Conyers,F,GU,GU,gentry upper,,Family: Nuclear,husband - wife,A,1773,N,N,N,,,306,The Correspondence of Sir Roger Newdigate of Arbury Warwickshire. Ed. by A. W. A. White. The Dugdale Society: Hertford. 1995.,195,1760,1779,RNEWDIGATE,NEWDIGA_051,1773
NEWDIGA_052,z Newdigate,1760-1779,RNEWDIGATE,Roger,Newdigate,M,Gentry Upper,GU,"gentry upper; 5th baronet, antiquarian, MP",55.0,1719.0,50-59,Other,N,Higher: Oxbridge,http://www.oxforddnb.com/view/article/20003,JMORDAUNT,John,Mordaunt,M,GU,GU,gentry upper,,Other,friends; equals,A,1774,N,N,N,,,1166,The Correspondence of Sir Roger Newdigate of Arbury Warwickshire. Ed. by A. W. A. White. The Dugdale Society: Hertford. 1995.,200-202,1760,1779,RNEWDIGATE,NEWDIGA_052,1774
NEWDIGA_053,z Newdigate,1760-1779,RNEWDIGATE,Roger,Newdigate,M,Gentry Upper,GU,"gentry upper; 5th baronet, antiquarian, MP",56.0,1719.0,50-59,Other,N,Higher: Oxbridge,http://www.oxforddnb.com/view/article/20003,JMORDAUNT,John,Mordaunt,M,GU,GU,gentry upper,,Other,friends; equals,A,1775,N,N,N,,,869,The Correspondence of Sir Roger Newdigate of Arbury Warwickshire. Ed. by A. W. A. White. The Dugdale Society: Hertford. 1995.,202-204,1760,1779,RNEWDIGATE,NEWDIGA_053,1775
NEWDIGA_054,z Newdigate,1760-1779,RNEWDIGATE,Roger,Newdigate,M,Gentry Upper,GU,"gentry upper; 5th baronet, antiquarian, MP",56.0,1719.0,50-59,Other,N,Higher: Oxbridge,http://www.oxforddnb.com/view/article/20003,JSTRANGE,John,Strange,M,GL,GL,gentry lower; British consul in Venice,http://www.oxforddnb.com/view/article/26636,Other,friends/acquaintances,A,1775,N,N,N,,,628,The Correspondence of Sir Roger Newdigate of Arbury Warwickshire. Ed. by A. W. A. White. The Dugdale Society: Hertford. 1995.,207-208,1760,1779,RNEWDIGATE,NEWDIGA_054,1775
NEWDIGA_055,z Newdigate,1760-1779,RNEWDIGATE,Roger,Newdigate,M,Gentry Upper,GU,"gentry upper; 5th baronet, antiquarian, MP",56.0,1719.0,50-59,Other,N,Higher: Oxbridge,http://www.oxforddnb.com/view/article/20003,JSTRANGE,John,Strange,M,GL,GL,gentry lower; British consul in Venice,http://www.oxforddnb.com/view/article/26636,Other,friends/acquaintances,A,1775,N,N,N,,,496,The Correspondence of Sir Roger Newdigate of Arbury Warwickshire. Ed. by A. W. A. White. The Dugdale Society: Hertford. 1995.,209-210,1760,1779,RNEWDIGATE,NEWDIGA_055,1775
NEWDIGA_057,z Newdigate,1780-1800,RNEWDIGATE,Roger,Newdigate,M,Gentry Upper,GU,"gentry upper; 5th baronet, antiquarian, MP",63.0,1719.0,60-69,Other,N,Higher: Oxbridge,http://www.oxforddnb.com/view/article/20003,JRENNIE,John,Rennie,M,CL,CL,clergy lower; reverend,,Other,employer - employee; hostile,A,1782,N,N,N,draft,,928,The Correspondence of Sir Roger Newdigate of Arbury Warwickshire. Ed. by A. W. A. White. The Dugdale Society: Hertford. 1995.,229-231,1780,1800,RNEWDIGATE,NEWDIGA_057,1782
NEWDIGA_058,z Newdigate,1780-1800,RNEWDIGATE,Roger,Newdigate,M,Gentry Upper,GU,"gentry upper; 5th baronet, antiquarian, MP",65.0,1719.0,60-69,Other,N,Higher: Oxbridge,http://www.oxforddnb.com/view/article/20003,JRENNIE,John,Rennie,M,CL,CL,clergy lower; reverend,,Other,employer - employee; hostile,A,1784,N,N,N,draft,,537,The Correspondence of Sir Roger Newdigate of Arbury Warwickshire. Ed. by A. W. A. White. The Dugdale Society: Hertford. 1995.,231-232,1780,1800,RNEWDIGATE,NEWDIGA_058,1784
NEWDIGA_059,z Newdigate,1780-1800,RNEWDIGATE,Roger,Newdigate,M,Gentry Upper,GU,"gentry upper; 5th baronet, antiquarian, MP",76.0,1719.0,70-79,Other,N,Higher: Oxbridge,http://www.oxforddnb.com/view/article/20003,JAPARKER,Jane,Parker nï¿½e Anstruther,F,GL,GL,gentry lower,,Family: Other,"distant relatives, close relationship",A,1795,N,N,N,,,576,The Correspondence of Sir Roger Newdigate of Arbury Warwickshire. Ed. by A. W. A. White. The Dugdale Society: Hertford. 1995.,268-269,1780,1800,RNEWDIGATE,NEWDIGA_059,1795
NEWDIGA_061,z Newdigate,1780-1800,RNEWDIGATE,Roger,Newdigate,M,Gentry Upper,GU,"gentry upper; 5th baronet, antiquarian, MP",78.0,1719.0,70-79,Other,N,Higher: Oxbridge,http://www.oxforddnb.com/view/article/20003,JAPARKER,Jane,Parker nï¿½e Anstruther,F,GL,GL,gentry lower,,Family: Other,"distant relatives, close relationship",A,1797,N,N,N,,,163,The Correspondence of Sir Roger Newdigate of Arbury Warwickshire. Ed. by A. W. A. White. The Dugdale Society: Hertford. 1995.,281,1780,1800,RNEWDIGATE,NEWDIGA_061,1797
NEWDIGA_062,z Newdigate,1780-1800,RNEWDIGATE,Roger,Newdigate,M,Gentry Upper,GU,"gentry upper; 5th baronet, antiquarian, MP",78.0,1719.0,70-79,Other,N,Higher: Oxbridge,http://www.oxforddnb.com/view/article/20003,JMORDAUNT,John,Mordaunt,M,GU,GU,gentry upper,,Other,friends; equals,A,1797,N,N,N,draft,,164,The Correspondence of Sir Roger Newdigate of Arbury Warwickshire. Ed. by A. W. A. White. The Dugdale Society: Hertford. 1995.,283,1780,1800,RNEWDIGATE,NEWDIGA_062,1797
PIOZZI_001,z Piozzi,1780-1800,HPIOZZI,Hester Lynch,Piozzi nï¿½e Thrale nï¿½e Salusbury,F,Gentry Lower,GL,gentry lower: landed gentry,43.0,1741.0,40-49,London,N,Private: Classical,http://www.oxforddnb.com/view/article/22309,FBURNEY,Frances (Fanny),Burney,F,P,P,novelist,http://www.oxforddnb.com/view/article/603,Close Friend,friends (friendship ended),A,1784,N,N,N,,,831,"The Piozzi Letters. Correspondence of Hester Lynch Piozzi, 1784-1821. Vols. 1-2. Edited by Edward A. Bloom and Lillian D. Bloom. Newark: University of Delaware Press. 1989-1991.","I, 59",1780,1800,HPIOZZI,PIOZZI_001,1784
PIOZZI_002,z Piozzi,1780-1800,HPIOZZI,Hester Lynch,Piozzi nï¿½e Thrale nï¿½e Salusbury,F,Gentry Lower,GL,gentry lower: landed gentry,43.0,1741.0,40-49,London,N,Private: Classical,http://www.oxforddnb.com/view/article/22309,FBURNEY,Frances (Fanny),Burney,F,P,P,novelist,http://www.oxforddnb.com/view/article/603,Close Friend,friends (friendship ended),A,1784,N,N,N,,,404,"The Piozzi Letters. Correspondence of Hester Lynch Piozzi, 1784-1821. Vols. 1-2. Edited by Edward A. Bloom and Lillian D. Bloom. Newark: University of Delaware Press. 1989-1991.","I, 75",1780,1800,HPIOZZI,PIOZZI_002,1784
PIOZZI_003,z Piozzi,1780-1800,HPIOZZI,Hester Lynch,Piozzi nï¿½e Thrale nï¿½e Salusbury,F,Gentry Lower,GL,gentry lower: landed gentry,43.0,1741.0,40-49,London,N,Private: Classical,http://www.oxforddnb.com/view/article/22309,FBURNEY,Frances (Fanny),Burney,F,P,P,novelist,http://www.oxforddnb.com/view/article/603,Close Friend,friends (friendship ended),A,1784,N,N,N,,,424,"The Piozzi Letters. Correspondence of Hester Lynch Piozzi, 1784-1821. Vols. 1-2. Edited by Edward A. Bloom and Lillian D. Bloom. Newark: University of Delaware Press. 1989-1991.","I, 86",1780,1800,HPIOZZI,PIOZZI_003,1784
PIOZZI_006,z Piozzi,1780-1800,HPIOZZI,Hester Lynch,Piozzi nï¿½e Thrale nï¿½e Salusbury,F,Gentry Lower,GL,gentry lower: landed gentry,43.0,1741.0,40-49,London,N,Private: Classical,http://www.oxforddnb.com/view/article/22309,FBURNEY,Frances (Fanny),Burney,F,P,P,novelist,http://www.oxforddnb.com/view/article/603,Close Friend,friends (friendship ended),A,1784,N,N,N,,,136,"The Piozzi Letters. Correspondence of Hester Lynch Piozzi, 1784-1821. Vols. 1-2. Edited by Edward A. Bloom and Lillian D. Bloom. Newark: University of Delaware Press. 1989-1991.","I, 107",1780,1800,HPIOZZI,PIOZZI_006,1784
PIOZZI_007,z Piozzi,1780-1800,HPIOZZI,Hester Lynch,Piozzi nï¿½e Thrale nï¿½e Salusbury,F,Gentry Lower,GL,gentry lower: landed gentry,43.0,1741.0,40-49,London,N,Private: Classical,http://www.oxforddnb.com/view/article/22309,SLYSONS,Samuel,Lysons,M,GL,GL,"gentry lower; lawyer, antiquary, talented illustrator and artist",http://www.oxforddnb.com/view/article/17298,Other,friends,A,1784,N,N,N,,,869,"The Piozzi Letters. Correspondence of Hester Lynch Piozzi, 1784-1821. Vols. 1-2. Edited by Edward A. Bloom and Lillian D. Bloom. Newark: University of Delaware Press. 1989-1991.","I, 113",1780,1800,HPIOZZI,PIOZZI_007,1784
PIOZZI_008,z Piozzi,1780-1800,HPIOZZI,Hester Lynch,Piozzi nï¿½e Thrale nï¿½e Salusbury,F,Gentry Lower,GL,gentry lower: landed gentry,44.0,1741.0,40-49,London,N,Private: Classical,http://www.oxforddnb.com/view/article/22309,TCADELL,Thomas,Cadell,M,M,M,bookseller and publisher,http://www.oxforddnb.com/view/article/4302,Other,professional,A,1785,N,N,N,,,198,"The Piozzi Letters. Correspondence of Hester Lynch Piozzi, 1784-1821. Vols. 1-2. Edited by Edward A. Bloom and Lillian D. Bloom. Newark: University of Delaware Press. 1989-1991.","I, 148",1780,1800,HPIOZZI,PIOZZI_008,1785
PIOZZI_010,z Piozzi,1780-1800,HPIOZZI,Hester Lynch,Piozzi nï¿½e Thrale nï¿½e Salusbury,F,Gentry Lower,GL,gentry lower: landed gentry,44.0,1741.0,40-49,London,N,Private: Classical,http://www.oxforddnb.com/view/article/22309,TCADELL,Thomas,Cadell,M,M,M,bookseller and publisher,http://www.oxforddnb.com/view/article/4302,Other,professional,A,1785,N,N,N,,,182,"The Piozzi Letters. Correspondence of Hester Lynch Piozzi, 1784-1821. Vols. 1-2. Edited by Edward A. Bloom and Lillian D. Bloom. Newark: University of Delaware Press. 1989-1991.","I, 156",1780,1800,HPIOZZI,PIOZZI_010,1785
PIOZZI_011,z Piozzi,1780-1800,HPIOZZI,Hester Lynch,Piozzi nï¿½e Thrale nï¿½e Salusbury,F,Gentry Lower,GL,gentry lower: landed gentry,44.0,1741.0,40-49,London,N,Private: Classical,http://www.oxforddnb.com/view/article/22309,SLYSONS,Samuel,Lysons,M,GL,GL,"gentry lower; lawyer, antiquary, talented illustrator and artist",http://www.oxforddnb.com/view/article/17298,Other,friends,A,1785,N,N,N,,,976,"The Piozzi Letters. Correspondence of Hester Lynch Piozzi, 1784-1821. Vols. 1-2. Edited by Edward A. Bloom and Lillian D. Bloom. Newark: University of Delaware Press. 1989-1991.","I, 167",1780,1800,HPIOZZI,PIOZZI_011,1785
PIOZZI_012,z Piozzi,1780-1800,HPIOZZI,Hester Lynch,Piozzi nï¿½e Thrale nï¿½e Salusbury,F,Gentry Lower,GL,gentry lower: landed gentry,44.0,1741.0,40-49,London,N,Private: Classical,http://www.oxforddnb.com/view/article/22309,TCADELL,Thomas,Cadell,M,M,M,bookseller and publisher,http://www.oxforddnb.com/view/article/4302,Other,professional,A,1785,N,N,N,,,280,"The Piozzi Letters. Correspondence of Hester Lynch Piozzi, 1784-1821. Vols. 1-2. Edited by Edward A. Bloom and Lillian D. Bloom. Newark: University of Delaware Press. 1989-1991.","I, 170",1780,1800,HPIOZZI,PIOZZI_012,1785
PIOZZI_014,z Piozzi,1780-1800,HPIOZZI,Hester Lynch,Piozzi nï¿½e Thrale nï¿½e Salusbury,F,Gentry Lower,GL,gentry lower: landed gentry,45.0,1741.0,40-49,London,N,Private: Classical,http://www.oxforddnb.com/view/article/22309,LCHAPPELOW,Leonard,Chappelow,M,CL,CL,"clergy lower; reverend, classical scholar",,Other,friends; close,A,1786,N,N,N,,,406,"The Piozzi Letters. Correspondence of Hester Lynch Piozzi, 1784-1821. Vols. 1-2. Edited by Edward A. Bloom and Lillian D. Bloom. Newark: University of Delaware Press. 1989-1991.","I, 203",1780,1800,HPIOZZI,PIOZZI_014,1786
PIOZZI_015,z Piozzi,1780-1800,HPIOZZI,Hester Lynch,Piozzi nï¿½e Thrale nï¿½e Salusbury,F,Gentry Lower,GL,gentry lower: landed gentry,45.0,1741.0,40-49,London,N,Private: Classical,http://www.oxforddnb.com/view/article/22309,SLYSONS,Samuel,Lysons,M,GL,GL,"gentry lower; lawyer, antiquary, talented illustrator and artist",http://www.oxforddnb.com/view/article/17298,Other,friends,A,1786,N,N,N,,,479,"The Piozzi Letters. Correspondence of Hester Lynch Piozzi, 1784-1821. Vols. 1-2. Edited by Edward A. Bloom and Lillian D. Bloom. Newark: University of Delaware Press. 1989-1991.","I, 216",1780,1800,HPIOZZI,PIOZZI_015,1786
PIOZZI_016,z Piozzi,1780-1800,HPIOZZI,Hester Lynch,Piozzi nï¿½e Thrale nï¿½e Salusbury,F,Gentry Lower,GL,gentry lower: landed gentry,45.0,1741.0,40-49,London,N,Private: Classical,http://www.oxforddnb.com/view/article/22309,SLYSONS,Samuel,Lysons,M,GL,GL,"gentry lower; lawyer, antiquary, talented illustrator and artist",http://www.oxforddnb.com/view/article/17298,Other,friends,A,1786,N,N,N,,,732,"The Piozzi Letters. Correspondence of Hester Lynch Piozzi, 1784-1821. Vols. 1-2. Edited by Edward A. Bloom and Lillian D. Bloom. Newark: University of Delaware Press. 1989-1991.","I, 222",1780,1800,HPIOZZI,PIOZZI_016,1786
PIOZZI_017,z Piozzi,1780-1800,HPIOZZI,Hester Lynch,Piozzi nï¿½e Thrale nï¿½e Salusbury,F,Gentry Lower,GL,gentry lower: landed gentry,46.0,1741.0,40-49,London,N,Private: Classical,http://www.oxforddnb.com/view/article/22309,LCHAPPELOW,Leonard,Chappelow,M,CL,CL,"clergy lower; reverend, classical scholar",,Other,friends; close,A,1787,N,N,N,,,333,"The Piozzi Letters. Correspondence of Hester Lynch Piozzi, 1784-1821. Vols. 1-2. Edited by Edward A. Bloom and Lillian D. Bloom. Newark: University of Delaware Press. 1989-1991.","I, 243",1780,1800,HPIOZZI,PIOZZI_017,1787
PIOZZI_018,z Piozzi,1780-1800,HPIOZZI,Hester Lynch,Piozzi nï¿½e Thrale nï¿½e Salusbury,F,Gentry Lower,GL,gentry lower: landed gentry,46.0,1741.0,40-49,London,N,Private: Classical,http://www.oxforddnb.com/view/article/22309,SBYRON,Sophia,Byron nï¿½e Trevannion,F,GL,GL,gentry lower,,Other,friends,A,1787,N,N,N,,,458,"The Piozzi Letters. Correspondence of Hester Lynch Piozzi, 1784-1821. Vols. 1-2. Edited by Edward A. Bloom and Lillian D. Bloom. Newark: University of Delaware Press. 1989-1991.","I, 245",1780,1800,HPIOZZI,PIOZZI_018,1787
PIOZZI_022,z Piozzi,1780-1800,HPIOZZI,Hester Lynch,Piozzi nï¿½e Thrale nï¿½e Salusbury,F,Gentry Lower,GL,gentry lower: landed gentry,48.0,1741.0,40-49,London,N,Private: Classical,http://www.oxforddnb.com/view/article/22309,LCHAPPELOW,Leonard,Chappelow,M,CL,CL,"clergy lower; reverend, classical scholar",,Other,friends; close,A,1789,N,N,N,,,361,"The Piozzi Letters. Correspondence of Hester Lynch Piozzi, 1784-1821. Vols. 1-2. Edited by Edward A. Bloom and Lillian D. Bloom. Newark: University of Delaware Press. 1989-1991.","I, 305",1780,1800,HPIOZZI,PIOZZI_022,1789
PIOZZI_025,z Piozzi,1780-1800,HPIOZZI,Hester Lynch,Piozzi nï¿½e Thrale nï¿½e Salusbury,F,Gentry Lower,GL,gentry lower: landed gentry,48.0,1741.0,40-49,London,N,Private: Classical,http://www.oxforddnb.com/view/article/22309,SLYSONS,Samuel,Lysons,M,GL,GL,"gentry lower; lawyer, antiquary, talented illustrator and artist",http://www.oxforddnb.com/view/article/17298,Other,friends,A,1789,N,N,N,,,388,"The Piozzi Letters. Correspondence of Hester Lynch Piozzi, 1784-1821. Vols. 1-2. Edited by Edward A. Bloom and Lillian D. Bloom. Newark: University of Delaware Press. 1989-1991.","I, 328",1780,1800,HPIOZZI,PIOZZI_025,1789
PIOZZI_026,z Piozzi,1780-1800,HPIOZZI,Hester Lynch,Piozzi nï¿½e Thrale nï¿½e Salusbury,F,Gentry Lower,GL,gentry lower: landed gentry,48.0,1741.0,40-49,London,N,Private: Classical,http://www.oxforddnb.com/view/article/22309,LCHAPPELOW,Leonard,Chappelow,M,CL,CL,"clergy lower; reverend, classical scholar",,Other,friends; close,A,1789,N,N,N,,,575,"The Piozzi Letters. Correspondence of Hester Lynch Piozzi, 1784-1821. Vols. 1-2. Edited by Edward A. Bloom and Lillian D. Bloom. Newark: University of Delaware Press. 1989-1991.","I, 330",1780,1800,HPIOZZI,PIOZZI_026,1789
PIOZZI_027,z Piozzi,1780-1800,HPIOZZI,Hester Lynch,Piozzi nï¿½e Thrale nï¿½e Salusbury,F,Gentry Lower,GL,gentry lower: landed gentry,49.0,1741.0,40-49,London,N,Private: Classical,http://www.oxforddnb.com/view/article/22309,CLEWIS,Charlotte,Lewis nï¿½e Cotterell,F,GL,GL,gentry lower,,Other,friends,A,1790,N,N,N,,,514,"The Piozzi Letters. Correspondence of Hester Lynch Piozzi, 1784-1821. Vols. 1-2. Edited by Edward A. Bloom and Lillian D. Bloom. Newark: University of Delaware Press. 1989-1991.","I, 342",1780,1800,HPIOZZI,PIOZZI_027,1790
PIOZZI_028,z Piozzi,1780-1800,HPIOZZI,Hester Lynch,Piozzi nï¿½e Thrale nï¿½e Salusbury,F,Gentry Lower,GL,gentry lower: landed gentry,50.0,1741.0,50-59,London,N,Private: Classical,http://www.oxforddnb.com/view/article/22309,CLEWIS,Charlotte,Lewis nï¿½e Cotterell,F,GL,GL,gentry lower,,Other,friends,A,1791,N,N,N,,,349,"The Piozzi Letters. Correspondence of Hester Lynch Piozzi, 1784-1821. Vols. 1-2. Edited by Edward A. Bloom and Lillian D. Bloom. Newark: University of Delaware Press. 1989-1991.","I, 351",1780,1800,HPIOZZI,PIOZZI_028,1791
PIOZZI_029,z Piozzi,1780-1800,HPIOZZI,Hester Lynch,Piozzi nï¿½e Thrale nï¿½e Salusbury,F,Gentry Lower,GL,gentry lower: landed gentry,50.0,1741.0,50-59,London,N,Private: Classical,http://www.oxforddnb.com/view/article/22309,CLEWIS,Charlotte,Lewis nï¿½e Cotterell,F,GL,GL,gentry lower,,Other,friends,A,1791,N,N,N,,,430,"The Piozzi Letters. Correspondence of Hester Lynch Piozzi, 1784-1821. Vols. 1-2. Edited by Edward A. Bloom and Lillian D. Bloom. Newark: University of Delaware Press. 1989-1991.","I, 352",1780,1800,HPIOZZI,PIOZZI_029,1791
PIOZZI_033,z Piozzi,1780-1800,HPIOZZI,Hester Lynch,Piozzi nï¿½e Thrale nï¿½e Salusbury,F,Gentry Lower,GL,gentry lower: landed gentry,51.0,1741.0,50-59,London,N,Private: Classical,http://www.oxforddnb.com/view/article/22309,JDRUMMOND2,James,Drummond,M,P,P,clerk,,Other,Hester Lynch Piozzi detested James Drummond,A,1792,N,N,N,,,499,"The Piozzi Letters. Correspondence of Hester Lynch Piozzi, 1784-1821. Vols. 1-2. Edited by Edward A. Bloom and Lillian D. Bloom. Newark: University of Delaware Press. 1989-1991.","II, 53",1780,1800,HPIOZZI,PIOZZI_033,1792
PIOZZI_035,z Piozzi,1780-1800,HPIOZZI,Hester Lynch,Piozzi nï¿½e Thrale nï¿½e Salusbury,F,Gentry Lower,GL,gentry lower: landed gentry,51.0,1741.0,50-59,London,N,Private: Classical,http://www.oxforddnb.com/view/article/22309,CLEWIS,Charlotte,Lewis nï¿½e Cotterell,F,GL,GL,gentry lower,,Other,friends,A,1792,N,N,N,,,583,"The Piozzi Letters. Correspondence of Hester Lynch Piozzi, 1784-1821. Vols. 1-2. Edited by Edward A. Bloom and Lillian D. Bloom. Newark: University of Delaware Press. 1989-1991.","II, 58",1780,1800,HPIOZZI,PIOZZI_035,1792
PIOZZI_040,z Piozzi,1780-1800,HPIOZZI,Hester Lynch,Piozzi nï¿½e Thrale nï¿½e Salusbury,F,Gentry Lower,GL,gentry lower: landed gentry,52.0,1741.0,50-59,London,N,Private: Classical,http://www.oxforddnb.com/view/article/22309,PWESTON,Penelope Sophia,Weston (later Pennington),F,GL,GL,gentry lower; governess,,Other,friends,A,1793,N,N,N,,,844,"The Piozzi Letters. Correspondence of Hester Lynch Piozzi, 1784-1821. Vols. 1-2. Edited by Edward A. Bloom and Lillian D. Bloom. Newark: University of Delaware Press. 1989-1991.","II, 121",1780,1800,HPIOZZI,PIOZZI_040,1793
PIOZZI_041,z Piozzi,1780-1800,HPIOZZI,Hester Lynch,Piozzi nï¿½e Thrale nï¿½e Salusbury,F,Gentry Lower,GL,gentry lower: landed gentry,52.0,1741.0,50-59,London,N,Private: Classical,http://www.oxforddnb.com/view/article/22309,HMTHRALE,"Hester Maria ""Queeney""",Thrale,F,GL,GL,gentry lower,http://www.oxforddnb.com/view/article/8743,Family: Nuclear,mother - daughter; somewhat chilly,A,1793,N,N,N,,,848,"The Piozzi Letters. Correspondence of Hester Lynch Piozzi, 1784-1821. Vols. 1-2. Edited by Edward A. Bloom and Lillian D. Bloom. Newark: University of Delaware Press. 1989-1991.","II, 133",1780,1800,HPIOZZI,PIOZZI_041,1793
PIOZZI_044,z Piozzi,1780-1800,HPIOZZI,Hester Lynch,Piozzi nï¿½e Thrale nï¿½e Salusbury,F,Gentry Lower,GL,gentry lower: landed gentry,53.0,1741.0,50-59,London,N,Private: Classical,http://www.oxforddnb.com/view/article/22309,HMTHRALE,"Hester Maria ""Queeney""",Thrale,F,GL,GL,gentry lower,http://www.oxforddnb.com/view/article/8743,Family: Nuclear,mother - daughter; somewhat chilly,A,1794,N,N,N,,,626,"The Piozzi Letters. Correspondence of Hester Lynch Piozzi, 1784-1821. Vols. 1-2. Edited by Edward A. Bloom and Lillian D. Bloom. Newark: University of Delaware Press. 1989-1991.","II, 168",1780,1800,HPIOZZI,PIOZZI_044,1794
PIOZZI_045,z Piozzi,1780-1800,HPIOZZI,Hester Lynch,Piozzi nï¿½e Thrale nï¿½e Salusbury,F,Gentry Lower,GL,gentry lower: landed gentry,53.0,1741.0,50-59,London,N,Private: Classical,http://www.oxforddnb.com/view/article/22309,HMTHRALE,"Hester Maria ""Queeney""",Thrale,F,GL,GL,gentry lower,http://www.oxforddnb.com/view/article/8743,Family: Nuclear,mother - daughter; somewhat chilly,A,1794,N,N,N,,,687,"The Piozzi Letters. Correspondence of Hester Lynch Piozzi, 1784-1821. Vols. 1-2. Edited by Edward A. Bloom and Lillian D. Bloom. Newark: University of Delaware Press. 1989-1991.","II, 192",1780,1800,HPIOZZI,PIOZZI_045,1794
PIOZZI_046,z Piozzi,1780-1800,HPIOZZI,Hester Lynch,Piozzi nï¿½e Thrale nï¿½e Salusbury,F,Gentry Lower,GL,gentry lower: landed gentry,53.0,1741.0,50-59,London,N,Private: Classical,http://www.oxforddnb.com/view/article/22309,LCHAPPELOW,Leonard,Chappelow,M,CL,CL,"clergy lower; reverend, classical scholar",,Other,friends; close,A,1794,N,N,N,,,453,"The Piozzi Letters. Correspondence of Hester Lynch Piozzi, 1784-1821. Vols. 1-2. Edited by Edward A. Bloom and Lillian D. Bloom. Newark: University of Delaware Press. 1989-1991.","II, 194",1780,1800,HPIOZZI,PIOZZI_046,1794
PIOZZI_047,z Piozzi,1780-1800,HPIOZZI,Hester Lynch,Piozzi nï¿½e Thrale nï¿½e Salusbury,F,Gentry Lower,GL,gentry lower: landed gentry,53.0,1741.0,50-59,London,N,Private: Classical,http://www.oxforddnb.com/view/article/22309,SLYSONS,Samuel,Lysons,M,GL,GL,"gentry lower; lawyer, antiquary, talented illustrator and artist",http://www.oxforddnb.com/view/article/17298,Other,friends,A,1794,N,N,N,,,358,"The Piozzi Letters. Correspondence of Hester Lynch Piozzi, 1784-1821. Vols. 1-2. Edited by Edward A. Bloom and Lillian D. Bloom. Newark: University of Delaware Press. 1989-1991.","II, 201",1780,1800,HPIOZZI,PIOZZI_047,1794
PIOZZI_048,z Piozzi,1780-1800,HPIOZZI,Hester Lynch,Piozzi nï¿½e Thrale nï¿½e Salusbury,F,Gentry Lower,GL,gentry lower: landed gentry,53.0,1741.0,50-59,London,N,Private: Classical,http://www.oxforddnb.com/view/article/22309,HMTHRALE,"Hester Maria ""Queeney""",Thrale,F,GL,GL,gentry lower,http://www.oxforddnb.com/view/article/8743,Family: Nuclear,mother - daughter; somewhat chilly,A,1794,N,N,N,,,916,"The Piozzi Letters. Correspondence of Hester Lynch Piozzi, 1784-1821. Vols. 1-2. Edited by Edward A. Bloom and Lillian D. Bloom. Newark: University of Delaware Press. 1989-1991.","II, 217",1780,1800,HPIOZZI,PIOZZI_048,1794
PIOZZI_049,z Piozzi,1780-1800,HPIOZZI,Hester Lynch,Piozzi nï¿½e Thrale nï¿½e Salusbury,F,Gentry Lower,GL,gentry lower: landed gentry,54.0,1741.0,50-59,London,N,Private: Classical,http://www.oxforddnb.com/view/article/22309,SLYSONS,Samuel,Lysons,M,GL,GL,"gentry lower; lawyer, antiquary, talented illustrator and artist",http://www.oxforddnb.com/view/article/17298,Other,friends,A,1795,N,N,N,,,532,"The Piozzi Letters. Correspondence of Hester Lynch Piozzi, 1784-1821. Vols. 1-2. Edited by Edward A. Bloom and Lillian D. Bloom. Newark: University of Delaware Press. 1989-1991.","II, 247",1780,1800,HPIOZZI,PIOZZI_049,1795
PIOZZI_050,z Piozzi,1780-1800,HPIOZZI,Hester Lynch,Piozzi nï¿½e Thrale nï¿½e Salusbury,F,Gentry Lower,GL,gentry lower: landed gentry,54.0,1741.0,50-59,London,N,Private: Classical,http://www.oxforddnb.com/view/article/22309,LCHAPPELOW,Leonard,Chappelow,M,CL,CL,"clergy lower; reverend, classical scholar",,Other,friends; close,A,1795,N,N,N,,,452,"The Piozzi Letters. Correspondence of Hester Lynch Piozzi, 1784-1821. Vols. 1-2. Edited by Edward A. Bloom and Lillian D. Bloom. Newark: University of Delaware Press. 1989-1991.","II, 252",1780,1800,HPIOZZI,PIOZZI_050,1795
PIOZZI_052,z Piozzi,1780-1800,HPIOZZI,Hester Lynch,Piozzi nï¿½e Thrale nï¿½e Salusbury,F,Gentry Lower,GL,gentry lower: landed gentry,54.0,1741.0,50-59,London,N,Private: Classical,http://www.oxforddnb.com/view/article/22309,RRAY,Robert,Ray,M,P,P,professional; lawyer,,Other,Robert Ray took care of Hester Lynch Piozzi's legal issues,A,1795,N,N,N,,,357,"The Piozzi Letters. Correspondence of Hester Lynch Piozzi, 1784-1821. Vols. 1-2. Edited by Edward A. Bloom and Lillian D. Bloom. Newark: University of Delaware Press. 1989-1991.","II, 262",1780,1800,HPIOZZI,PIOZZI_052,1795
PIOZZI_053,z Piozzi,1780-1800,HPIOZZI,Hester Lynch,Piozzi nï¿½e Thrale nï¿½e Salusbury,F,Gentry Lower,GL,gentry lower: landed gentry,54.0,1741.0,50-59,London,N,Private: Classical,http://www.oxforddnb.com/view/article/22309,JMOSTYN,John Meredith,Mostyn,M,GL,GL,gentry lower?,,Family: Other,"mother-in-law  son-in-law; at first on relatively good terms, later ""at war""",C,1795,N,N,N,a copy!,,523,"The Piozzi Letters. Correspondence of Hester Lynch Piozzi, 1784-1821. Vols. 1-2. Edited by Edward A. Bloom and Lillian D. Bloom. Newark: University of Delaware Press. 1989-1991.","II, 268",1780,1800,HPIOZZI,PIOZZI_053,1795
PIOZZI_054,z Piozzi,1780-1800,HPIOZZI,Hester Lynch,Piozzi nï¿½e Thrale nï¿½e Salusbury,F,Gentry Lower,GL,gentry lower: landed gentry,54.0,1741.0,50-59,London,N,Private: Classical,http://www.oxforddnb.com/view/article/22309,LCHAPPELOW,Leonard,Chappelow,M,CL,CL,"clergy lower; reverend, classical scholar",,Other,friends; close,A,1795,N,N,N,,,493,"The Piozzi Letters. Correspondence of Hester Lynch Piozzi, 1784-1821. Vols. 1-2. Edited by Edward A. Bloom and Lillian D. Bloom. Newark: University of Delaware Press. 1989-1991.","II, 272",1780,1800,HPIOZZI,PIOZZI_054,1795
PIOZZI_055,z Piozzi,1780-1800,HPIOZZI,Hester Lynch,Piozzi nï¿½e Thrale nï¿½e Salusbury,F,Gentry Lower,GL,gentry lower: landed gentry,54.0,1741.0,50-59,London,N,Private: Classical,http://www.oxforddnb.com/view/article/22309,HMTHRALE,"Hester Maria ""Queeney""",Thrale,F,GL,GL,gentry lower,http://www.oxforddnb.com/view/article/8743,Family: Nuclear,mother - daughter; somewhat chilly,A,1795,N,N,N,,,666,"The Piozzi Letters. Correspondence of Hester Lynch Piozzi, 1784-1821. Vols. 1-2. Edited by Edward A. Bloom and Lillian D. Bloom. Newark: University of Delaware Press. 1989-1991.","II, 280",1780,1800,HPIOZZI,PIOZZI_055,1795
PIOZZI_057,z Piozzi,1780-1800,HPIOZZI,Hester Lynch,Piozzi nï¿½e Thrale nï¿½e Salusbury,F,Gentry Lower,GL,gentry lower: landed gentry,55.0,1741.0,50-59,London,N,Private: Classical,http://www.oxforddnb.com/view/article/22309,HMTHRALE,"Hester Maria ""Queeney""",Thrale,F,GL,GL,gentry lower,http://www.oxforddnb.com/view/article/8743,Family: Nuclear,mother - daughter; somewhat chilly,A,1796,N,N,N,,,736,"The Piozzi Letters. Correspondence of Hester Lynch Piozzi, 1784-1821. Vols. 1-2. Edited by Edward A. Bloom and Lillian D. Bloom. Newark: University of Delaware Press. 1989-1991.","II, 359",1780,1800,HPIOZZI,PIOZZI_057,1796
PIOZZI_059,z Piozzi,1780-1800,HPIOZZI,Hester Lynch,Piozzi nï¿½e Thrale nï¿½e Salusbury,F,Gentry Lower,GL,gentry lower: landed gentry,55.0,1741.0,50-59,London,N,Private: Classical,http://www.oxforddnb.com/view/article/22309,HMTHRALE,"Hester Maria ""Queeney""",Thrale,F,GL,GL,gentry lower,http://www.oxforddnb.com/view/article/8743,Family: Nuclear,mother - daughter; somewhat chilly,A,1796,N,N,N,,,1172,"The Piozzi Letters. Correspondence of Hester Lynch Piozzi, 1784-1821. Vols. 1-2. Edited by Edward A. Bloom and Lillian D. Bloom. Newark: University of Delaware Press. 1989-1991.","II, 391",1780,1800,HPIOZZI,PIOZZI_059,1796
PIOZZI_060,z Piozzi,1780-1800,HPIOZZI,Hester Lynch,Piozzi nï¿½e Thrale nï¿½e Salusbury,F,Gentry Lower,GL,gentry lower: landed gentry,55.0,1741.0,50-59,London,N,Private: Classical,http://www.oxforddnb.com/view/article/22309,LCHAPPELOW,Leonard,Chappelow,M,CL,CL,"clergy lower; reverend, classical scholar",,Other,friends; close,A,1796,N,N,N,,,821,"The Piozzi Letters. Correspondence of Hester Lynch Piozzi, 1784-1821. Vols. 1-2. Edited by Edward A. Bloom and Lillian D. Bloom. Newark: University of Delaware Press. 1989-1991.","II, 394",1780,1800,HPIOZZI,PIOZZI_060,1796
PIOZZI_061,z Piozzi,1780-1800,HPIOZZI,Hester Lynch,Piozzi nï¿½e Thrale nï¿½e Salusbury,F,Gentry Lower,GL,gentry lower: landed gentry,55.0,1741.0,50-59,London,N,Private: Classical,http://www.oxforddnb.com/view/article/22309,HMTHRALE,"Hester Maria ""Queeney""",Thrale,F,GL,GL,gentry lower,http://www.oxforddnb.com/view/article/8743,Family: Nuclear,mother - daughter; somewhat chilly,A,1796,N,N,N,,,1102,"The Piozzi Letters. Correspondence of Hester Lynch Piozzi, 1784-1821. Vols. 1-2. Edited by Edward A. Bloom and Lillian D. Bloom. Newark: University of Delaware Press. 1989-1991.","II, 401",1780,1800,HPIOZZI,PIOZZI_061,1796
PIOZZI_063,z Piozzi,1780-1800,HPIOZZI,Hester Lynch,Piozzi nï¿½e Thrale nï¿½e Salusbury,F,Gentry Lower,GL,gentry lower: landed gentry,56.0,1741.0,50-59,London,N,Private: Classical,http://www.oxforddnb.com/view/article/22309,RRAY,Robert,Ray,M,P,P,professional; lawyer,,Other,Robert Ray took care of Hester Lynch Piozzi's legal issues,A,1797,N,N,N,,,493,"The Piozzi Letters. Correspondence of Hester Lynch Piozzi, 1784-1821. Vols. 1-2. Edited by Edward A. Bloom and Lillian D. Bloom. Newark: University of Delaware Press. 1989-1991.","II, 439",1780,1800,HPIOZZI,PIOZZI_063,1797
PIOZZI_065,z Piozzi,1780-1800,HPIOZZI,Hester Lynch,Piozzi nï¿½e Thrale nï¿½e Salusbury,F,Gentry Lower,GL,gentry lower: landed gentry,57.0,1741.0,50-59,London,N,Private: Classical,http://www.oxforddnb.com/view/article/22309,RRAY,Robert,Ray,M,P,P,professional; lawyer,,Other,Robert Ray took care of Hester Lynch Piozzi's legal issues,A,1798,N,N,N,,,577,"The Piozzi Letters. Correspondence of Hester Lynch Piozzi, 1784-1821. Vols. 1-2. Edited by Edward A. Bloom and Lillian D. Bloom. Newark: University of Delaware Press. 1989-1991.","II, 462",1780,1800,HPIOZZI,PIOZZI_065,1798
PIOZZI_066,z Piozzi,1780-1800,HPIOZZI,Hester Lynch,Piozzi nï¿½e Thrale nï¿½e Salusbury,F,Gentry Lower,GL,gentry lower: landed gentry,57.0,1741.0,50-59,London,N,Private: Classical,http://www.oxforddnb.com/view/article/22309,PWESTON,Penelope Sophia,Weston (later Pennington),F,GL,GL,gentry lower; governess,,Other,friends,A,1798,N,N,N,,,1272,"The Piozzi Letters. Correspondence of Hester Lynch Piozzi, 1784-1821. Vols. 1-2. Edited by Edward A. Bloom and Lillian D. Bloom. Newark: University of Delaware Press. 1989-1991.","II, 466",1780,1800,HPIOZZI,PIOZZI_066,1798
PIOZZI_068,z Piozzi,1780-1800,HPIOZZI,Hester Lynch,Piozzi nï¿½e Thrale nï¿½e Salusbury,F,Gentry Lower,GL,gentry lower: landed gentry,57.0,1741.0,50-59,London,N,Private: Classical,http://www.oxforddnb.com/view/article/22309,HMTHRALE,"Hester Maria ""Queeney""",Thrale,F,GL,GL,gentry lower,http://www.oxforddnb.com/view/article/8743,Family: Nuclear,mother - daughter; somewhat chilly,A,1798,N,N,N,,,595,"The Piozzi Letters. Correspondence of Hester Lynch Piozzi, 1784-1821. Vols. 1-2. Edited by Edward A. Bloom and Lillian D. Bloom. Newark: University of Delaware Press. 1989-1991.","II, 523",1780,1800,HPIOZZI,PIOZZI_068,1798
PIOZZI_069,z Piozzi,1780-1800,HPIOZZI,Hester Lynch,Piozzi nï¿½e Thrale nï¿½e Salusbury,F,Gentry Lower,GL,gentry lower: landed gentry,57.0,1741.0,50-59,London,N,Private: Classical,http://www.oxforddnb.com/view/article/22309,JWESTON2,Jacob,Weston,M,O,O,non-gentry; steward of Streatham Park,,Other,employer - employee,A,1798,N,N,N,,,451,"The Piozzi Letters. Correspondence of Hester Lynch Piozzi, 1784-1821. Vols. 1-2. Edited by Edward A. Bloom and Lillian D. Bloom. Newark: University of Delaware Press. 1989-1991.","II, 541",1780,1800,HPIOZZI,PIOZZI_069,1798
